id,english,current_ru,suggested_edit,note
1,"dev-fact-value"">Completion Q4 2027 - Q1 2028<","dev-fact-value"">Сдача 4 кв. 2027 - 1 кв. 2028<",,
2,"dev-fact-value"">Completion to be confirmed<","dev-fact-value"">Срок сдачи уточняется<",,
3,"dev-fact-value"">Completion Q2 2029<","dev-fact-value"">Сдача 2 кв. 2029<",,
4,"dev-fact-value"">Completion Q4 2027<","dev-fact-value"">Сдача 4 кв. 2027<",,
5,"dev-fact-value"">Completion Q3 2027<","dev-fact-value"">Сдача 3 кв. 2027<",,
6,"dev-fact-value"">Completion Q1 2029<","dev-fact-value"">Сдача 1 кв. 2029<",,
7,"dev-fact-value"">Completion Q3 2029<","dev-fact-value"">Сдача 3 кв. 2029<",,
8,"What is an NIE number and do I need one?","Что такое номер NIE и нужен ли он мне?",,
9,"An NIE (Numero de Identificacion de Extranjero) is a tax ID number required for any property purchase in Spain by a non-Spanish national. Nueva Living can guide you through obtaining one before you reserve.","NIE (Numero de Identificacion de Extranjero) — это налоговый идентификационный номер, необходимый для покупки недвижимости в Испании гражданином другой страны. Nueva Living поможет вам получить его перед бронированием.",,
10,"What costs should I budget for on top of the purchase price?","Какие расходы стоит заложить сверх стоимости покупки?",,
11,"Buyers typically budget for transfer tax or VAT, notary fees, land registry fees and legal fees on top of the purchase price. Nueva Living provides a full, current cost breakdown for your chosen residence before you reserve.","Помимо стоимости покупки, покупателям обычно следует заложить налог на переход права собственности или НДС, нотариальные расходы, регистрационные сборы и юридические услуги. Nueva Living предоставит полную и актуальную разбивку расходов перед бронированием.",,
12,"Can I get a mortgage in Spain as a non-resident?","Могу ли я получить ипотеку в Испании, будучи нерезидентом?",,
13,"Many Spanish banks offer mortgages to non-resident buyers, typically financing a portion of the purchase price. Exact terms depend on the bank and your personal financial profile.","Многие испанские банки предлагают ипотеку нерезидентам, обычно финансируя часть стоимости покупки. Точные условия зависят от банка и вашего личного финансового профиля.",,
14,"Off-plan means the development is still under construction and is usually sold with staged payments through to completion. A completed property is ready to view and move into now.","Покупка на стадии проекта означает, что проект ещё строится и обычно продаётся с поэтапными платежами до сдачи. Готовая недвижимость доступна для просмотра и заселения уже сейчас.",,
15,"How does the reservation and payment process work?","Как проходит процесс бронирования и оплаты?",,
16,"Reservation and payment structures vary by development and are set out in full before you reserve. Nueva Living reconfirms the current schedule for your chosen residence at every step.","Условия бронирования и оплаты зависят от конкретного проекта и подробно разъясняются перед бронированием. Nueva Living подтверждает актуальный график для выбранной вами резиденции на каждом этапе.",,
17,"Do I need a lawyer?","Нужен ли мне юрист?",,
18,"Yes, we strongly recommend independent legal representation for any property purchase in Spain. Nueva Living can put you in touch with independent lawyers experienced in Costa del Sol property.","Да, мы настоятельно рекомендуем независимое юридическое сопровождение при любой покупке недвижимости в Испании. Nueva Living может связать вас с независимыми юристами, специализирующимися на недвижимости Коста-дель-Соль.",,
19,"A sea-view render can make almost any development look perfect. We look past the presentation: the exact setting, the developer, the payment terms, the compromises and whether the property will still suit you years from now.","Визуализация с видом на море может сделать почти любой проект идеальным на вид. Мы смотрим глубже презентации: точное расположение, застройщика, условия оплаты, компромиссы и то, будет ли эта недвижимость подходить вам и через несколько лет.",,
20,"From your brief and viewings to negotiation and handover, we keep the moving parts together and coordinate with your independent lawyer.","От формирования запроса и просмотров до переговоров и передачи ключей — мы удерживаем все части процесса вместе и координируем работу с вашим независимым юристом.",,
21,"From first enquiry to reservation","От первого обращения до резервации",,
22,"We arrange viewings, share the project documents and explain the reservation process.","Мы организуем просмотры, предоставляем документацию по проекту и объясняем процесс резервации.",,
23,"We help you check the location, developer, finishes, payment plan and future resale appeal before you choose a home.","Мы помогаем вам проверить расположение, застройщика, отделку, план платежей и перспективы будущей перепродажи, прежде чем выбрать дом.",,
24,"We compare prices, orientation, amenities, completion dates and nearby alternatives side by side.","Мы сравниваем цены, ориентацию, удобства, сроки сдачи и близлежащие альтернативы бок о бок.",,
25,"We organise project documents, viewings, reservation details and an introduction to an independent lawyer.","Мы организуем документацию по проекту, просмотры, детали резервирования и знакомство с независимым юристом.",,
26,"We only flag urgency when availability, pricing or a reservation deadline genuinely changes.","Мы сообщаем о срочности только тогда, когда действительно меняются наличие, цена или срок резервации.",,
27,"A genuine share of our commission, not a flat finder's fee.","Настоящая доля от нашей комиссии, а не фиксированное вознаграждение за контакт.",,
28,"How buying off-plan and buying a completed resale home actually compare on the Costa del Sol, across price, risk, payment terms and appreciation.","Чем на самом деле отличаются покупка на стадии проекта и покупка готового жилья на вторичном рынке Коста-дель-Соль: цена, риск, условия оплаты и рост стоимости.",,
29,"Bank Guarantees on Off-Plan Property · 2026 Guide","Банковские гарантии при покупке на стадии проекта · Руководство 2026",,
30,"New-Build Purchase Costs in Andalucia · 2026 Guide","Расходы на покупку новостройки в Андалусии · Руководство 2026",,
31,"What the areas cost","Сколько стоят районы",,
32,"New-build and off-plan purchases follow a different sequence from a resale purchase: staged payments, a private purchase contract, and a developer's construction timeline rather than an immediate move-in date. Seven steps, start to finish.","Покупка новостройки и объекта на стадии строительства проходит иначе, чем покупка вторичного жилья: поэтапные платежи, частный договор купли-продажи и график строительства застройщика вместо немедленного заселения. Семь шагов от начала до конца.",,
33,"Steps, Reservation to Keys","Шагов от резервирования до ключей",,
34,"People Involved: You, Nueva Living, Your Lawyer","Участника: вы, Nueva Living, ваш юрист",,
35,"Weeks, Reservation to Contract","Недель от резервирования до контракта",,
36,"Off-plan usually means a lower entry price and payments staged over the build period, at the cost of waiting. A completed home costs more upfront but you can see and move into it now. See our full off-plan vs resale comparison for the detail.","Покупка на стадии строительства обычно означает более низкую цену входа и поэтапные платежи в течение периода строительства — ценой ожидания. Готовое жильё стоит дороже сразу, но вы можете увидеть его и въехать уже сейчас. Подробности смотрите в нашем полном сравнении покупки на стадии строительства и вторичного жилья .",,
37,"A reservation takes the specific residence off the market while your private purchase contract is prepared, typically within two to four weeks.","Резервирование снимает конкретное жильё с продажи на время подготовки вашего частного договора купли-продажи, обычно в течение двух-четырёх недель.",,
38,"Pay the reservation amount, which is later credited against the purchase price.","Внесите сумму резервирования, которая впоследствии будет зачтена в счёт цены покупки.",,
39,"Confirms the reservation terms and what happens to the amount if you do not proceed.","Подтверждает условия резервирования и то, что произойдёт с суммой, если вы не продолжите сделку.",,
40,"Good to know: how much is the reservation?","Полезно знать: сколько стоит резервирование?",,
41,"It varies by developer and project, from a few thousand euros up to around 1% of the price on some developments. A reservation is not the point of no return, but it is a real commitment -- confirm the terms before you pay it.","Сумма варьируется в зависимости от застройщика и проекта -- от нескольких тысяч евро до примерно 1% от цены в некоторых комплексах. Резервирование -- это не точка невозврата, но реальное обязательство -- уточните условия, прежде чем платить.",,
42,"Sign the Private Purchase Contract","Подпишите частный договор купли-продажи",,
43,"The binding agreement setting out price, payment schedule, specification and delivery terms. You will need an NIE before or shortly after this stage.","Обязывающее соглашение, определяющее цену, график платежей, спецификацию и условия передачи. NIE потребуется до или вскоре после этого этапа.",,
44,"Obtain your NIE if you do not already have one, and review the contract.","Получите NIE, если у вас его ещё нет, и изучите договор.",,
45,"What Your Lawyer Does","Что делает ваш юрист",,
46,"Reviews the contract terms and confirms the bank guarantee before you sign.","Проверяет условия договора и подтверждает банковскую гарантию до подписания.",,
47,"For off-plan purchases, payments from this point are usually staged across construction milestones. Spanish law requires developers to bank-guarantee off-plan payments made before completion, so staged payments are protected if the development is not delivered -- confirming that guarantee is in place is one of the checks your lawyer carries out.","При покупках на стадии строительства платежи с этого момента обычно распределяются по этапам строительства. Испанское законодательство требует, чтобы застройщики предоставляли банковскую гарантию на платежи, внесённые до завершения строительства на стадии проекта, поэтому поэтапные платежи защищены, если объект не будет сдан -- проверка наличия этой гарантии -- одна из задач вашего юриста.",,
48,"Legal Checks and Independent Representation","Юридическая проверка и независимое представительство",,
49,"We strongly recommend independent legal representation -- a lawyer acting for you, not the developer or the selling agency.","Мы настоятельно рекомендуем независимое юридическое представительство -- юриста, работающего в ваших интересах, а не в интересах застройщика или агентства продаж.",,
50,"Instruct an independent lawyer before signing anything binding.","Наймите независимого юриста, прежде чем подписывать что-либо обязывающее.",,
51,"Checks the developer's registration and track record, the building licence, land registry status and the bank guarantee.","Проверяет регистрацию и репутацию застройщика, разрешение на строительство, статус в земельном реестре и банковскую гарантию.",,
52,"Many non-resident buyers arrange a mortgage at this stage. Spanish banks do lend to non-residents, usually financing a portion of the price, though exact terms depend on the bank and your financial profile.","Многие покупатели-нерезиденты оформляют ипотеку именно на этом этапе. Испанские банки действительно кредитуют нерезидентов, обычно финансируя часть стоимости, хотя точные условия зависят от банка и вашего финансового профиля.",,
53,"Completion and Handover","Завершение сделки и передача",,
54,"Completion happens at the notary, where the final balance is paid and the deed of sale is signed and registered in your name.","Завершение сделки происходит у нотариуса, где выплачивается окончательный остаток, подписывается и регистрируется на ваше имя нотариальный акт купли-продажи.",,
55,"Pay the final balance and sign at the notary.","Оплатите окончательный остаток и подпишите документы у нотариуса.",,
56,"Confirms the deed of sale and its registration.","Подтверждает нотариальный акт купли-продажи и его регистрацию.",,
57,"Good to know: warranties and ongoing costs","Полезно знать: гарантии и текущие расходы",,
58,"Spanish building law generally provides for a structural warranty, a shorter warranty on installations, and a one-year warranty on finishes. After completion, budgeting for ongoing costs such as community fees and annual property tax (IBI) becomes part of owning the home.","Испанское строительное законодательство, как правило, предусматривает гарантию на конструктив, более короткую гарантию на инженерные системы и годовую гарантию на отделку. После завершения сделки в число обязанностей владельца входит планирование текущих расходов, таких как взносы на содержание общего имущества и ежегодный налог на недвижимость (IBI).",,
59,"Apply for your NIE","Подайте заявление на NIE",,
60,"Select an independent lawyer","Выберите независимого юриста",,
61,"Consider a Spanish bank account","Рассмотрите открытие испанского банковского счёта",,
62,"NIE","NIE",,
63,"Numero de Identificacion de Extranjero -- a Spanish tax ID number required for any property purchase by a non-Spanish national.","Numero de Identificacion de Extranjero -- испанский налоговый идентификационный номер, необходимый для покупки недвижимости лицом, не являющимся гражданином Испании.",,
64,"Reservation Agreement","Договор резервирования",,
65,"The document and payment that takes a specific residence off the market while your private purchase contract is prepared.","Документ и платёж, снимающие конкретное жильё с продажи на время подготовки вашего частного договора купли-продажи.",,
66,"Private Purchase Contract","Частный договор купли-продажи",,
67,"Contrato de compraventa -- the binding agreement setting out price, payment schedule, specification and delivery terms.","Contrato de compraventa -- обязывающее соглашение, определяющее цену, график платежей, спецификацию и условия передачи.",,
68,"Bank Guarantee","Банковская гарантия",,
69,"Legally required protection for off-plan payments made before completion, covering you if the development is not delivered.","Юридически обязательная защита для платежей на стадии строительства, внесённых до завершения, покрывающая вас в случае несдачи объекта.",,
70,"Notary","Нотариус",,
71,"The public official before whom the final deed of sale is signed at completion.","Государственное должностное лицо, перед которым подписывается окончательный нотариальный акт купли-продажи при завершении сделки.",,
72,"The deed of sale signed at the notary and registered in your name at completion.","Нотариальный акт купли-продажи, подписанный у нотариуса и зарегистрированный на ваше имя при завершении сделки.",,
73,"Land Registry","Земельный реестр",,
74,"The official record of property ownership and charges, checked by your lawyer before you sign.","Официальный реестр права собственности и обременений, проверяемый вашим юристом перед подписанием.",,
75,"This guide is general information about the typical off-plan buying process on the Costa del Sol. It is not legal, tax or financial advice, and does not replace independent professional advice tailored to your situation.","Это руководство содержит общую информацию о типичном процессе покупки на стадии строительства на Коста-дель-Соль. Оно не является юридической, налоговой или финансовой консультацией и не заменяет независимую профессиональную консультацию с учётом вашей ситуации.",,
76,"Payment","Оплата",,
77,"Completion","Завершение сделки",,
78,"Staged: a reservation, a larger payment on signing the private purchase contract, further payments at construction milestones, and the balance on completion.","Поэтапная: бронирование, более крупный платёж при подписании частного договора купли-продажи, дальнейшие платежи на этапах строительства и остаток при завершении.",,
79,"Construction and delivery risk: the project could be delayed or, worst case, not completed. Payments made before completion are required by law to be bank-guaranteed.","Риск, связанный со строительством и сдачей объекта: проект может задержаться или, в худшем случае, не быть завершён. По закону платежи, внесённые до завершения строительства, должны быть обеспечены банковской гарантией.",,
80,"Buying early sometimes means a genuine say in finishes -- flooring, kitchen options, occasionally layout -- depending how far along construction is. That window closes near completion.","Ранняя покупка иногда даёт реальную возможность влиять на отделку — полы, варианты кухни, иногда планировку — в зависимости от стадии строительства. Это окно возможностей закрывается ближе к завершению.",,
81,"The case is buying below completed-market price and the value closing that gap by delivery. This depends on the specific project and area performing as expected -- it is not a guarantee.","Идея в том, чтобы купить ниже рыночной цены готового жилья, а стоимость сократит этот разрыв к моменту сдачи. Это зависит от того, оправдает ли конкретный проект и район ожидания — гарантий здесь нет.",,
82,"Completion depends on the developer obtaining the first occupation license and certificate of completion before the deed can be signed at the notary. Your lawyer confirms these are in place before you complete.","Завершение сделки зависит от получения застройщиком разрешения на ввод в эксплуатацию и акта о завершении строительства, прежде чем документ можно будет подписать у нотариуса. Ваш юрист подтверждает наличие этих документов перед завершением сделки.",,
83,"Costs more upfront, but you are paying for a known quantity: the actual finish, the actual view, the actual noise level, none of which you can fully judge from a floorplan and a render.","Стоит дороже сразу, но вы платите за известную величину: реальную отделку, реальный вид, реальный уровень шума — всё то, что невозможно в полной мере оценить по планировке и рендеру.",,
84,"Simpler: reserve, sign, pay the balance, usually within 30 to 60 days. No construction-linked schedule, and no way to spread the cost over time.","Проще: бронирование, подписание, оплата остатка, обычно в течение 30–60 дней. Нет графика, привязанного к строительству, и нет возможности растянуть оплату во времени.",,
85,"Can generate rental income or be lived in immediately after completion, with no construction timeline in the way.","Может приносить арендный доход или использоваться для проживания сразу после завершения сделки, без препятствий в виде графика строительства.",,
86,"Already issued and checkable: your lawyer verifies the existing title, license history and any charges on the property at the Land Registry before you sign.","Уже выданы и проверяемы: ваш юрист проверяет существующий правоустанавливающий документ, историю разрешений и любые обременения на объект в Земельном реестре перед подписанием.",,
87,"Does the bank guarantee cover everything I pay?","Покрывает ли банковская гарантия все мои платежи?",,
88,"It covers payments made ahead of completion specifically. The exact scope and validity of the guarantee for a given project is something to confirm in writing before signing, not something to assume.","Она покрывает именно платежи, внесённые до завершения строительства. Точный объём и действительность гарантии для конкретного проекта нужно подтвердить письменно перед подписанием, а не принимать как данность.",,
89,"Off-plan tends to suit buyers who do not need the property immediately, want to spread payments over time, and are comfortable with construction-stage risk in exchange for a lower entry price and, in some cases, a say in the finish.","Покупка строящегося жилья обычно подходит покупателям, которым объект не нужен немедленно, кто хочет растянуть платежи во времени и готов принять риск на этапе строительства в обмен на более низкую начальную цену и, в некоторых случаях, возможность повлиять на отделку.",,
90,"A completed home tends to suit buyers who want to move in, rent out, or simply see exactly what they are buying without waiting or without taking on delivery risk -- often at a higher upfront cost for that certainty.","Готовое жильё обычно подходит покупателям, которые хотят въехать, сдавать в аренду или просто точно видеть, что они покупают, без ожидания и без риска задержки сдачи — часто за более высокую первоначальную цену ради этой определённости.",,
91,"Private Purchase Contract Contrato de compraventa -- the binding agreement setting out price, payment schedule, specification and delivery terms, signed after reservation.","Частный договор купли-продажи Contrato de compraventa — обязывающее соглашение, определяющее цену, график платежей, спецификацию и условия сдачи объекта, подписываемое после бронирования.",,
92,"Bank Guarantee Legally required protection for off-plan payments made before completion, covering you if the development is not delivered.","Банковская гарантия Обязательная по закону защита платежей за строящееся жильё, внесённых до завершения строительства, покрывающая вас в случае, если объект не будет сдан.",,
93,"First Occupation License Licencia de primera ocupacion -- the official confirmation a newly built home is fit to be lived in, required before completion.","Разрешение на ввод в эксплуатацию Licencia de primera ocupación — официальное подтверждение того, что новое жильё пригодно для проживания, требуется перед завершением сделки.",,
94,"Escritura The deed of sale signed at the notary and registered in your name at completion.","Escritura Акт купли-продажи, подписанный у нотариуса и зарегистрированный на ваше имя при завершении сделки.",,
95,"This guide is general information to help you compare off-plan and resale purchases on the Costa del Sol. It is not legal, tax or financial advice, and does not replace independent professional advice tailored to your situation.","Это руководство содержит общую информацию, которая поможет вам сравнить покупку строящегося и вторичного жилья на Коста-дель-Соль. Оно не является юридической, налоговой или финансовой консультацией и не заменяет независимую профессиональную консультацию, учитывающую вашу конкретную ситуацию.",,
96,"What does it cost to use Nueva Living?","Сколько стоят услуги Nueva Living?",,
97,"Yes. What we add is the comparison: the availability list as the seller issued it, the purchase costs on top of the asking price, and the checks worth making before you reserve.","Да. Мы добавляем сравнение: список доступных вариантов в том виде, в каком его выпустил продавец, расходы на покупку сверх заявленной цены и проверки, которые стоит сделать до бронирования.",,
98,"Whether it changes what we show you is not something we can settle by claiming otherwise. Read a project page instead: the empty cells where a seller gave us no figure, the purchase costs added on top of the asking price, the two sources printed side by side when they disagree. That is the evidence, and it is the same on every development we publish.","Меняет ли это то, что мы вам показываем, нельзя решить, просто заявив обратное. Лучше прочитайте страницу проекта: пустые ячейки там, где продавец не дал нам цифры, расходы на покупку поверх запрашиваемой цены, два источника рядом, когда они расходятся. Вот доказательство, и оно одинаково в каждом комплексе, который мы публикуем.",,
99,"Whether the building licence is granted, whether your payments sit behind a bank guarantee, and whether the completion date is contractual or merely indicative.","Выдано ли разрешение на строительство, обеспечены ли ваши платежи банковской гарантией и является ли срок сдачи договорным или лишь ориентировочным.",,
100,"Including the parts that cost you money. Where tax adds six figures to the asking price, that is on the page and not left for the notary to mention.","В том числе то, что стоит вам денег. Если налоги добавляют к цене шестизначную сумму, это указано на странице, а не оставлено нотариусу.",,
101,"Enquiry details may be processed in Nueva Living's customer relationship management system and shared with developers, legal advisers or other service providers only where necessary for a requested enquiry, viewing, reservation or service step. Website measurement events may be processed by Nueva Living's CRM and hosting providers for analytics and technical operation.","Данные запроса могут обрабатываться в системе управления взаимоотношениями с клиентами (CRM) Nueva Living и передаваться застройщикам, юридическим консультантам или другим поставщикам услуг только в случаях, необходимых для выполнения запрошенного обращения, просмотра, резервирования или иного этапа обслуживания. События измерения сайта могут обрабатываться поставщиками CRM и хостинга Nueva Living в целях аналитики и технической эксплуатации.",,
102,"Legal Notice","Правовое уведомление",,
103,"Legal notice draft for Nueva Living.","Проект правового уведомления Nueva Living.",,
104,"No Legal Or Financial Advice","Отсутствие юридической или финансовой консультации",,
105,"This website is presented under the Nueva Living brand and operated by LIORA LIVING SL., Tax ID (NIF) B88827472.","Данный веб-сайт представлен под брендом Nueva Living и управляется компанией LIORA LIVING SL., налоговый номер (NIF) B88827472.",,
106,"Information on this website does not constitute legal, financial, tax or investment advice. Buyers should seek independent professional advice before making any property decision.","Информация на данном сайте не является юридической, финансовой, налоговой или инвестиционной консультацией. Покупателям следует обращаться за независимой профессиональной консультацией перед принятием любого решения о приобретении недвижимости.",,
107,"This page explains the main terms in plain language. It should be reviewed by qualified legal counsel before any future material change.","Эта страница разъясняет основные условия простым языком. Перед любым будущим существенным изменением её должен проверить квалифицированный юрист.",,
108,"Legal","Правовая информация",,
109,"For the one-off taxes and fees due at purchase, see our breakdown of new-build purchase costs in Andalucia .","О разовых налогах и сборах при покупке читайте в нашей разбивке расходов на покупку новостройки в Андалусии .",,
110,"The two routes are also taxed differently: new-build carries IVA and AJD, resale carries ITP. See what a new-build actually costs in Andalucia for the figures.","Эти два варианта облагаются налогом по-разному: новостройка — IVA и AJD, вторичное жильё — ITP. Цифры приведены в материале во что на самом деле обходится новостройка в Андалусии .",,
111,"New-build in Andalucia in 2026: IVA at 10%, AJD at 1.2%, plus notary, land registry and legal fees, and the reduced stamp-duty rates that can apply.","Новостройка в Андалусии в 2026 году: IVA 10%, AJD 1,2%, плюс нотариус, регистрация права собственности и юридические услуги, а также пониженные ставки гербового сбора.",,
112,"Every competitor writes a Spain-wide cost guide quoting 8 to 13 per cent. New-build in Andalucia is a specific number, and it is knowable before you offer.","Все общеиспанские руководства по расходам называют от 8 до 13 процентов. Для новостройки в Андалусии это конкретная цифра, и её можно рассчитать до подачи предложения.",,
113,"Most cost guides for Spain quote a single national range, usually somewhere between 8 and 13 per cent. That range exists because it is averaging two different purchases across seventeen regions. For a new-build in Andaluc&iacute;a the tax side is not a range at all -- it is two fixed rates, and you can work out the number exactly.","Большинство руководств по расходам для Испании называют один общенациональный диапазон — обычно от 8 до 13 процентов. Этот диапазон возникает потому, что усредняет две разные сделки по семнадцати регионам. Для новостройки в Андалусии налоговая часть — вовсе не диапазон: это две фиксированные ставки, и сумму можно рассчитать точно.",,
114,"A new-build bought from the developer is a first transmission, so it carries VAT rather than the transfer tax that applies to a resale. In Andaluc&iacute;a that means two separate taxes on the same purchase.","Новостройка, купленная у застройщика, считается первой передачей, поэтому облагается НДС, а не налогом на передачу собственности, который применяется на вторичном рынке. В Андалусии это означает два отдельных налога на одну и ту же покупку.",,
115,"11.2% on a new-build. For comparison, a resale in Andaluc&iacute;a carries ITP at 7% and no AJD -- so the tax on a new home is roughly four points higher than on an equivalent resale.","11,2% для новостройки. Для сравнения: вторичное жильё в Андалусии облагается ITP по ставке 7% без AJD — то есть налог на новое жильё примерно на четыре пункта выше, чем на сопоставимое вторичное.",,
116,"Andaluc&iacute;a applies reduced AJD rates in specific circumstances. They are worth checking before you assume the general rate, though most purchases on this coast fall outside them.","В определённых случаях Андалусия применяет пониженные ставки AJD. Их стоит проверить, прежде чем исходить из общей ставки, хотя большинство сделок на этом побережье под них не подпадает.",,
117,"Notary and Land Registry fees are set by national tariff, so they do not vary between providers. Legal fees do.","Нотариальные и регистрационные сборы установлены общенациональным тарифом и потому не различаются у разных исполнителей. Юридические гонорары — различаются.",,
118,"Roughly &euro;600 to &euro;1,200 on a typical residential purchase, scaling with the price and the length of the deed. Regulated, so shopping around does not change it.","Примерно от 600 до 1 200 € при типичной покупке жилья, в зависимости от цены и объёма нотариального акта. Тариф регулируется, поэтому сравнивать бессмысленно.",,
119,"Typically 1% of the price plus 21% IVA on the fee, or a fixed quote in the &euro;1,500 to &euro;3,000 range for a straightforward purchase. This one is negotiable, and it is the line worth comparing quotes on.","Обычно 1% от цены плюс 21% IVA на сам гонорар либо фиксированная сумма в диапазоне 1 500–3 000 € при простой сделке. Эта статья обсуждаема — именно её стоит сравнивать между юристами.",,
120,"Roughly &euro;4,500 plus IVA at 1%, or a fixed quote","Примерно 4 500 € плюс IVA при ставке 1%, либо фиксированная сумма",,
121,"Around &euro;57,000, or about 12.5% over the price. Taxes are the fixed &euro;50,400 of that; the rest moves with who you instruct.","Около 57 000 €, то есть примерно 12,5% сверх цены. Из них 50 400 € — фиксированные налоги; остальное зависит от того, кого вы наймёте.",,
122,"That is the acquisition cost. It does not include mortgage arrangement and valuation fees if you are borrowing, furnishing, or the running costs that start after completion -- IBI, community fees and utilities.","Это стоимость приобретения. Сюда не входят комиссия за оформление ипотеки и оценка объекта при кредите, меблировка и текущие расходы, которые начинаются после передачи ключей: IBI, взносы в сообщество собственников и коммунальные услуги.",,
123,"The IVA rate is national and the AJD rate is set by Andaluc&iacute;a; both can change, and the reduced rates carry conditions that depend on your circumstances. This page is general information about how the costs are structured, not tax or legal advice. Confirm the figures for your own purchase with your lawyer or tax adviser before you commit to anything. Nueva Living provides a written cost breakdown for a specific residence on request.","Ставка IVA устанавливается на общенациональном уровне, ставка AJD — Андалусией; обе могут измениться, а пониженные ставки применяются на условиях, зависящих от вашей ситуации. Эта страница — общая информация о структуре расходов, а не налоговая или юридическая консультация. Подтвердите цифры по своей сделке у юриста или налогового консультанта, прежде чем брать на себя обязательства. По запросу Nueva Living предоставляет письменную смету расходов по конкретному объекту.",,
124,"IVA and AJD, not transfer tax","IVA и AJD, а не налог на передачу",,
125,"What a new-build costs on top of the price","Во что обходится новостройка сверх цены",,
126,"When AJD is lower than 1.2%","Когда AJD ниже 1,2%",,
127,"Notary, registry and legal fees","Нотариус, регистрация и юридические услуги",,
128,"New-Build Purchase Costs in Andalucia","Расходы на покупку новостройки в Андалусии",,
129,"Request a Cost Breakdown","Запросить смету расходов",,
130,"AJD (stamp duty)","AJD (гербовый сбор)",,
131,"The Two Taxes","Два налога",,
132,"IVA at 10%","IVA по ставке 10%",,
133,"AJD at 1.2%","AJD по ставке 1,2%",,
134,"Notary and registry","Нотариус и регистрация",,
135,"On Top of Tax","Помимо налогов",,
136,"IVA (VAT)","IVA (НДС)",,
137,"Total tax","Итого налогов",,
138,"This guide is general information about buying a new-build home on the Costa del Sol. It is not legal, tax or financial advice, and does not replace independent professional advice tailored to your situation.","Это руководство содержит общую информацию о покупке жилья в новостройке на Коста-дель-Соль. Оно не является юридической, налоговой или финансовой консультацией и не заменяет независимую профессиональную консультацию с учётом вашей ситуации.",,
139,"Bank Guarantees on Off-Plan Property in Spain","Банковские гарантии при покупке на плане",,
140,"Disclosure in the contract","Отражение в договоре",,
141,"Advance payments must be received through a credit institution and deposited in a special account, kept separate from any other class of funds. Money may only leave that account for costs arising directly from the construction of those homes. It is not the developer's working capital.","Авансовые платежи должны поступать через кредитную организацию и зачисляться на специальный счёт, отделённый от любых иных средств. Списания допускаются только на расходы, непосредственно связанные со строительством этих объектов. Это не оборотные средства застройщика.",,
142,"The purchase contract itself must state the developer's obligation to repay, identify the insurer or guarantor, and identify the credit institution and the account. At signing you should also be handed the document evidencing the guarantee attached to your particular payments.","В самом договоре купли-продажи должны быть указаны обязанность застройщика вернуть средства, страховщик или гарант, а также кредитная организация и счёт. При подписании вам должны передать и документ, подтверждающий гарантию именно по вашим платежам.",,
143,"Failing to put the guarantee in place is treated as a consumer-protection infringement, carrying a penalty of up to 25% of the amounts that should have been secured, on top of anything the regional building rules impose.","Непредоставление гарантии квалифицируется как нарушение прав потребителей и влечёт штраф до 25% сумм, подлежавших обеспечению, помимо санкций по региональным строительным нормам.",,
144,"The obligation to guarantee repayment runs from the point the building licence is obtained -- not from the moment you first pay. This is one of the substantive differences between the current regime and the 1968 law it replaced, and it is the single most practical thing to understand before you reserve.","Обязанность обеспечить возврат средств возникает с момента получения разрешения на строительство --а не с вашего первого платежа. Это одно из содержательных отличий действующего режима от закона 1968 года, который он заменил, и самое практически важное, что стоит понять до бронирования.",,
145,"In plain terms: if you pay a reservation fee on a project whose licence has not yet been granted, that money is not sitting behind the statutory guarantee. It may well be protected by what your contract says instead -- many reservation agreements make the fee refundable during a due-diligence window, and that is a contractual protection, not a legal one. The two are not interchangeable, and only one of them is the same at every developer.","Проще говоря: если вы вносите резервационный платёж по проекту, разрешение на который ещё не выдано, эти деньги не стоят за законной гарантией. Их вполне может защищать то, что написано в договоре --во многих соглашениях о бронировании платёж возвращается в течение срока due diligence, и это договорная защита, а не законная. Одно не заменяет другое, и лишь одно из них одинаково у каждого застройщика.",,
146,"This is not a reason to avoid pre-licence projects. It is a reason to know which category a project is in before you transfer anything, and to have your lawyer read the reservation terms rather than assume the statute covers you. Every project on this site states its licence status in its own trust dossier, in those words, because the distinction changes what your money is standing on.","Это не повод избегать проектов без разрешения. Это повод знать, к какой категории относится проект, прежде чем что-либо переводить, и дать юристу прочитать условия бронирования, а не полагать, что закон вас прикрывает. Каждый проект на этом сайте указывает статус своего разрешения в собственном досье доверия, именно в таких словах, потому что от этого различия зависит, на чём стоят ваши деньги.",,
147,"If construction does not begin, is not finished within the agreed period, or the habitation certificate is not obtained, you may claim back the amounts paid on account -- including the taxes applied to them -- plus statutory interest. You can either terminate the contract or grant the developer an extension, which is recorded as an additional clause setting the new delivery date.","Если строительство не начато, не завершено в согласованный срок либо не получен сертификат пригодности для проживания, вы вправе потребовать возврата внесённых сумм --включая уплаченные с них налоги-- с законными процентами. Вы можете либо расторгнуть договор, либо предоставить застройщику отсрочку, которая оформляется дополнительным условием с новой датой передачи.",,
148,"The practical lesson is that the guarantee is only as useful as the paperwork behind it. Ask for the guarantee document at signing, check it names you and your specific payments, and keep it. A guarantee that exists in principle but was never issued to you is the failure mode this provision was written to prevent.","Практический вывод: гарантия стоит ровно столько, сколько стоят подтверждающие её документы. Требуйте гарантийный документ при подписании, проверьте, что в нём указаны вы и именно ваши платежи, и сохраните его. Гарантия, существующая в принципе, но так и не выданная вам, — это ровно тот сбой, ради предотвращения которого норма и написана.",,
149,"The obligations described on this page are taken from the first additional provision of Ley 38/1999 as consolidated after Ley 20/2015, and are current as of August 2026. This is general information about how the protection is structured; it is not legal advice, and how it applies to a particular contract is a question for your own lawyer. Nueva Living confirms licence status and guarantee arrangements in writing for a specific project on request.","Обязанности, описанные на этой странице, взяты из первого дополнительного положения Ley 38/1999 в редакции, консолидированной после Ley 20/2015, и актуальны на август 2026 года. Это общая информация о том, как устроена защита; она не является юридической консультацией, а её применение к конкретному договору — вопрос к вашему юристу. Nueva Living по запросу письменно подтверждает статус разрешения и условия гарантии по конкретному проекту.",,
150,"Spanish law guarantees the money you pay during construction. It does not guarantee all of it, from the moment you pay it, and the gap is where buyers get caught.","Испанское право обеспечивает деньги, которые вы платите в ходе строительства. Но не все и не с первого платежа — именно в этот разрыв и попадают покупатели.",,
151,"The guarantee starts at the building licence","Гарантия начинается с разрешения на строительство",,
152,"A guarantee","Обеспечение",,
153,"How Payments Are Staged","Как распределяются платежи",,
154,"Off-Plan Payment Schedules on the Costa del Sol","График платежей при покупке на плане",,
155,"Real staged payment schedules from Costa del Sol developers: reservation fees, the 30% contract stage, construction milestones and the balance at deed.","Реальные графики платежей застройщиков Коста-дель-Соль: бронирование, 30% при договоре, этапы стройки и остаток при подписании купчей.",,
156,"Reservation Agreements","Соглашения о бронировании",,
157,"Private purchase contract","Частный договор купли-продажи",,
158,"Request a Payment Structure","Запросить структуру платежей",,
159,"How off-plan payments are actually staged","Как в действительности распределяются платежи на плане",,
160,"Reservation, contract, build, deed","Бронь, договор, стройка, купчая",,
161,"Typically bringing the total paid to 30%, with the reservation usually counted towards it. Some developers stage this as 25% at contract with the balance spread across the build. Signing windows are short -- 15 to 30 days from reservation is normal.","Обычно доводит уплаченное до 30%, при этом бронь, как правило, засчитывается. Некоторые застройщики берут 25% при договоре, а остаток распределяют по стройке. Сроки на подписание короткие --15–30 дней с момента брони это норма.",,
162,"Highly variable. Some projects take nothing between contract and completion; others take 10% at a fixed date, or tie payments to certified milestones such as completion of the foundation and of the structure. One project on this site spreads 50% across fifteen monthly payments from the start of works.","Очень по-разному. Одни проекты между договором и сдачей не берут ничего; другие берут 10% в фиксированную дату или привязывают платежи к подтверждённым этапам — завершению фундамента и каркаса. Один проект с этого сайта распределяет 50% на пятнадцать ежемесячных платежей с начала работ.",,
163,"The balance at the deed of sale, most often 50% to 70%. This is also where the bulk of the tax falls due.","Остаток при подписании купчей, чаще всего 50–70%. Здесь же наступает срок уплаты основной части налогов.",,
164,"Note that stage payments are quoted plus VAT in most schedules, so the cash required at each stage is higher than the headline percentage. See","Учтите, что в большинстве графиков платежи указаны без НДС, поэтому денег на каждом этапе нужно больше, чем заявленный процент. См.",,
165,"what a new-build costs on top of the price","во что обходится новостройка сверх цены",,
166,"for how IVA and AJD land across the timeline.","чтобы понять, как IVA и AJD распределяются по срокам.",,
167,"This is worth stating plainly, because it is often blurred: there is no Spanish statute governing reservation agreements. What your reservation fee does, whether it is refundable, and for how long, is whatever your particular reservation document says. It is a contract, and its terms vary between developers.","Об этом стоит сказать прямо, потому что вопрос часто размывают: испанского закона о соглашениях о бронировании не существует. Что делает ваш резервационный платёж, возвращается ли он и в течение какого срока — определяет именно ваш документ о бронировании. Это договор, и его условия у разных застройщиков разные.",,
168,"That matters more than it sounds, because the statutory guarantee over advance payments only begins once the building licence has been obtained. A reservation paid before that point rests on the contract wording alone. Some agreements make the fee refundable for a defined due-diligence window; others do not. Read it, or have your lawyer read it, before transferring anything -- and see","Это важнее, чем кажется: законная гарантия по авансовым платежам возникает только после получения разрешения на строительство. Бронь, оплаченная до этого момента, держится исключительно на формулировках договора. Одни соглашения возвращают платёж в течение оговорённого срока due diligence, другие нет. Прочитайте его — или пусть прочитает ваш юрист — до любого перевода --и см.",,
169,"how the bank guarantee works","как работает банковская гарантия",,
170,"Once the guarantee regime applies, amounts you pay on account must be received through a credit institution and held in a special account, separate from any other class of funds, and may only be drawn for costs arising directly from building those homes. If a developer proposes any other arrangement for staged payments, that is the point to stop and take advice.","Как только режим гарантии начинает действовать, вносимые вами суммы должны поступать через кредитную организацию и храниться на специальном счёте, отдельно от любых иных средств, и расходоваться только на затраты, прямо связанные со строительством этих объектов. Если застройщик предлагает любую иную схему поэтапных платежей — это момент остановиться и получить консультацию.",,
171,"The ranges above describe the written schedules held for the projects listed on this site as of August 2026. They are not a rule, and they are not an offer -- an individual developer can and does structure payments differently, and terms change between releases. Nueva Living reconfirms the current payment structure in writing for a specific residence before any reservation.","Приведённые диапазоны описывают письменные графики, имеющиеся по проектам этого сайта на август 2026 года. Это не правило и не оферта --отдельный застройщик может выстроить платежи иначе, а условия меняются от очереди к очереди. Nueva Living письменно подтверждает действующую структуру платежей по конкретному объекту до любого бронирования.",,
172,"Reservation","Бронирование",,
173,"Off-Plan Payment Schedules · 2026 Guide","Графики платежей на плане · Гид 2026",,
174,"At the deed","При подписании купчей",,
175,"That depends on their severity and on your contract, and it is a question for your lawyer rather than a rule. What is generally available is completing with reservations recorded, which shifts the start of the periods until those are put right.","Это зависит от их серьёзности и от вашего договора — вопрос скорее к вашему юристу, чем к правилу. Обычно возможен вариант оформить сделку с зафиксированными замечаниями, что сдвигает начало сроков до их устранения.",,
176,"IVA at 10% plus AJD at 1.2%, so 11.2% of the price in tax. Both are set by law and neither is negotiable.","IVA 10% плюс AJD 1,2%, то есть 11,2% от цены в виде налогов. Оба установлены законом, и ни один из них не подлежит обсуждению.",,
177,"IVA at 10% is charged on each stage payment as you make it, not held back to completion. This is the line most budgets get wrong: the cash required at each stage is the percentage plus a tenth of it again.","IVA 10% начисляется на каждый этапный платёж в момент его внесения, а не откладывается до передачи объекта. Именно эту строку большинство бюджетов считает неверно: наличные, нужные на каждом этапе, — это процент плюс ещё десятая часть от него.",,
178,"The balance of the price, the AJD in full, notary, Land Registry and your lawyer's fee. This is where the largest single transfer happens.","Остаток цены, AJD полностью, нотариус, реестр собственности и гонорар вашего юриста. Именно здесь происходит самый крупный единовременный перевод.",,
179,"How the Bank Guarantee Works","Как работает банковская гарантия",,
180,"A new-build comes with statutory cover against defects, and it is not one warranty but three, each running for a different length of time and each pointing at a different party. Knowing which clock applies to a given problem is what turns a snagging list from a favour the developer might do into a claim with a legal basis.","Новостройка защищена законом от дефектов, и это не одна гарантия, а три — каждая со своим сроком и каждая обращена к своей стороне. Понимание того, какой срок относится к конкретной проблеме, превращает дефектную ведомость из одолжения застройщика в требование с правовым основанием.",,
181,"All three periods run from the date the works are formally received without reservations -- or, where reservations were made, from the date those are put right. Not from when you move in, and not from the deed.","Все три срока текут с даты формальной приёмки работ без замечаний --а если замечания были, с даты их устранения. Не с момента заселения и не с даты купчей.",,
182,"The periods and liabilities described here are taken from articles 17 and 19 of Ley 38/1999 and its second additional provision, as consolidated, and are current as of August 2026. This page is general information about how the cover is structured, not legal advice. Whether a particular defect falls in a particular period is a question of fact for your lawyer and, usually, a surveyor. Nueva Living can provide the warranty and insurance documentation held for a specific project on request.","Описанные здесь сроки и виды ответственности взяты из статей 17 и 19 Ley 38/1999 и её второго дополнительного положения в консолидированной редакции и актуальны на август 2026 года. Эта страница — общая информация о структуре защиты, а не юридическая консультация. Попадает ли конкретный дефект в конкретный срок — вопрос факта для вашего юриста и, как правило, технического эксперта. Nueva Living по запросу предоставляет гарантийную и страховую документацию по конкретному проекту.",,
183,"Independent help comparing Costa del Sol developers, contracts, payment schedules and bank guarantees before you reserve an off-plan home.","Независимая помощь в сравнении застройщиков, договоров, графиков платежей и банковских гарантий до бронирования жилья на стадии строительства.",,
184,"With a Mortgage","С ипотекой",,
185,"After Completion","После передачи",,
186,"What a mortgage adds to the total","Что ипотека добавляет к сумме",,
187,"The costs do not arrive together","Расходы приходят не разом",,
188,"The costs that start rather than stop","Расходы, которые начинаются, а не кончаются",,
189,"What buyers ask us about cost","О чём нас спрашивают про расходы",,
190,"Arrangement fee","Комиссия за открытие",,
191,"AJD on the mortgage","AJD по ипотеке",,
192,"Community fees","Взносы товарищества",,
193,"Non-resident income tax","Налог для нерезидентов",,
194,"At reservation","При бронировании",,
195,"Is the IVA paid in one payment at the end?","НДС платится одной суммой в конце?",,
196,"Can I reclaim the IVA?","Можно ли вернуть НДС?",,
197,"If you are borrowing, three of the four costs below fall on you and one does not. The one that does not is the one older guides still list as yours.","Если вы берёте ипотеку, три из четырёх расходов ниже ложатся на вас, а один — нет. Именно тот, который не ложится, старые руководства по-прежнему числят вашим.",,
198,"The tasaci&oacute;n, &euro;300 to &euro;600, paid before the bank will issue a binding offer. The report is valid for six months, and the bank lends against the lower of valuation and price.","Оценка (tasaci&oacute;n), от 300 до 600 €, оплачивается до того, как банк выдаст обязывающее предложение. Отчёт действителен шесть месяцев, и банк кредитует по меньшей из двух величин — оценке или цене.",,
199,"Nothing. The lender has paid the stamp duty on the mortgage deed since Real Decreto-ley 17/2018. Any guide still listing it as a buyer cost predates that change.","Ничего. Гербовый сбор по ипотечному акту с 2018 года платит кредитор — Real Decreto-ley 17/2018. Любое руководство, которое всё ещё относит его на покупателя, старше этой поправки.",,
200,"0.5% to 1% of the loan, or a fixed fee, if you use one. Worth it where a broker reaches lenders that price non-resident files differently.","От 0,5% до 1% суммы кредита либо фиксированная плата, если вы обращаетесь к брокеру. Оправдано там, где брокер выходит на банки, иначе оценивающие досье нерезидентов.",,
201,"A single percentage makes it sound like one bill at the end. In practice the tax arrives in instalments and the professional fees arrive at the deed.","Единый процент звучит как один счёт в конце. На деле налог приходит частями, а гонорары — при подписании купчей.",,
202,"Nothing beyond the reservation fee itself, and that counts towards the price rather than sitting on top of it.","Ничего сверх самого резервационного платежа, и он засчитывается в цену, а не добавляется к ней.",,
203,"Acquisition cost is the number people compare. Running cost is the number they live with, and it is knowable before you reserve.","Стоимость приобретения — это цифра, которую сравнивают. Стоимость содержания — та, с которой живут, и её можно узнать до бронирования.",,
204,"Municipal property tax, charged on the valor catastral rather than the market price, broadly 0.4% to 1.1% of it a year. Because the catastral value is a fraction of what you paid, the bill is usually a few hundred to a couple of thousand euros.","Муниципальный налог на недвижимость, начисляемый на кадастровую, а не рыночную стоимость — примерно 0,4–1,1% от неё в год. Кадастровая стоимость составляет долю от уплаченного, поэтому счёт обычно от нескольких сотен до пары тысяч евро.",,
205,"Set per home by participation quota. A development with a spa, heated pools and a concierge costs more to run than a small block, and the community budget exists before you reserve. Ask for it.","Начисляются по доле участия каждой квартиры. Комплекс со спа, подогреваемыми бассейнами и консьержем в содержании дороже небольшого дома, а бюджет товарищества существует ещё до вашего бронирования. Запросите его.",,
206,"Spain taxes an imputed income on a second home even when it is never let, declared on Modelo 210. Residents of the EU and EEA are taxed at 19%, others at 24%.","Испания облагает вменённый доход по второму жилью, даже если оно никогда не сдаётся; декларируется по форме Modelo 210. Для резидентов ЕС и ЕЭЗ ставка 19%, для прочих — 24%.",,
207,"No. IVA is set nationally and AJD by Andaluc&iacute;a, and neither moves on a private purchase. What is negotiable is the legal fee, and the arrangement fee if you borrow.","Нет. НДС устанавливает государство, AJD — Андалусия, и при частной покупке ни один из них не двигается. Обсуждаются гонорар юриста и, если берёте кредит, комиссия за открытие.",,
208,"No. That tax falls on the seller, and on a new-build the seller is the developer. It is a resale question that follows buyers into new-build guides where it does not belong.","Нет. Этот налог платит продавец, а в новостройке продавец — застройщик. Это вопрос вторичного рынка, который тянется за покупателями в руководства по новостройкам, где ему не место.",,
209,"No. It is charged on each stage payment as that payment is made. A schedule quoting 30% at contract means 30% plus IVA on that 30%, and the same at every stage after it.","Нет. Он начисляется на каждый платёж в момент его внесения. График, где указано 30% при договоре, означает 30% плюс НДС с этих 30%, и так же на каждом следующем этапе.",,
210,"The Tax Gap","Налоговый разрыв",,
211,"Can I get a mortgage on an off-plan purchase?","Можно ли взять ипотеку на покупку на плане?",,
212,"Can I sell an off-plan unit before completion?","Можно ли продать объект на плане до сдачи?",,
213,"ITP at 7% and no AJD. Four points lower, on the same price.","ITP 7% и без AJD. На четыре пункта меньше при той же цене.",,
214,"A resale at the same headline price costs roughly &euro;18,000 less in tax on a &euro;450,000 purchase. An off-plan unit has to be priced meaningfully below the finished comparable before it is the cheaper transaction, not merely the cheaper number.","Вторичка по той же заявленной цене обходится примерно на 18 000 € дешевле по налогам при покупке за 450 000 €. Объект на плане должен стоить заметно ниже готового аналога, чтобы быть более дешёвой сделкой, а не просто меньшим числом.",,
215,"Unpaid community charges attach to the property itself for the current year and the three preceding ones, and unpaid IBI attaches to it without a time limit of that kind. Your lawyer asks for a certificate of no debt from the community and checks the IBI receipts before you sign.","Неоплаченные взносы товарищества обременяют сам объект за текущий и три предыдущих года, а неоплаченный IBI — без такого срока. Ваш юрист запрашивает у товарищества справку об отсутствии задолженности и проверяет квитанции IBI до подписания.",,
216,"Where the seller is not resident in Spain, the buyer withholds 3% of the price and pays it to the tax office on the seller's account. It is the buyer's obligation, not the seller's courtesy, and it does not arise at all buying from a developer.","Если продавец не является резидентом Испании, покупатель удерживает 3% цены и перечисляет их в налоговую за счёт продавца. Это обязанность покупателя, а не любезность продавца, и при покупке у застройщика она не возникает вовсе.",,
217,"Extensions, glazed terraces and pool houses added without permission are common and do not always appear in the deed. What is registered, what is built and what was licensed have to agree, and only a search establishes that.","Пристройки, остеклённые террасы и павильоны у бассейна без разрешения встречаются часто и не всегда отражены в купчей. Зарегистрированное, построенное и разрешённое должны совпадать, и установить это может только проверка.",,
218,"At the same headline price, no, because the tax is four points higher. Off-plan is cheaper where the price genuinely sits below the finished comparable by more than that, which is a project-by-project question rather than a rule.","При одинаковой заявленной цене — нет, потому что налог на четыре пункта выше. На плане дешевле там, где цена действительно ниже готового аналога больше чем на эту разницу, а это вопрос по каждому проекту, а не правило.",,
219,"Yes, but the loan is normally drawn at completion rather than during construction, so the stage payments come out of your own funds. That changes the cash profile more than the total, and it is worth modelling before you reserve.","Да, но кредит обычно выдаётся при подписании купчей, а не в ходе стройки, поэтому поэтапные платежи идут из ваших средств. Это меняет профиль ликвидности сильнее, чем итог, и стоит просчитать до бронирования.",,
220,"Delays of a few months against the original estimate are common. Your contract sets the delivery date and what happens if it is missed, including whether you may terminate or grant an extension, and that clause is worth reading before you sign rather than after.","Задержки в несколько месяцев против первоначальной оценки — обычное дело. Договор задаёт дату передачи и последствия её нарушения, включая право расторгнуть или дать отсрочку, и этот пункт стоит прочитать до подписания, а не после.",,
221,"Sometimes. Whether the contract can be assigned to another buyer, and on what terms and fee, is set by the developer and varies widely. If that is part of your plan, establish it in writing before reserving, not later.","Иногда. Можно ли переуступить договор другому покупателю, на каких условиях и за какую комиссию, определяет застройщик, и это сильно различается. Если это часть вашего плана — зафиксируйте письменно до бронирования, а не потом.",,
222,"What the guarantee actually returns","Что гарантия на самом деле возвращает",,
223,"Is my reservation fee guaranteed?","Обеспечен ли мой резервационный платёж?",,
224,"Who pays for the guarantee?","Кто оплачивает гарантию?",,
225,"Does the guarantee cover a delay, or only non-delivery?","Покрывает ли гарантия задержку или только непередачу?",,
226,"Does it transfer if I assign the contract?","Переходит ли она при переуступке договора?",,
227,"A guarantee is not compensation for a purchase that went wrong. It is a return of what you handed over, and knowing its edges is what stops it being mistaken for something wider.","Гарантия — это не компенсация за неудачную покупку. Это возврат того, что вы внесли, и знание её границ не даёт принять её за нечто более широкое.",,
228,"The amounts paid on account, the taxes charged on those amounts, and statutory interest from the date each payment was made.","Внесённые в счёт цены суммы, начисленные на них налоги и законные проценты с даты каждого платежа.",,
229,"The gain you expected. If the finished market moved while you waited, the guarantee returns your money and not the difference. It restores your position; it does not deliver the bargain.","Ожидаемая выгода. Если рынок готового жилья ушёл вверх, пока вы ждали, гарантия вернёт деньги, а не разницу. Она восстанавливает ваше положение, но не приносит выгодную сделку.",,
230,"Costs you incurred around the purchase -- legal fees, travel, a mortgage arrangement fee already paid. Those sit outside the statutory guarantee and belong to whatever your contract says about them.","Расходы вокруг покупки --гонорары, поездки, уже уплаченная комиссия за открытие. Они вне законной гарантии и определяются тем, что об этом сказано в договоре.",,
231,"A guarantee that exists at the level of the development is not the same as one issued for your payments. These are the four things to establish, in this order, and none of them requires taking anyone's word for it.","Гарантия на уровне проекта — не то же самое, что выданная под ваши платежи. Вот четыре вещи, которые нужно установить, именно в этом порядке, и ни одна из них не требует верить кому-либо на слово.",,
232,"Ask whether the building licence has been granted, and for the date. Before that point the statutory guarantee has not yet arisen, however the reservation is described.","Спросите, выдано ли разрешение на строительство, и узнайте дату. До этого момента законная гарантия ещё не возникла, как бы ни называлось бронирование.",,
233,"The contract should identify the credit institution and the special account, and your payments should go there rather than to a general company account. Compare the account on the contract with the one on the payment instruction.","В договоре должны быть указаны кредитная организация и специальный счёт, и платежи должны идти именно туда, а не на общий счёт компании. Сверьте счёт в договоре со счётом в платёжном поручении.",,
234,"Ask for the certificate or policy that covers your payments specifically. It should name you, name the unit, and state the amounts. A master policy for the development is the frame, not the cover.","Запросите сертификат или полис, покрывающий именно ваши платежи. В нём должны быть ваше имя, объект и суммы. Рамочный полис на проект — это рамка, а не покрытие.",,
235,"Check the insurer or bank named on it is authorised to operate in Spain. This takes one search and it is the step people skip.","Проверьте, что указанный страховщик или банк имеет лицензию в Испании. Это один запрос, и именно этот шаг обычно пропускают.",,
236,"A guaranteed buyer is not in that queue. The claim runs against the insurer or the bank that issued the guarantee, which is a solvent third party with its own obligation to you, and it does not depend on what the developer has left. That is the difference the paperwork buys, and it is why a guarantee held in your own name matters more than a reassurance that the development is covered.","Покупатель с гарантией в этой очереди не стоит. Требование обращается к страховщику или банку, выдавшему гарантию, — платёжеспособному третьему лицу с собственным обязательством перед вами, — и не зависит от того, что осталось у застройщика. Вот разница, которую покупают бумаги, и поэтому гарантия на ваше имя весит больше, чем заверение, что проект застрахован.",,
237,"Only once the building licence has been granted. Paid before that, it rests on the wording of your reservation agreement instead, which is a contractual protection rather than a statutory one, and it differs between developers.","Только после выдачи разрешения на строительство. Уплаченный до этого, он держится на формулировках соглашения о бронировании — это договорная защита, а не законная, и она у каждого застройщика своя.",,
238,"The developer. It is their obligation and their cost, and it should not appear as a charge added to your payments. If it does, ask what it is.","Застройщик. Это его обязанность и его затраты, и они не должны появляться как надбавка к вашим платежам. Если появились — спросите, что это.",,
239,"It is triggered where construction does not begin, is not finished within the agreed period, or the habitation certificate is not obtained. A delay that runs past the agreed period reaches it; a delay inside that period is a contract question.","Она срабатывает, если строительство не начато, не завершено в согласованный срок или не получен сертификат пригодности для проживания. Задержка сверх согласованного срока до неё дотягивается; задержка внутри срока — вопрос договора.",,
240,"Not automatically in the sense that matters. Where a contract is assigned, the guarantee has to follow the new buyer in writing, and that is a step to confirm rather than assume.","Не автоматически в том смысле, который важен. При переуступке договора гарантия должна письменно перейти к новому покупателю, и это шаг, который надо подтвердить, а не предположить.",,
241,"What 30% at contract actually costs","Во что реально обходятся 30% при договоре",,
242,"The cost that is not in the schedule","Расход, которого нет в графике",,
243,"What buyers ask us about payments","О чём нас спрашивают про платежи",,
244,"At contract, 30%","При договоре, 30%",,
245,"At the deed, 70%","При купчей, 70%",,
246,"Can I negotiate the payment schedule?","Можно ли обсудить график платежей?",,
247,"What if I cannot make a stage payment?","А если я не смогу внести очередной платёж?",,
248,"Do stage payments go to the developer directly?","Идут ли поэтапные платежи прямо застройщику?",,
249,"Schedules are quoted net of VAT, so every percentage on them understates the transfer by a tenth. On a &euro;600,000 home the difference is not academic.","Графики указываются без НДС, поэтому каждый процент в них занижает перевод на десятую часть. При жилье за 600 000 € разница совсем не теоретическая.",,
250,"&euro;180,000 net, less the &euro;10,000 already paid, plus 10% IVA on the &euro;180,000. The transfer is &euro;188,000, not &euro;170,000.","180 000 € без налога, минус уже уплаченные 10 000 €, плюс 10% НДС со 180 000 €. Перевод составляет 188 000 €, а не 170 000 €.",,
251,"&euro;420,000 net plus IVA on that, plus the AJD on the full price, plus notary, registry and legal. Around &euro;476,000 before fees.","420 000 € без налога плюс НДС с этой суммы, плюс AJD со всей цены, плюс нотариус, реестр и юрист. Около 476 000 € до гонораров.",,
252,"Two schedules can quote identical percentages and behave completely differently, because what triggers a payment is set by wording rather than by the number beside it.","Два графика могут показывать одинаковые проценты и вести себя совершенно по-разному, потому что момент платежа задаётся формулировкой, а не цифрой рядом с ней.",,
253,"Where payments follow milestones, the schedule should say who confirms one has been reached. In practice that is the project's technical architect, and the certificate is a document you can ask to see.","Если платежи привязаны к этапам, в графике должно быть указано, кто подтверждает их достижение. На практике это технический архитектор проекта, а сертификат — документ, который можно попросить показать.",,
254,"Fifteen days is common, and it is short if funds have to move across borders. Establish the notice period before you sign rather than discovering it with a payment demand.","Пятнадцать дней — обычная практика, и этого мало, если деньги идут через границу. Установите срок уведомления до подписания, а не узнавайте о нём вместе с требованием платежа.",,
255,"Contracts vary widely: interest, a cure period, and in some cases termination with retention of part of what you have paid. This is one of the clauses worth reading closely, because it is the one that costs the most when it applies.","Договоры сильно различаются: проценты, срок на исправление, а иногда расторжение с удержанием части уплаченного. Это один из тех пунктов, который стоит читать внимательно, потому что он дороже всех, когда срабатывает.",,
256,"Occasionally offered, and worth weighing carefully: paying ahead of the schedule increases what you have at risk before delivery, and the guarantee covers what you have paid rather than what you were promised in return.","Иногда предлагают, и стоит взвесить: платить с опережением графика значит увеличить сумму под риском до передачи, а гарантия покрывает уплаченное, а не обещанное взамен.",,
257,"They should go to the special account named in your contract, held apart from the developer's other funds, once the guarantee regime applies. Compare the account on the contract against the one on the payment instruction each time.","Они должны идти на специальный счёт, указанный в договоре, отдельно от прочих средств застройщика, как только действует режим гарантии. Каждый раз сверяйте счёт в договоре со счётом в платёжном поручении.",,
258,"Not by itself. Spreading payments helps your cash flow and increases the period over which you are exposed to the build completing. Which matters more depends on your own position, not on the shape of the schedule.","Само по себе нет. Растянутые платежи облегчают денежный поток и удлиняют период, в течение которого вы зависите от завершения стройки. Что важнее — зависит от вашего положения, а не от формы графика.",,
259,"How much does property cost in Marbella?","Сколько стоит недвижимость в Марбелье?",,
260,"How much does property cost in Estepona?","Сколько стоит недвижимость в Эстепоне?",,
261,"How much does property cost in Casares?","Сколько стоит недвижимость в Касаресе?",,
262,"How much does property cost in Benahavís?","Сколько стоит недвижимость в Бенаависе?",,
263,"How much does property cost in Nueva Andalucía?","Сколько стоит недвижимость в Нуэва-Андалусии?",,
264,"How much does property cost in Mijas and Fuengirola?","Сколько стоит недвижимость в Михасе и Фуэнхироле?",,
265,"How much does property cost in San Pedro de Alcántara?","Сколько стоит недвижимость в Сан-Педро-де-Алькантаре?",,
266,"It depends on what you are paying for. Guadalmina Baja and the beachside strip between the A-7 and the sea carry the highest prices and the shortest walk to the sand. Guadalmina Alta and the pueblo cost materially less and give you the town instead. Which side of the A-7 you end up on changes daily life more than the price gap suggests.","Зависит от того, за что вы платите. Гуадальмина-Баха и полоса между A-7 и морем — самые дорогие, и до песка оттуда ближе всего. Гуадальмина-Альта и старый город стоят заметно меньше и дают взамен сам город. По какую сторону A-7 вы окажетесь, меняет повседневность сильнее, чем разница в цене.",,
267,"The NIE","NIE",,
268,"Power of Attorney","Доверенность",,
269,"How off-plan payments are staged","Как распределяются платежи на стадии строительства",,
270,"When do I need the NIE?","Когда нужен NIE?",,
271,"Do I need a Spanish bank account to buy?","Нужен ли испанский банковский счёт для покупки?",,
272,"Why is my lawyer asking where my money came from?","Почему юрист спрашивает, откуда мои деньги?",,
273,"Can my lawyer apply for the NIE for me?","Может ли юрист подать заявление на NIE за меня?",,
274,"Does buying property in Spain make me a tax resident?","Делает ли покупка жилья в Испании меня налоговым резидентом?",,
275,"A tax identifier for foreign nationals, required for the purchase to be registered in your name. Not a residence permit, and not a declaration of tax residency.","Налоговый идентификатор для иностранных граждан, необходимый для регистрации покупки на ваше имя. Это не вид на жительство и не заявление о налоговом резидентстве.",,
276,"Before the private purchase contract, which on an off-plan purchase comes weeks after reservation rather than months.","До частного договора купли-продажи, который при покупке на стадии проекта наступает через недели после бронирования, а не месяцы.",,
277,"You, in person, or a representative holding a power of attorney that covers it. Both routes are ordinary; the choice is usually about timing.","Вы лично или представитель по доверенности, охватывающей это. Оба пути обычны; выбор обычно определяется сроками.",,
278,"Before a Spanish notary, in one appointment, usually on the same trip as a viewing.","У испанского нотариуса, за одну встречу, обычно в ту же поездку, что и просмотр.",,
279,"Before a notary where you live, then legalised for use in Spain and translated. Plan for it rather than around it.","У нотариуса по месту жительства, затем легализуется для использования в Испании и переводится. Это планируют, а не обходят.",,
280,"Yes, with a power of attorney authorising someone in Spain to sign for you. It is ordinary practice rather than a workaround. Whether it is the right choice is a separate question, and it usually turns on whether you have seen the setting rather than on the paperwork.","Да, по доверенности, уполномочивающей кого-то в Испании подписать за вас. Это обычная практика, а не обходной путь. Правильный ли это выбор — отдельный вопрос, и обычно он упирается в то, видели ли вы окружение, а не в бумаги.",,
281,"Before the private purchase contract, not at the deed. On an off-plan purchase that contract follows the reservation by a matter of weeks, so the application is worth starting as soon as you reserve rather than once the contract is drafted.","До частного договора купли-продажи, а не при подписании купчей. При покупке на стадии проекта этот договор следует за бронированием через считаные недели, поэтому заявление стоит подавать сразу при бронировании, а не когда договор уже составлен.",,
282,"Not to complete the purchase itself. You will want one afterwards, because community fees, IBI and utilities are collected by direct debit from a Spanish account. Opening one requires an NIE, which is why the two run in that order.","Для самой сделки — нет. Он понадобится после, потому что взносы сообщества, IBI и коммунальные платежи списываются с испанского счёта. Для открытия нужен NIE, отсюда и порядок.",,
283,"Because they are required to establish it, as are the notary and the bank. It applies to every buyer and says nothing about you. The only real risk is leaving it late, since the evidence often has to come from an institution in another country on their schedule rather than yours.","Потому что он обязан это установить, как и нотариус, и банк. Это касается каждого покупателя и ничего не говорит о вас. Единственный реальный риск — тянуть до последнего, поскольку подтверждения часто приходится получать от учреждения в другой стране и в его сроки, а не в ваши.",,
284,"A representative holding a power of attorney that covers it can apply on your behalf. Which route is faster, that or an appointment at your own consulate, depends on the consulate rather than on any general rule, so it is worth asking before choosing.","Представитель по доверенности, охватывающей это, может подать заявление за вас. Что быстрее — этот путь или запись в ваше консульство — зависит от консульства, а не от общего правила, поэтому стоит спросить до выбора.",,
285,"No. An NIE is an identifier, not a residence permit, and owning a home does not by itself make you resident. Tax residency turns on your own circumstances and is a question for a tax adviser rather than for a property page.","Нет. NIE — это идентификатор, а не вид на жительство, и владение жильём само по себе не делает вас резидентом. Налоговое резидентство зависит от ваших обстоятельств и относится к налоговому консультанту, а не к странице о недвижимости.",,
286,"Comparing projects, reviewing floorplans and prices, even a private presentation of a development, all happen remotely. What cannot happen by email is the part that involves the Spanish state and your bank: a tax number, a signature the notary will accept, and money that arrives from a source you can evidence. Each of those has a lead time, and each of them delays a purchase when it is started late rather than early.","Сравнивать проекты, изучать планировки и цены, даже частная презентация объекта — всё это происходит дистанционно. По электронной почте не делается то, где участвуют испанское государство и ваш банк: налоговый номер, подпись, которую примет нотариус, и деньги из источника, который вы можете подтвердить. У каждого из этого свой срок, и каждое задерживает покупку, если браться поздно, а не рано.",,
287,"An NIE, N&uacute;mero de Identificaci&oacute;n de Extranjero, is a tax identification number required for any property purchase in Spain by a non-Spanish national. It is not a residence permit and it does not make you a tax resident. It is an identifier, and without one the purchase cannot be registered in your name.","NIE, Número de Identificación de Extranjero, — это налоговый идентификационный номер, необходимый для любой покупки недвижимости в Испании лицом, не являющимся гражданином Испании. Это не вид на жительство и он не делает вас налоговым резидентом. Это идентификатор, и без него покупку нельзя зарегистрировать на ваше имя.",,
288,"It is needed before you sign the private purchase contract, not at the deed, which is earlier than most buyers assume. Applications are made in person, either at a Spanish consulate in your own country or in Spain, and a representative acting under a power of attorney can apply on your behalf. Which of those routes is quickest depends on your consulate rather than on any general rule, so the sequence to follow is: ask what your consulate currently requires, then start.","Он нужен до подписания частного договора купли-продажи, а не при купчей, — раньше, чем предполагает большинство покупателей. Заявление подаётся лично, в испанском консульстве в вашей стране или в Испании, и представитель по доверенности может подать его за вас. Какой путь быстрее, зависит от вашего консульства, а не от общего правила, поэтому порядок такой: узнайте, что консульство требует сейчас, и начинайте.",,
289,"A power of attorney, a poder , authorises someone in Spain to act for you within limits you set. In a property purchase that is usually your lawyer, and it is what allows a contract to be signed and a deed to be completed while you are elsewhere. It is the single document that decides whether the purchase needs you in the country.","Доверенность, poder , уполномочивает кого-то в Испании действовать за вас в установленных вами пределах. При покупке недвижимости это обычно ваш юрист, и именно она позволяет подписать договор и оформить купчую, пока вы находитесь в другом месте. Это единственный документ, который решает, нужны ли вы в стране.",,
290,"Spanish banks, notaries and lawyers are required to establish the origin of the funds in a property purchase. This is routine, it applies to everyone, and it is not a judgement about you. It becomes a problem only when it is left until the week of the deed, because the evidence often has to come from institutions in another country and on their timetable.","Испанские банки, нотариусы и юристы обязаны установить происхождение средств при покупке недвижимости. Это рутина, касается всех и не является суждением о вас. Проблемой это становится только тогда, когда откладывается до недели подписания купчей, поскольку подтверждения часто поступают от учреждений в другой стране и по их графику.",,
291,"The practical version: whatever the money's history is, it should be documentable from the account it leaves. A sale, a transfer between your own accounts, an inheritance, a bonus. Assemble that early, and the question is answered when it is asked rather than sending you back to a bank abroad at the worst possible moment.","Практический вариант: какой бы ни была история этих денег, она должна быть документируема начиная со счёта, с которого они уходят. Продажа, перевод между собственными счетами, наследство, бонус. Соберите это заранее — и вопрос будет закрыт в момент, когда его задают, а не отправит вас в банк за границей в самый неподходящий момент.",,
292,"With a power of attorney in place, a purchase can complete without you setting foot in Spain. That is worth knowing, and it is not always worth doing. Two moments repay a trip more than any document does.","При оформленной доверенности покупка может быть завершена без вашего приезда в Испанию. Это стоит знать, и это не всегда стоит делать. Два момента окупают поездку лучше, чем любой документ.",,
293,"This page describes how a purchase from abroad is structured, not the current paperwork of any one consulate. Requirements, appointment availability and the exact documents differ between countries and change without much notice, and the only reliable version is the one your own consulate publishes today. Nueva Living confirms what a specific purchase requires and coordinates the sequence with your lawyer.","Эта страница описывает, как устроена покупка из-за рубежа, а не текущие формальности конкретного консульства. Требования, доступность записи и точный перечень документов различаются по странам и меняются без большого предупреждения; надёжна только та версия, которую ваше консульство публикует сегодня. Nueva Living уточняет, что требуется для конкретной покупки, и согласует порядок с вашим юристом.",,
294,"Two things matter here and they are separate. The first is where the money goes. On an off-plan purchase, payments made before completion must reach the special account named in your contract, not a general company account. That is a legal requirement rather than an administrative preference, and it is covered in full in","Здесь важны две вещи, и они разные. Первая — куда идут деньги. При покупке на стадии строительства платежи до передачи объекта должны поступать на специальный счёт, названный в вашем договоре, а не на общий счёт компании. Это требование закона, а не административное предпочтение, и оно полностью разобрано в материале",,
295,"The second is what it costs to get there. A staged purchase paid from a currency other than the euro is a series of conversions rather than one, spread across the build, and the schedule says nothing about that.","Вторая — во что обходится их доставка. Этапная покупка, оплачиваемая не в евро, — это серия конверсий, а не одна, растянутая на весь срок стройки, и график об этом ничего не говорит.",,
296,"A Spanish bank account is not strictly required to complete a purchase, which surprises people. It becomes necessary afterwards, because community fees, IBI and utilities are collected by direct debit from a Spanish account. Opening one takes an NIE, so the sequence runs in the order this page does.","Испанский банковский счёт строго говоря не нужен для завершения сделки, и это удивляет. Он становится необходим потом, потому что взносы сообщества, IBI и коммунальные платежи списываются с испанского счёта. Для его открытия нужен NIE, поэтому последовательность идёт в том же порядке, что и эта страница.",,
297,"Buying from Abroad: NIE and Power of Attorney","Покупка из-за рубежа: NIE и доверенность",,
298,"Bank Guarantees Explained","Банковские гарантии простыми словами",,
299,"Off-Plan Payment Schedules","Графики платежей на стадии строительства",,
300,"What a purchase actually needs you present for: when the NIE is required, what a power of attorney covers, and how the money reaches the developer.","Для чего действительно нужно ваше присутствие: когда требуется NIE, что покрывает доверенность и как деньги доходят до застройщика.",,
301,"What actually protects an off-plan deposit under Spanish law, and the point in the timeline at which the statutory guarantee has not started yet.","Что на самом деле защищает предоплату на стадии строительства по испанскому праву и момент, когда установленная законом гарантия ещё не действует.",,
302,"The staged payment structures the developers on this site have supplied in writing, from reservation through to the balance at deed.","Графики поэтапных платежей, которые застройщики с этого сайта предоставили в письменном виде — от бронирования до остатка при подписании купчей.",,
303,"Figures reflect currently published developments matching this search and are reconfirmed by Nueva Living before any viewing or reservation.","Данные отражают текущие опубликованные комплексы, соответствующие этому запросу, и повторно подтверждаются Nueva Living перед любым просмотром или бронированием.",,
304,"Nueva Living confirms current availability, price list and payment terms directly with the developer.","Nueva Living напрямую подтверждает у застройщика текущую доступность, прайс-лист и условия оплаты.",,
305,"Usually, yes. Service charges are typically calculated on built size or a fixed per-unit share, and a penthouse’s larger terrace or solarium generally puts it in a higher share than a mid-floor apartment in the same building. Nueva Living confirms the exact community fee structure for any development before you reserve.","Как правило, да. Эксплуатационные расходы обычно рассчитываются исходя из площади застройки или фиксированной доли на юнит, и более крупная терраса или солярий пентхауса обычно означают более высокую долю по сравнению с апартаментами на среднем этаже того же здания. Nueva Living подтверждает точную структуру платежей ТСЖ для любого комплекса перед бронированием.",,
306,"New-build apartments and penthouses here are typically sold off-plan or under construction, with staged payments through to completion. Nueva Living reconfirms the current price list, floorplans and payment schedule for any development before you shortlist it.","Новые апартаменты и пентхаусы здесь обычно продаются на этапе строительства или проектирования, с поэтапными платежами вплоть до сдачи объекта. Nueva Living повторно подтверждает актуальный прайс-лист, планировки и график платежей для любого комплекса, прежде чем включить его в вашу подборку.",,
307,"Most current releases are off-plan or under construction, sold with staged payments.","Большинство текущих предложений находятся на этапе проектирования или строительства и продаются с поэтапными платежами.",,
308,"Current releases are off-plan, sold with staged payments through to completion.","Текущие предложения продаются на этапе проектирования, с поэтапными платежами вплоть до сдачи объекта.",,
309,"New-build apartments and penthouses here are typically sold off-plan, with staged payments through to completion. Nueva Living reconfirms the current price list, floorplans and payment schedule for any development before you shortlist it.","Новые апартаменты и пентхаусы здесь обычно продаются на этапе проектирования, с поэтапными платежами вплоть до сдачи объекта. Nueva Living повторно подтверждает актуальный прайс-лист, планировки и график платежей для любого комплекса, прежде чем включить его в вашу подборку.",,
310,"Current releases are under construction, sold with staged payments through to completion.","Текущие предложения находятся на этапе строительства и продаются с поэтапными платежами вплоть до сдачи объекта.",,
311,"What a new-build in Andalucia costs on top of the price: IVA at 10%, AJD at 1.2%, and the notary, registry and legal fees around them.","Во что обходится новостройка в Андалусии сверх цены: IVA 10%, AJD 1,2%, а также нотариус, регистрация и юридические услуги.",,
312,"New-Build Purchase Costs","Расходы на покупку новостройки",,
313,"How buying off-plan and buying a completed resale home actually compare, across price, risk, payment terms and appreciation.","Как на самом деле соотносятся покупка новостройки на этапе строительства и готового вторичного жилья — по цене, рискам, условиям оплаты и росту стоимости.",,
314,"Spanish banks lend differently to non-resident buyers than to Spanish residents. Where a resident might get financing up to 80% of a property's value, non-residents are typically capped closer to 70%, and the exact rate, term and how much of your income counts all vary by bank and by your personal financial profile. On top of the mortgage itself, budget for taxes and purchase costs &mdash; transfer tax or VAT, notary, land registry and legal fees &mdash; which typically add another 10-13% on top of the purchase price in Spain.","Испанские банки кредитуют нерезидентов иначе, чем резидентов Испании. Если резидент может получить финансирование до 80% стоимости недвижимости, то для нерезидентов лимит обычно ближе к 70%, а точная ставка, срок и учитываемая доля дохода зависят от банка и вашего личного финансового профиля. Помимо самой ипотеки, заложите в бюджет налоги и расходы на покупку &mdash; налог на передачу имущества или НДС, нотариус, регистрация земли и юридические услуги &mdash;, которые обычно добавляют ещё 10-13% к цене покупки в Испании.",,
315,"Use the calculator below for a realistic starting estimate of your deposit, monthly payment and total cost of buying, based on typical non-resident lending terms. It is a planning tool, not a mortgage offer &mdash; Nueva Living and your mortgage broker will confirm the real numbers once you have a specific property in mind.","Используйте калькулятор ниже, чтобы получить реалистичную предварительную оценку первоначального взноса, ежемесячного платежа и общей стоимости покупки на основе типичных условий кредитования нерезидентов. Это инструмент планирования, а не ипотечное предложение &mdash; Nueva Living и ваш ипотечный брокер подтвердят реальные цифры, как только у вас появится конкретный объект недвижимости.",,
316,"Set to 30% by default &mdash; as a non-Spanish resident, lenders typically finance up to 70% of the property value. Your own maximum will depend on your bank and financial profile.","По умолчанию установлено 30% &mdash; как нерезидент Испании вы обычно можете получить финансирование до 70% стоимости недвижимости. Ваш личный максимум будет зависеть от банка и финансового профиля.",,
317,"Mortgage term","Срок ипотеки",,
318,"Taxes &amp; purchase costs","Налоги и расходы на покупку",,
319,"Indicative only &mdash; ITP/VAT, notary, registry and legal fees vary by case. Confirm exact costs with your lawyer.","Только для ориентира &mdash; ИТП/НДС, нотариус, регистрация и юридические услуги варьируются в зависимости от случая. Уточните точные расходы у вашего юриста.",,
320,"Estimated monthly payment","Расчётный ежемесячный платёж",,
321,"Cash needed without a mortgage","Необходимая сумма наличными без ипотеки",,
322,"Cash needed with a mortgage (deposit + costs)","Необходимая сумма наличными при ипотеке (взнос + расходы)",,
323,"Mortgage principal","Основная сумма ипотеки",,
324,"Current releases are off-plan or under construction, sold with staged payments through to completion.","Текущие проекты продаются на стадии строительства или на этапе проекта, с поэтапной оплатой вплоть до сдачи.",,
325,"What you trade is prestige, not access. Malaga airport is closer from here than it is from Marbella, the train line runs to Fuengirola, and the golf courses at Mijas sit minutes inland. Current releases here are under construction or off-plan with staged payments, and Nueva Living reconfirms the price list, floorplans and payment schedule before you shortlist anything.","Вы жертвуете престижем, а не доступностью. Аэропорт Малаги отсюда ближе, чем из Марбельи, поезд идёт до Фуэнхиролы, а поля для гольфа в Михасе — в нескольких минутах вглубь материка. Текущие проекты строятся или продаются на этапе котлована с поэтапной оплатой, и Nueva Living подтверждает прайс-лист, планировки и график платежей до того, как вы что-либо отберёте.",,
326,"Every current release is under construction or off-plan, sold with staged payments through to completion.","Все текущие проекты строятся или продаются на этапе строительства, с поэтапной оплатой до сдачи.",,
327,"Land costs less on this stretch than it does between Marbella and Estepona, and that carries through to the finished price rather than reflecting a difference in build quality. Current releases here run from around EUR 390,000, against EUR 527,500 for the equivalent in Marbella.","Земля на этом участке дешевле, чем между Марбельей и Эстепоной, и это отражается на итоговой цене, а не на качестве строительства. Текущие проекты здесь начинаются примерно с 390 000 €, против 527 500 € за эквивалент в Марбелье.",,
328,"The largest terrace or solarium in the building and the best of the sea or golf view, at a premium over a mid-floor unit. On this coast a penthouse still frequently lands under what a mid-floor apartment costs further west.","Самая большая терраса или солярий в здании и лучший вид на море или гольф — с надбавкой к квартире на среднем этаже. На этом побережье пентхаус нередко всё равно стоит меньше, чем квартира на среднем этаже западнее.",,
329,"It is also unusually mixed. Within a few minutes of each other you will find beachside apartment releases from EUR 695,000 and golf-side villa collections up to EUR 3,500,000, which is why this page covers both rather than splitting them. Every current release here is off-plan or under construction with staged payments.","Этот участок к тому же необычно разнороден. В нескольких минутах друг от друга соседствуют квартиры у пляжа от 695 000 € и коллекции вилл у гольф-полей до 3 500 000 €, поэтому страница охватывает и то и другое, а не разделяет их. Все текущие проекты продаются на этапе строительства с поэтапной оплатой.",,
330,"All current releases are off-plan or under construction, sold with staged payments through to completion.","Все текущие проекты продаются на этапе строительства или строятся, с поэтапной оплатой до сдачи.",,
331,"Almost all of it falls within the municipality of Estepona, with the Bel Air end closest to the Marbella boundary. For practical purposes -- taxes, licences, town hall -- treat it as Estepona.","Почти вся она относится к муниципалитету Эстепона, а край Бель-Эйр ближе всего к границе с Марбельей. Для практических целей — налоги, лицензии, мэрия — считайте это Эстепоной.",,
332,"They are different in kind rather than degree. An apartment carries a community charge covering shared pools, gardens and lighting. A villa usually carries a smaller community charge but takes on its own pool and garden maintenance directly, which often costs more in total once you add it up.","Они различаются по характеру, а не по величине. Квартира платит взнос сообщества за общие бассейны, сады и освещение. У виллы взнос обычно меньше, но она сама содержит бассейн и сад, что в сумме нередко обходится дороже.",,
333,"It also holds the largest concentration of new-build stock on this side of Marbella. The three current releases here run from EUR 690,000, which is roughly where Marbella starts, and they cover apartments, townhouses and villas rather than one format. All are under construction or off-plan with staged payments.","Здесь же сосредоточен крупнейший объём новостроек на этой стороне Марбельи. Три текущих проекта начинаются от 690 000 € — примерно там, где начинается Марбелья, — и включают квартиры, таунхаусы и виллы, а не один формат. Все строятся или продаются на этапе строительства с поэтапной оплатой.",,
334,">Mortgage Calculator",">Ипотечный калькулятор",,
335,">Legal Notice",">Юридическая информация",,
336,"Information presented on this website is for general marketing purposes only and does not constitute legal, financial or investment advice. Development details, prices and delivery dates are subject to change without notice.","Информация, представленная на этом сайте, носит исключительно общий маркетинговый характер и не является юридической, финансовой или инвестиционной консультацией. Характеристики проектов, цены и сроки сдачи могут изменяться без предварительного уведомления.",,
337,"Completion soonest","Ближайшая сдача",,
338,"Which homes are available, their reservation status, current prices and expected delivery.","Какие объекты доступны, их статус резервирования, актуальные цены и ожидаемые сроки сдачи.",,
