id,english,current_fr,suggested_edit,note
1,"dev-fact-value"">Completion Q4 2027 - Q1 2028<","dev-fact-value"">Livraison T4 2027 - T1 2028<",,
2,"dev-fact-value"">Completion to be confirmed<","dev-fact-value"">Livraison à confirmer<",,
3,"dev-fact-value"">Completion Q2 2029<","dev-fact-value"">Livraison T2 2029<",,
4,"dev-fact-value"">Completion Q4 2027<","dev-fact-value"">Livraison T4 2027<",,
5,"dev-fact-value"">Completion Q3 2027<","dev-fact-value"">Livraison T3 2027<",,
6,"dev-fact-value"">Completion Q1 2029<","dev-fact-value"">Livraison T1 2029<",,
7,"dev-fact-value"">Completion Q3 2029<","dev-fact-value"">Livraison T3 2029<",,
8,"What is an NIE number and do I need one?","Qu'est-ce que le numéro NIE et en ai-je besoin ?",,
9,"An NIE (Numero de Identificacion de Extranjero) is a tax ID number required for any property purchase in Spain by a non-Spanish national. Nueva Living can guide you through obtaining one before you reserve.","Le NIE (Numéro d'Identification d'Étranger) est un numéro fiscal requis pour tout achat immobilier en Espagne par un ressortissant non espagnol. Nueva Living peut vous accompagner dans son obtention avant la réservation.",,
10,"What costs should I budget for on top of the purchase price?","Quels frais dois-je prévoir en plus du prix d'achat ?",,
11,"Buyers typically budget for transfer tax or VAT, notary fees, land registry fees and legal fees on top of the purchase price. Nueva Living provides a full, current cost breakdown for your chosen residence before you reserve.","Les acheteurs prévoient généralement les droits de mutation ou la TVA, les frais de notaire, les frais d'enregistrement et les honoraires juridiques en plus du prix d'achat. Nueva Living vous fournit une répartition complète et actuelle des coûts avant la réservation.",,
12,"Can I get a mortgage in Spain as a non-resident?","Puis-je obtenir un prêt hypothécaire en Espagne en tant que non-résident ?",,
13,"Many Spanish banks offer mortgages to non-resident buyers, typically financing a portion of the purchase price. Exact terms depend on the bank and your personal financial profile.","De nombreuses banques espagnoles proposent des prêts hypothécaires aux acheteurs non-résidents, finançant généralement une partie du prix d'achat. Les conditions exactes dépendent de la banque et de votre profil financier personnel.",,
14,"Off-plan means the development is still under construction and is usually sold with staged payments through to completion. A completed property is ready to view and move into now.","Sur plan signifie que le programme est encore en construction et se vend généralement avec des paiements échelonnés jusqu'à l'achèvement. Un bien achevé est prêt à visiter et à habiter immédiatement.",,
15,"How does the reservation and payment process work?","Comment fonctionne le processus de réservation et de paiement ?",,
16,"Reservation and payment structures vary by development and are set out in full before you reserve. Nueva Living reconfirms the current schedule for your chosen residence at every step.","Les modalités de réservation et de paiement varient selon le programme et sont détaillées intégralement avant la réservation. Nueva Living reconfirme le calendrier en vigueur pour votre logement à chaque étape.",,
17,"Do I need a lawyer?","Ai-je besoin d'un avocat ?",,
18,"Yes, we strongly recommend independent legal representation for any property purchase in Spain. Nueva Living can put you in touch with independent lawyers experienced in Costa del Sol property.","Oui, nous recommandons vivement une représentation juridique indépendante pour tout achat immobilier en Espagne. Nueva Living peut vous mettre en relation avec des avocats indépendants expérimentés en immobilier sur la Costa del Sol.",,
19,"A sea-view render can make almost any development look perfect. We look past the presentation: the exact setting, the developer, the payment terms, the compromises and whether the property will still suit you years from now.","Un rendu avec vue sur mer peut faire paraître presque n'importe quel programme parfait. Nous regardons au-delà de la présentation : l'emplacement exact, le promoteur, les conditions de paiement, les compromis, et si le bien vous conviendra toujours dans plusieurs années.",,
20,"From your brief and viewings to negotiation and handover, we keep the moving parts together and coordinate with your independent lawyer.","De votre cahier des charges et des visites jusqu'à la négociation et la remise des clés, nous coordonnons chaque étape avec votre avocat indépendant.",,
21,"From first enquiry to reservation","De la première demande à la réservation",,
22,"We arrange viewings, share the project documents and explain the reservation process.","Nous organisons les visites, partageons les documents du projet et vous expliquons le processus de réservation.",,
23,"We help you check the location, developer, finishes, payment plan and future resale appeal before you choose a home.","Nous vous aidons à vérifier l'emplacement, le promoteur, les finitions, le plan de paiement et l'attrait de revente futur avant de choisir un bien.",,
24,"We compare prices, orientation, amenities, completion dates and nearby alternatives side by side.","Nous comparons les prix, l'orientation, les prestations, les dates de livraison et les alternatives à proximité, côte à côte.",,
25,"We organise project documents, viewings, reservation details and an introduction to an independent lawyer.","Nous organisons les documents du projet, les visites, les modalités de réservation et la mise en relation avec un avocat indépendant.",,
26,"We only flag urgency when availability, pricing or a reservation deadline genuinely changes.","Nous ne signalons une urgence que lorsque la disponibilité, le prix ou un délai de réservation change réellement.",,
27,"A genuine share of our commission, not a flat finder's fee.","Une véritable part de notre commission, pas une prime forfaitaire d'apport.",,
28,"How buying off-plan and buying a completed resale home actually compare on the Costa del Sol, across price, risk, payment terms and appreciation.","Ce que donne vraiment la comparaison entre l’achat sur plan et l’achat d’un bien de revente sur la Costa del Sol : prix, risque, modalités de paiement et valorisation.",,
29,"Bank Guarantees on Off-Plan Property · 2026 Guide","Garanties bancaires sur l’achat sur plan · Guide 2026",,
30,"New-Build Purchase Costs in Andalucia · 2026 Guide","Frais d’achat dans le neuf en Andalousie · Guide 2026",,
31,"What the areas cost","Ce que coûte chaque secteur",,
32,"New-build and off-plan purchases follow a different sequence from a resale purchase: staged payments, a private purchase contract, and a developer's construction timeline rather than an immediate move-in date. Seven steps, start to finish.","Les achats dans le neuf et sur plan suivent une séquence différente de celle d’un achat de revente : paiements échelonnés, contrat de réservation privé et calendrier de construction du promoteur plutôt qu’une date d’emménagement immédiate. Sept étapes, du début à la fin.",,
33,"Steps, Reservation to Keys","Étapes, de la réservation aux clés",,
34,"People Involved: You, Nueva Living, Your Lawyer","Personnes impliquées : vous, Nueva Living, votre avocat",,
35,"Weeks, Reservation to Contract","Semaines, de la réservation au contrat",,
36,"Off-plan usually means a lower entry price and payments staged over the build period, at the cost of waiting. A completed home costs more upfront but you can see and move into it now. See our full off-plan vs resale comparison for the detail.","Acheter sur plan signifie généralement un prix d’entrée plus bas et des paiements échelonnés pendant la période de construction, en échange de l’attente. Un bien terminé coûte plus cher au départ, mais vous pouvez le voir et y emménager dès maintenant. Consultez notre comparatif complet entre le neuf sur plan et la revente pour plus de détails.",,
37,"A reservation takes the specific residence off the market while your private purchase contract is prepared, typically within two to four weeks.","Une réservation retire le bien concerné du marché pendant que votre contrat de réservation privé est préparé, généralement dans un délai de deux à quatre semaines.",,
38,"Pay the reservation amount, which is later credited against the purchase price.","Payez le montant de la réservation, qui sera ensuite déduit du prix d’achat.",,
39,"Confirms the reservation terms and what happens to the amount if you do not proceed.","Confirme les conditions de réservation et ce qu’il advient du montant si vous ne donnez pas suite.",,
40,"Good to know: how much is the reservation?","Bon à savoir : quel est le montant de la réservation ?",,
41,"It varies by developer and project, from a few thousand euros up to around 1% of the price on some developments. A reservation is not the point of no return, but it is a real commitment -- confirm the terms before you pay it.","Cela varie selon le promoteur et le projet, de quelques milliers d’euros jusqu’à environ 1 % du prix pour certaines résidences. Une réservation n’est pas un point de non-retour, mais c’est un véritable engagement -- confirmez les conditions avant de la payer.",,
42,"Sign the Private Purchase Contract","Signez le contrat de réservation privé",,
43,"The binding agreement setting out price, payment schedule, specification and delivery terms. You will need an NIE before or shortly after this stage.","L’accord contraignant qui fixe le prix, l’échéancier de paiement, les spécifications et les conditions de livraison. Vous aurez besoin d’un NIE avant ou peu après cette étape.",,
44,"Obtain your NIE if you do not already have one, and review the contract.","Obtenez votre NIE si vous n’en avez pas déjà un, et examinez le contrat.",,
45,"What Your Lawyer Does","Ce que fait votre avocat",,
46,"Reviews the contract terms and confirms the bank guarantee before you sign.","Examine les termes du contrat et confirme la garantie bancaire avant votre signature.",,
47,"For off-plan purchases, payments from this point are usually staged across construction milestones. Spanish law requires developers to bank-guarantee off-plan payments made before completion, so staged payments are protected if the development is not delivered -- confirming that guarantee is in place is one of the checks your lawyer carries out.","Pour les achats sur plan, les paiements à partir de ce stade sont généralement échelonnés selon les jalons de construction. La loi espagnole impose aux promoteurs de garantir bancairement les paiements sur plan effectués avant l’achèvement, de sorte que les paiements échelonnés sont protégés si la résidence n’est pas livrée -- vérifier que cette garantie est en place fait partie des contrôles effectués par votre avocat.",,
48,"Legal Checks and Independent Representation","Vérifications juridiques et représentation indépendante",,
49,"We strongly recommend independent legal representation -- a lawyer acting for you, not the developer or the selling agency.","Nous recommandons vivement une représentation juridique indépendante -- un avocat qui agit pour vous, et non pour le promoteur ou l’agence de vente.",,
50,"Instruct an independent lawyer before signing anything binding.","Mandatez un avocat indépendant avant de signer quoi que ce soit d’engageant.",,
51,"Checks the developer's registration and track record, the building licence, land registry status and the bank guarantee.","Vérifie l’immatriculation et le track record du promoteur, le permis de construire, la situation au registre foncier et la garantie bancaire.",,
52,"Many non-resident buyers arrange a mortgage at this stage. Spanish banks do lend to non-residents, usually financing a portion of the price, though exact terms depend on the bank and your financial profile.","De nombreux acheteurs non-résidents mettent en place un prêt hypothécaire à ce stade. Les banques espagnoles prêtent effectivement aux non-résidents, finançant généralement une partie du prix, bien que les conditions exactes dépendent de la banque et de votre profil financier.",,
53,"Completion and Handover","Achèvement et remise des clés",,
54,"Completion happens at the notary, where the final balance is paid and the deed of sale is signed and registered in your name.","L’achèvement a lieu chez le notaire, où le solde final est payé et l’acte de vente est signé et enregistré à votre nom.",,
55,"Pay the final balance and sign at the notary.","Payez le solde final et signez chez le notaire.",,
56,"Confirms the deed of sale and its registration.","Confirme l’acte de vente et son enregistrement.",,
57,"Good to know: warranties and ongoing costs","Bon à savoir : garanties et frais courants",,
58,"Spanish building law generally provides for a structural warranty, a shorter warranty on installations, and a one-year warranty on finishes. After completion, budgeting for ongoing costs such as community fees and annual property tax (IBI) becomes part of owning the home.","La législation espagnole de la construction prévoit généralement une garantie structurelle, une garantie plus courte sur les installations et une garantie d’un an sur les finitions. Après l’achèvement, budgétiser les frais courants tels que les charges de copropriété et la taxe foncière annuelle (IBI) fait partie de la vie de propriétaire.",,
59,"Apply for your NIE","Demandez votre NIE",,
60,"Select an independent lawyer","Choisissez un avocat indépendant",,
61,"Consider a Spanish bank account","Envisagez un compte bancaire espagnol",,
62,"NIE","NIE",,
63,"Numero de Identificacion de Extranjero -- a Spanish tax ID number required for any property purchase by a non-Spanish national.","Numero de Identificacion de Extranjero -- un numéro d’identification fiscale espagnol requis pour tout achat immobilier par un ressortissant non espagnol.",,
64,"Reservation Agreement","Contrat de réservation",,
65,"The document and payment that takes a specific residence off the market while your private purchase contract is prepared.","Le document et le paiement qui retirent un bien précis du marché pendant que votre contrat de réservation privé est préparé.",,
66,"Private Purchase Contract","Contrat de réservation privé",,
67,"Contrato de compraventa -- the binding agreement setting out price, payment schedule, specification and delivery terms.","Contrato de compraventa -- l’accord contraignant qui fixe le prix, l’échéancier de paiement, les spécifications et les conditions de livraison.",,
68,"Bank Guarantee","Garantie bancaire",,
69,"Legally required protection for off-plan payments made before completion, covering you if the development is not delivered.","Protection légalement obligatoire pour les paiements sur plan effectués avant l’achèvement, vous couvrant si la résidence n’est pas livrée.",,
70,"Notary","Notaire",,
71,"The public official before whom the final deed of sale is signed at completion.","L’officier public devant lequel l’acte de vente final est signé lors de l’achèvement.",,
72,"The deed of sale signed at the notary and registered in your name at completion.","L’acte de vente signé chez le notaire et enregistré à votre nom lors de l’achèvement.",,
73,"Land Registry","Registre foncier",,
74,"The official record of property ownership and charges, checked by your lawyer before you sign.","Le registre officiel de propriété et des charges, vérifié par votre avocat avant votre signature.",,
75,"This guide is general information about the typical off-plan buying process on the Costa del Sol. It is not legal, tax or financial advice, and does not replace independent professional advice tailored to your situation.","Ce guide est une information générale sur le processus habituel d’achat sur plan sur la Costa del Sol. Il ne constitue pas un conseil juridique, fiscal ou financier et ne remplace pas un avis professionnel indépendant adapté à votre situation.",,
76,"Payment","Paiement",,
77,"Completion","Signature Finale",,
78,"Staged: a reservation, a larger payment on signing the private purchase contract, further payments at construction milestones, and the balance on completion.","Échelonné : une réservation, un versement plus important à la signature du contrat de réservation privé, d’autres paiements aux étapes clés de la construction, et le solde à la livraison.",,
79,"Construction and delivery risk: the project could be delayed or, worst case, not completed. Payments made before completion are required by law to be bank-guaranteed.","Risque de construction et de livraison : le projet peut prendre du retard ou, dans le pire des cas, ne pas être achevé. La loi impose que les paiements effectués avant la livraison soient couverts par une garantie bancaire.",,
80,"Buying early sometimes means a genuine say in finishes -- flooring, kitchen options, occasionally layout -- depending how far along construction is. That window closes near completion.","Acheter tôt permet parfois d’avoir un véritable droit de regard sur les finitions — sols, options de cuisine, parfois l’agencement — selon l’avancement du chantier. Cette possibilité disparaît à l’approche de la livraison.",,
81,"The case is buying below completed-market price and the value closing that gap by delivery. This depends on the specific project and area performing as expected -- it is not a guarantee.","L’argument est d’acheter en dessous du prix du marché des biens achevés, la valeur comblant cet écart d’ici la livraison. Cela dépend de la performance réelle du projet et du quartier concernés — ce n’est pas une garantie.",,
82,"Completion depends on the developer obtaining the first occupation license and certificate of completion before the deed can be signed at the notary. Your lawyer confirms these are in place before you complete.","La finalisation dépend de l’obtention par le promoteur de la licence de première occupation et du certificat de fin de travaux avant que l’acte puisse être signé chez le notaire. Votre avocat confirme que ces documents sont en règle avant la signature finale.",,
83,"Costs more upfront, but you are paying for a known quantity: the actual finish, the actual view, the actual noise level, none of which you can fully judge from a floorplan and a render.","Coûte plus cher au départ, mais vous payez pour une réalité connue : la finition réelle, la vue réelle, le niveau sonore réel, autant d’éléments impossibles à évaluer pleinement à partir d’un plan et d’un rendu 3D.",,
84,"Simpler: reserve, sign, pay the balance, usually within 30 to 60 days. No construction-linked schedule, and no way to spread the cost over time.","Plus simple : réserver, signer, régler le solde, généralement sous 30 à 60 jours. Aucun calendrier lié à la construction, et aucune possibilité d’échelonner le coût dans le temps.",,
85,"Can generate rental income or be lived in immediately after completion, with no construction timeline in the way.","Peut générer des revenus locatifs ou être habité immédiatement après la signature, sans aucun calendrier de construction en travers du chemin.",,
86,"Already issued and checkable: your lawyer verifies the existing title, license history and any charges on the property at the Land Registry before you sign.","Déjà délivrée et vérifiable : votre avocat vérifie le titre de propriété existant, l’historique des licences et toute charge grevant le bien auprès du registre foncier avant la signature.",,
87,"Does the bank guarantee cover everything I pay?","La garantie bancaire couvre-t-elle tout ce que je paie ?",,
88,"It covers payments made ahead of completion specifically. The exact scope and validity of the guarantee for a given project is something to confirm in writing before signing, not something to assume.","Elle couvre spécifiquement les paiements effectués avant la livraison. La portée exacte et la validité de la garantie pour un projet donné doivent être confirmées par écrit avant la signature, et non simplement présumées.",,
89,"Off-plan tends to suit buyers who do not need the property immediately, want to spread payments over time, and are comfortable with construction-stage risk in exchange for a lower entry price and, in some cases, a say in the finish.","L’achat sur plan convient généralement aux acheteurs qui n’ont pas besoin du bien immédiatement, souhaitent échelonner les paiements dans le temps, et acceptent le risque lié à la phase de construction en échange d’un prix d’entrée plus bas et, dans certains cas, d’un droit de regard sur la finition.",,
90,"A completed home tends to suit buyers who want to move in, rent out, or simply see exactly what they are buying without waiting or without taking on delivery risk -- often at a higher upfront cost for that certainty.","Un bien achevé convient généralement aux acheteurs qui souhaitent emménager, louer, ou tout simplement voir exactement ce qu’ils achètent sans attendre ni assumer de risque de livraison — souvent moyennant un coût initial plus élevé en échange de cette certitude.",,
91,"Private Purchase Contract Contrato de compraventa -- the binding agreement setting out price, payment schedule, specification and delivery terms, signed after reservation.","Contrat de Réservation Privé Contrato de compraventa -- l’accord contraignant définissant le prix, l’échéancier de paiement, les prestations et les conditions de livraison, signé après la réservation.",,
92,"Bank Guarantee Legally required protection for off-plan payments made before completion, covering you if the development is not delivered.","Garantie Bancaire Protection légalement obligatoire pour les paiements sur plan effectués avant la livraison, qui vous couvre si la résidence n’est pas livrée.",,
93,"First Occupation License Licencia de primera ocupacion -- the official confirmation a newly built home is fit to be lived in, required before completion.","Licence de Première Occupation Licencia de primera ocupación -- la confirmation officielle qu’un logement neuf est habitable, exigée avant la signature finale.",,
94,"Escritura The deed of sale signed at the notary and registered in your name at completion.","Escritura L’acte de vente signé chez le notaire et inscrit à votre nom lors de la signature finale.",,
95,"This guide is general information to help you compare off-plan and resale purchases on the Costa del Sol. It is not legal, tax or financial advice, and does not replace independent professional advice tailored to your situation.","Ce guide fournit des informations générales pour vous aider à comparer les achats sur plan et de revente sur la Costa del Sol. Il ne constitue pas un conseil juridique, fiscal ou financier, et ne remplace pas un avis professionnel indépendant adapté à votre situation.",,
96,"What does it cost to use Nueva Living?","Combien coûte le recours à Nueva Living ?",,
97,"Yes. What we add is the comparison: the availability list as the seller issued it, the purchase costs on top of the asking price, and the checks worth making before you reserve.","Oui. Ce que nous apportons, c’est la comparaison : la liste de disponibilité telle que le vendeur l’a établie, les frais d’acquisition qui s’ajoutent au prix affiché et les vérifications à faire avant de réserver.",,
98,"Whether it changes what we show you is not something we can settle by claiming otherwise. Read a project page instead: the empty cells where a seller gave us no figure, the purchase costs added on top of the asking price, the two sources printed side by side when they disagree. That is the evidence, and it is the same on every development we publish.","Savoir si cela change ce que nous vous montrons n'est pas une question que nous pouvons trancher en affirmant le contraire. Lisez plutôt une page de projet : les cases vides là où un vendeur ne nous a donné aucun chiffre, les frais d'acquisition ajoutés au prix demandé, les deux sources publiées côte à côte lorsqu'elles divergent. Voilà la preuve, et elle est la même sur chaque programme que nous publions.",,
99,"Whether the building licence is granted, whether your payments sit behind a bank guarantee, and whether the completion date is contractual or merely indicative.","Si le permis de construire est accordé, si vos versements sont couverts par une garantie bancaire et si la date de livraison est contractuelle ou simplement indicative.",,
100,"Including the parts that cost you money. Where tax adds six figures to the asking price, that is on the page and not left for the notary to mention.","Y compris ce qui vous coûte de l'argent. Lorsque la fiscalité ajoute six chiffres au prix demandé, cela figure sur la page et n'est pas laissé au notaire.",,
101,"Enquiry details may be processed in Nueva Living's customer relationship management system and shared with developers, legal advisers or other service providers only where necessary for a requested enquiry, viewing, reservation or service step. Website measurement events may be processed by Nueva Living's CRM and hosting providers for analytics and technical operation.","Les informations de contact peuvent être traitées dans le système de gestion de la relation client (CRM) de Nueva Living et partagées avec des promoteurs, conseillers juridiques ou autres prestataires uniquement lorsque cela est nécessaire pour une demande, une visite, une réservation ou une étape de service sollicitée. Les événements de mesure d'audience du site peuvent être traités par les prestataires CRM et d'hébergement de Nueva Living à des fins d'analyse et de fonctionnement technique.",,
102,"Legal Notice","Mentions légales",,
103,"Legal notice draft for Nueva Living.","Projet de mentions légales de Nueva Living.",,
104,"No Legal Or Financial Advice","Absence de conseil juridique ou financier",,
105,"This website is presented under the Nueva Living brand and operated by LIORA LIVING SL., Tax ID (NIF) B88827472.","Ce site web est présenté sous la marque Nueva Living et exploité par LIORA LIVING SL., numéro d'identification fiscale (NIF) B88827472.",,
106,"Information on this website does not constitute legal, financial, tax or investment advice. Buyers should seek independent professional advice before making any property decision.","Les informations figurant sur ce site web ne constituent pas un conseil juridique, financier, fiscal ou en investissement. Les acheteurs doivent obtenir un avis professionnel indépendant avant toute décision relative à un bien immobilier.",,
107,"This page explains the main terms in plain language. It should be reviewed by qualified legal counsel before any future material change.","Cette page explique les principaux termes en langage simple. Elle doit être revue par un conseiller juridique qualifié avant toute modification substantielle future.",,
108,"Legal","Mentions légales",,
109,"For the one-off taxes and fees due at purchase, see our breakdown of new-build purchase costs in Andalucia .","Pour les impôts et frais ponctuels dus à l’achat, consultez notre détail des coûts d’achat dans le neuf en Andalousie .",,
110,"The two routes are also taxed differently: new-build carries IVA and AJD, resale carries ITP. See what a new-build actually costs in Andalucia for the figures.","Les deux voies sont aussi fiscalisées différemment : le neuf supporte l’IVA et l’AJD, la revente l’ITP. Voyez ce qu’un logement neuf coûte réellement en Andalousie pour les chiffres.",,
111,"New-build in Andalucia in 2026: IVA at 10%, AJD at 1.2%, plus notary, land registry and legal fees, and the reduced stamp-duty rates that can apply.","Neuf en Andalousie en 2026 : IVA à 10%, AJD à 1,2%, plus notaire, registre foncier et honoraires d’avocat, ainsi que les taux réduits de droits de timbre applicables.",,
112,"Every competitor writes a Spain-wide cost guide quoting 8 to 13 per cent. New-build in Andalucia is a specific number, and it is knowable before you offer.","Tous les guides de coûts valables pour l’ensemble de l’Espagne annoncent entre 8 et 13 pour cent. Dans le neuf en Andalousie, le chiffre est précis, et on peut le connaître avant de faire une offre.",,
113,"Most cost guides for Spain quote a single national range, usually somewhere between 8 and 13 per cent. That range exists because it is averaging two different purchases across seventeen regions. For a new-build in Andaluc&iacute;a the tax side is not a range at all -- it is two fixed rates, and you can work out the number exactly.","La plupart des guides de coûts pour l’Espagne annoncent une fourchette nationale unique, généralement entre 8 et 13 pour cent. Cette fourchette existe parce qu’elle fait la moyenne de deux achats différents sur dix-sept régions. Pour un logement neuf en Andalousie, la fiscalité n’est pas une fourchette : ce sont deux taux fixes, et le montant se calcule exactement.",,
114,"A new-build bought from the developer is a first transmission, so it carries VAT rather than the transfer tax that applies to a resale. In Andaluc&iacute;a that means two separate taxes on the same purchase.","Un logement neuf acheté au promoteur constitue une première transmission : il est donc soumis à la TVA et non au droit de mutation applicable à la revente. En Andalousie, cela représente deux impôts distincts sur le même achat.",,
115,"11.2% on a new-build. For comparison, a resale in Andaluc&iacute;a carries ITP at 7% and no AJD -- so the tax on a new home is roughly four points higher than on an equivalent resale.","11,2% pour un logement neuf. À titre de comparaison, une revente en Andalousie supporte l’ITP à 7% et aucun AJD : la fiscalité d’un logement neuf est donc supérieure d’environ quatre points à celle d’une revente équivalente.",,
116,"Andaluc&iacute;a applies reduced AJD rates in specific circumstances. They are worth checking before you assume the general rate, though most purchases on this coast fall outside them.","L’Andalousie applique des taux d’AJD réduits dans des cas précis. Il vaut la peine de les vérifier avant de retenir le taux général, même si la plupart des achats sur cette côte n’y ouvrent pas droit.",,
117,"Notary and Land Registry fees are set by national tariff, so they do not vary between providers. Legal fees do.","Les émoluments du notaire et du registre foncier sont fixés par un tarif national et ne varient donc pas d’un prestataire à l’autre. Les honoraires d’avocat, si.",,
118,"Roughly &euro;600 to &euro;1,200 on a typical residential purchase, scaling with the price and the length of the deed. Regulated, so shopping around does not change it.","De l’ordre de 600 à 1 200 € pour un achat résidentiel classique, selon le prix et la longueur de l’acte. Tarif réglementé : comparer ne change rien.",,
119,"Typically 1% of the price plus 21% IVA on the fee, or a fixed quote in the &euro;1,500 to &euro;3,000 range for a straightforward purchase. This one is negotiable, and it is the line worth comparing quotes on.","Généralement 1% du prix plus 21% d’IVA sur les honoraires, ou un forfait de 1 500 à 3 000 € pour un achat simple. C’est le seul poste négociable, et celui qu’il vaut la peine de mettre en concurrence.",,
120,"Roughly &euro;4,500 plus IVA at 1%, or a fixed quote","De l’ordre de 4 500 € plus IVA à 1%, ou un forfait",,
121,"Around &euro;57,000, or about 12.5% over the price. Taxes are the fixed &euro;50,400 of that; the rest moves with who you instruct.","Environ 57 000 €, soit à peu près 12,5% en plus du prix. Les impôts représentent les 50 400 € fixes ; le reste dépend des professionnels que vous choisissez.",,
122,"That is the acquisition cost. It does not include mortgage arrangement and valuation fees if you are borrowing, furnishing, or the running costs that start after completion -- IBI, community fees and utilities.","Il s’agit du coût d’acquisition. Il n’inclut pas les frais de dossier et d’expertise si vous empruntez, l’ameublement, ni les charges courantes qui démarrent après la livraison : IBI, charges de copropriété et abonnements.",,
123,"The IVA rate is national and the AJD rate is set by Andaluc&iacute;a; both can change, and the reduced rates carry conditions that depend on your circumstances. This page is general information about how the costs are structured, not tax or legal advice. Confirm the figures for your own purchase with your lawyer or tax adviser before you commit to anything. Nueva Living provides a written cost breakdown for a specific residence on request.","Le taux d’IVA est national et le taux d’AJD est fixé par l’Andalousie ; les deux peuvent évoluer, et les taux réduits sont soumis à des conditions liées à votre situation. Cette page constitue une information générale sur la structure des coûts, et non un conseil fiscal ou juridique. Faites confirmer les chiffres de votre achat par votre avocat ou votre conseiller fiscal avant de vous engager. Nueva Living fournit sur demande une estimation écrite des coûts pour un logement précis.",,
124,"IVA and AJD, not transfer tax","IVA et AJD, et non droit de mutation",,
125,"What a new-build costs on top of the price","Ce qu’un logement neuf coûte en plus du prix",,
126,"When AJD is lower than 1.2%","Quand l’AJD est inférieur à 1,2%",,
127,"Notary, registry and legal fees","Notaire, registre et honoraires d’avocat",,
128,"New-Build Purchase Costs in Andalucia","Coûts d’achat dans le neuf en Andalousie",,
129,"Request a Cost Breakdown","Demander une estimation détaillée",,
130,"AJD (stamp duty)","AJD (droit de timbre)",,
131,"The Two Taxes","Les deux impôts",,
132,"IVA at 10%","IVA à 10%",,
133,"AJD at 1.2%","AJD à 1,2%",,
134,"Notary and registry","Notaire et registre",,
135,"On Top of Tax","En plus des impôts",,
136,"IVA (VAT)","IVA (TVA)",,
137,"Total tax","Fiscalité totale",,
138,"This guide is general information about buying a new-build home on the Costa del Sol. It is not legal, tax or financial advice, and does not replace independent professional advice tailored to your situation.","Ce guide est une information générale sur l’achat d’un logement neuf sur la Costa del Sol. Il ne constitue pas un conseil juridique, fiscal ou financier et ne remplace pas un avis professionnel indépendant adapté à votre situation.",,
139,"Bank Guarantees on Off-Plan Property in Spain","Garanties bancaires sur l'achat sur plan",,
140,"Disclosure in the contract","Mention au contrat",,
141,"Advance payments must be received through a credit institution and deposited in a special account, kept separate from any other class of funds. Money may only leave that account for costs arising directly from the construction of those homes. It is not the developer's working capital.","Les acomptes doivent être reçus par l'intermédiaire d'un établissement de crédit et déposés sur un compte spécial, distinct de tout autre type de fonds. Les sommes ne peuvent en sortir que pour des dépenses découlant directement de la construction de ces logements. Ce n'est pas la trésorerie du promoteur.",,
142,"The purchase contract itself must state the developer's obligation to repay, identify the insurer or guarantor, and identify the credit institution and the account. At signing you should also be handed the document evidencing the guarantee attached to your particular payments.","Le contrat de vente lui-même doit énoncer l'obligation de remboursement du promoteur, identifier l'assureur ou le garant, ainsi que l'établissement de crédit et le compte. À la signature, le document attestant la garantie rattachée à vos versements doit également vous être remis.",,
143,"Failing to put the guarantee in place is treated as a consumer-protection infringement, carrying a penalty of up to 25% of the amounts that should have been secured, on top of anything the regional building rules impose.","Ne pas constituer la garantie est qualifié d'infraction au droit de la consommation, passible d'une sanction pouvant atteindre 25 % des sommes qui auraient dû être couvertes, en sus de ce qu'imposent les règles régionales de construction.",,
144,"The obligation to guarantee repayment runs from the point the building licence is obtained -- not from the moment you first pay. This is one of the substantive differences between the current regime and the 1968 law it replaced, and it is the single most practical thing to understand before you reserve.","L'obligation de garantir le remboursement court à compter de l'obtention du permis de construire --et non du premier versement. C'est l'une des différences de fond entre le régime actuel et la loi de 1968 qu'il a remplacée, et c'est le point le plus concret à comprendre avant de réserver.",,
145,"In plain terms: if you pay a reservation fee on a project whose licence has not yet been granted, that money is not sitting behind the statutory guarantee. It may well be protected by what your contract says instead -- many reservation agreements make the fee refundable during a due-diligence window, and that is a contractual protection, not a legal one. The two are not interchangeable, and only one of them is the same at every developer.","En clair : si vous versez des arrhes de réservation sur un projet dont le permis n'est pas encore délivré, cet argent n'est pas couvert par la garantie légale. Il peut fort bien l'être par ce que prévoit votre contrat --de nombreux accords de réservation rendent la somme remboursable pendant une fenêtre de due diligence, et il s'agit là d'une protection contractuelle, non légale. Les deux ne sont pas interchangeables, et une seule est identique chez tous les promoteurs.",,
146,"This is not a reason to avoid pre-licence projects. It is a reason to know which category a project is in before you transfer anything, and to have your lawyer read the reservation terms rather than assume the statute covers you. Every project on this site states its licence status in its own trust dossier, in those words, because the distinction changes what your money is standing on.","Ce n'est pas une raison d'écarter les projets sans permis. C'est une raison de savoir dans quelle catégorie se situe un projet avant de virer quoi que ce soit, et de faire lire les conditions de réservation par votre avocat plutôt que de présumer que la loi vous couvre. Chaque projet de ce site indique son statut de permis dans son propre dossier de confiance, en ces termes, car la distinction change ce sur quoi repose votre argent.",,
147,"If construction does not begin, is not finished within the agreed period, or the habitation certificate is not obtained, you may claim back the amounts paid on account -- including the taxes applied to them -- plus statutory interest. You can either terminate the contract or grant the developer an extension, which is recorded as an additional clause setting the new delivery date.","Si la construction ne débute pas, ne s'achève pas dans le délai convenu ou si le certificat d'habitabilité n'est pas obtenu, vous pouvez réclamer les sommes versées à titre d'acompte --taxes appliquées comprises-- majorées de l'intérêt légal. Vous pouvez soit résilier le contrat, soit accorder au promoteur une prorogation, consignée dans une clause additionnelle fixant la nouvelle date de livraison.",,
148,"The practical lesson is that the guarantee is only as useful as the paperwork behind it. Ask for the guarantee document at signing, check it names you and your specific payments, and keep it. A guarantee that exists in principle but was never issued to you is the failure mode this provision was written to prevent.","La leçon pratique : une garantie ne vaut que ce que valent les documents qui la soutiennent. Demandez l'attestation de garantie à la signature, vérifiez qu'elle vous nomme et vise vos versements précis, et conservez-la. Une garantie qui existe en principe mais ne vous a jamais été délivrée est exactement le cas que cette disposition entend prévenir.",,
149,"The obligations described on this page are taken from the first additional provision of Ley 38/1999 as consolidated after Ley 20/2015, and are current as of August 2026. This is general information about how the protection is structured; it is not legal advice, and how it applies to a particular contract is a question for your own lawyer. Nueva Living confirms licence status and guarantee arrangements in writing for a specific project on request.","Les obligations décrites sur cette page proviennent de la première disposition additionnelle de la Ley 38/1999 dans sa version consolidée après la Ley 20/2015, et sont à jour en août 2026. Il s'agit d'informations générales sur la structure de la protection ; ce n'est pas un conseil juridique, et son application à un contrat donné relève de votre propre avocat. Nueva Living confirme par écrit, sur demande, le statut du permis et les garanties d'un projet précis.",,
150,"Spanish law guarantees the money you pay during construction. It does not guarantee all of it, from the moment you pay it, and the gap is where buyers get caught.","Le droit espagnol garantit l'argent versé pendant la construction. Il ne garantit pas la totalité, ni dès le premier versement, et c'est dans cet interstice que les acheteurs se font prendre.",,
151,"The guarantee starts at the building licence","La garantie démarre au permis de construire",,
152,"A guarantee","Une garantie",,
153,"How Payments Are Staged","Comment les paiements sont échelonnés",,
154,"Off-Plan Payment Schedules on the Costa del Sol","Échéanciers de paiement sur plan, Costa del Sol",,
155,"Real staged payment schedules from Costa del Sol developers: reservation fees, the 30% contract stage, construction milestones and the balance at deed.","Échéanciers réels de promoteurs de la Costa del Sol : réservation, 30 % au contrat, jalons de chantier et solde à l'acte.",,
156,"Reservation Agreements","Contrats de réservation",,
157,"Private purchase contract","Contrat de vente sous seing privé",,
158,"Request a Payment Structure","Demander un échéancier",,
159,"How off-plan payments are actually staged","Comment les paiements sur plan sont réellement échelonnés",,
160,"Reservation, contract, build, deed","Réservation, contrat, chantier, acte",,
161,"Typically bringing the total paid to 30%, with the reservation usually counted towards it. Some developers stage this as 25% at contract with the balance spread across the build. Signing windows are short -- 15 to 30 days from reservation is normal.","Porte généralement le total versé à 30 %, la réservation étant d'ordinaire imputée. Certains promoteurs en font 25 % au contrat, le solde étalé sur le chantier. Les délais de signature sont courts --15 à 30 jours après la réservation est la norme.",,
162,"Highly variable. Some projects take nothing between contract and completion; others take 10% at a fixed date, or tie payments to certified milestones such as completion of the foundation and of the structure. One project on this site spreads 50% across fifteen monthly payments from the start of works.","Très variable. Certains programmes ne prélèvent rien entre le contrat et la livraison ; d'autres prennent 10 % à date fixe, ou indexent les versements sur des jalons certifiés comme l'achèvement des fondations et de la structure. Un programme de ce site étale 50 % sur quinze mensualités à compter du démarrage du chantier.",,
163,"The balance at the deed of sale, most often 50% to 70%. This is also where the bulk of the tax falls due.","Le solde à l'acte de vente, le plus souvent 50 % à 70 %. C'est aussi à ce moment que l'essentiel de la fiscalité devient exigible.",,
164,"Note that stage payments are quoted plus VAT in most schedules, so the cash required at each stage is higher than the headline percentage. See","Notez que les versements sont indiqués hors TVA dans la plupart des échéanciers : la trésorerie requise à chaque étape dépasse donc le pourcentage affiché. Voir",,
165,"what a new-build costs on top of the price","ce qu'un logement neuf coûte en plus du prix",,
166,"for how IVA and AJD land across the timeline.","pour voir comment l'IVA et l'AJD se répartissent dans le temps.",,
167,"This is worth stating plainly, because it is often blurred: there is no Spanish statute governing reservation agreements. What your reservation fee does, whether it is refundable, and for how long, is whatever your particular reservation document says. It is a contract, and its terms vary between developers.","Il faut le dire nettement, car c'est souvent flou : aucune loi espagnole ne régit les contrats de réservation. Ce que fait votre acompte, s'il est remboursable et pendant combien de temps, dépend de votre document de réservation. C'est un contrat, et ses termes varient d'un promoteur à l'autre.",,
168,"That matters more than it sounds, because the statutory guarantee over advance payments only begins once the building licence has been obtained. A reservation paid before that point rests on the contract wording alone. Some agreements make the fee refundable for a defined due-diligence window; others do not. Read it, or have your lawyer read it, before transferring anything -- and see","Cela compte plus qu'il n'y paraît, car la garantie légale sur les acomptes ne naît qu'une fois le permis de construire obtenu. Une réservation versée avant ce moment ne repose que sur la rédaction du contrat. Certains accords rendent la somme remboursable pendant une fenêtre de due diligence définie ; d'autres non. Lisez-le, ou faites-le lire à votre avocat, avant tout virement --et voyez",,
169,"how the bank guarantee works","comment fonctionne la garantie bancaire",,
170,"Once the guarantee regime applies, amounts you pay on account must be received through a credit institution and held in a special account, separate from any other class of funds, and may only be drawn for costs arising directly from building those homes. If a developer proposes any other arrangement for staged payments, that is the point to stop and take advice.","Dès lors que le régime de garantie s'applique, les acomptes doivent être reçus via un établissement de crédit et conservés sur un compte spécial, distinct de tout autre type de fonds, et ne peuvent servir qu'aux dépenses découlant directement de la construction de ces logements. Si un promoteur propose un autre montage pour les versements, c'est le moment de s'arrêter et de prendre conseil.",,
171,"The ranges above describe the written schedules held for the projects listed on this site as of August 2026. They are not a rule, and they are not an offer -- an individual developer can and does structure payments differently, and terms change between releases. Nueva Living reconfirms the current payment structure in writing for a specific residence before any reservation.","Les fourchettes ci-dessus décrivent les échéanciers écrits détenus pour les programmes de ce site en août 2026. Ce n'est ni une règle ni une offre --un promoteur peut structurer les paiements autrement, et les conditions changent d'une tranche à l'autre. Nueva Living reconfirme par écrit la structure de paiement en vigueur pour un logement précis avant toute réservation.",,
172,"Reservation","Réservation",,
173,"Off-Plan Payment Schedules · 2026 Guide","Échéanciers sur plan · Guide 2026",,
174,"At the deed","À l’acte",,
175,"That depends on their severity and on your contract, and it is a question for your lawyer rather than a rule. What is generally available is completing with reservations recorded, which shifts the start of the periods until those are put right.","Cela dépend de leur gravité et de votre contrat : c’est une question pour votre avocat plutôt qu’une règle. Ce qui est généralement possible, c’est de signer en consignant des réserves, ce qui reporte le point de départ des délais jusqu’à leur levée.",,
176,"IVA at 10% plus AJD at 1.2%, so 11.2% of the price in tax. Both are set by law and neither is negotiable.","IVA à 10 % plus AJD à 1,2 %, soit 11,2 % du prix en impôts. Les deux sont fixés par la loi et aucun n’est négociable.",,
177,"IVA at 10% is charged on each stage payment as you make it, not held back to completion. This is the line most budgets get wrong: the cash required at each stage is the percentage plus a tenth of it again.","L’IVA à 10 % s’applique à chaque échéance au moment où vous la réglez, elle n’est pas différée à la livraison. C’est la ligne que la plupart des budgets calculent mal : la trésorerie nécessaire à chaque étape correspond au pourcentage, majoré d’un dixième.",,
178,"The balance of the price, the AJD in full, notary, Land Registry and your lawyer's fee. This is where the largest single transfer happens.","Le solde du prix, l’AJD en totalité, le notaire, le registre foncier et les honoraires de votre avocat. C’est là qu’intervient le virement le plus important.",,
179,"How the Bank Guarantee Works","Comment fonctionne la garantie bancaire",,
180,"A new-build comes with statutory cover against defects, and it is not one warranty but three, each running for a different length of time and each pointing at a different party. Knowing which clock applies to a given problem is what turns a snagging list from a favour the developer might do into a claim with a legal basis.","Un logement neuf bénéficie d'une couverture légale contre les défauts, et il ne s'agit pas d'une garantie mais de trois, chacune d'une durée différente et visant une partie différente. Savoir quel délai s'applique à un problème donné, c'est ce qui transforme une liste de réserves en réclamation fondée en droit, et non en faveur que le promoteur voudra bien accorder.",,
181,"All three periods run from the date the works are formally received without reservations -- or, where reservations were made, from the date those are put right. Not from when you move in, and not from the deed.","Les trois délais courent à compter de la réception formelle des travaux sans réserves --ou, si des réserves ont été émises, à compter de leur levée. Ni de votre emménagement, ni de l'acte.",,
182,"The periods and liabilities described here are taken from articles 17 and 19 of Ley 38/1999 and its second additional provision, as consolidated, and are current as of August 2026. This page is general information about how the cover is structured, not legal advice. Whether a particular defect falls in a particular period is a question of fact for your lawyer and, usually, a surveyor. Nueva Living can provide the warranty and insurance documentation held for a specific project on request.","Les délais et responsabilités décrits ici proviennent des articles 17 et 19 de la Ley 38/1999 et de sa deuxième disposition additionnelle, en version consolidée, et sont à jour en août 2026. Cette page est une information générale sur la structure de la couverture, non un conseil juridique. Savoir si un défaut donné relève d'un délai donné est une question de fait pour votre avocat et, généralement, un expert. Nueva Living peut fournir sur demande la documentation de garantie et d'assurance détenue pour un programme précis.",,
183,"Independent help comparing Costa del Sol developers, contracts, payment schedules and bank guarantees before you reserve an off-plan home.","Un accompagnement indépendant pour comparer promoteurs, contrats, échéanciers et garanties bancaires avant de réserver un logement sur plan.",,
184,"With a Mortgage","Avec un prêt",,
185,"After Completion","Après la livraison",,
186,"What a mortgage adds to the total","Ce qu'un prêt ajoute au total",,
187,"The costs do not arrive together","Les coûts n'arrivent pas en même temps",,
188,"The costs that start rather than stop","Les coûts qui commencent au lieu de finir",,
189,"What buyers ask us about cost","Ce qu'on nous demande sur les coûts",,
190,"Arrangement fee","Frais de dossier",,
191,"AJD on the mortgage","AJD sur le prêt",,
192,"Community fees","Charges de copropriété",,
193,"Non-resident income tax","Impôt des non-résidents",,
194,"At reservation","À la réservation",,
195,"Is the IVA paid in one payment at the end?","La TVA se paie-t-elle en une fois à la fin ?",,
196,"Can I reclaim the IVA?","Puis-je récupérer la TVA ?",,
197,"If you are borrowing, three of the four costs below fall on you and one does not. The one that does not is the one older guides still list as yours.","Si vous empruntez, trois des quatre coûts ci-dessous vous incombent et un non. Celui qui ne vous incombe pas est précisément celui que les anciens guides vous attribuent encore.",,
198,"The tasaci&oacute;n, &euro;300 to &euro;600, paid before the bank will issue a binding offer. The report is valid for six months, and the bank lends against the lower of valuation and price.","La tasaci&oacute;n, de 300 à 600 €, se règle avant que la banque n'émette une offre ferme. Le rapport est valable six mois et la banque prête sur le plus bas de l'expertise et du prix.",,
199,"Nothing. The lender has paid the stamp duty on the mortgage deed since Real Decreto-ley 17/2018. Any guide still listing it as a buyer cost predates that change.","Rien. Le prêteur acquitte le droit de timbre sur l'acte de prêt depuis le Real Decreto-ley 17/2018. Tout guide qui l'impute encore à l'acheteur est antérieur à ce changement.",,
200,"0.5% to 1% of the loan, or a fixed fee, if you use one. Worth it where a broker reaches lenders that price non-resident files differently.","De 0,5 % à 1 % du prêt, ou un forfait, si vous en passez par un. Utile quand le courtier atteint des banques qui tarifent différemment les dossiers de non-résidents.",,
201,"A single percentage makes it sound like one bill at the end. In practice the tax arrives in instalments and the professional fees arrive at the deed.","Un pourcentage unique laisse croire à une seule facture à la fin. En pratique l'impôt arrive par tranches et les honoraires arrivent à l'acte.",,
202,"Nothing beyond the reservation fee itself, and that counts towards the price rather than sitting on top of it.","Rien au-delà des arrhes elles-mêmes, et celles-ci s'imputent sur le prix au lieu de s'y ajouter.",,
203,"Acquisition cost is the number people compare. Running cost is the number they live with, and it is knowable before you reserve.","Le coût d'acquisition est le chiffre que l'on compare. Le coût de fonctionnement est celui avec lequel on vit, et il est connaissable avant de réserver.",,
204,"Municipal property tax, charged on the valor catastral rather than the market price, broadly 0.4% to 1.1% of it a year. Because the catastral value is a fraction of what you paid, the bill is usually a few hundred to a couple of thousand euros.","Taxe foncière municipale, assise sur la valeur cadastrale et non sur le prix, environ 0,4 % à 1,1 % par an. La valeur cadastrale n'étant qu'une fraction du prix payé, la note va généralement de quelques centaines à deux mille euros.",,
205,"Set per home by participation quota. A development with a spa, heated pools and a concierge costs more to run than a small block, and the community budget exists before you reserve. Ask for it.","Fixées par quote-part de chaque logement. Un programme avec spa, piscines chauffées et conciergerie coûte plus cher à faire tourner qu'un petit immeuble, et le budget de copropriété existe avant votre réservation. Demandez-le.",,
206,"Spain taxes an imputed income on a second home even when it is never let, declared on Modelo 210. Residents of the EU and EEA are taxed at 19%, others at 24%.","L'Espagne impose un revenu réputé sur une résidence secondaire même jamais louée, déclaré via le Modelo 210. Les résidents de l'UE et de l'EEE sont taxés à 19 %, les autres à 24 %.",,
207,"No. IVA is set nationally and AJD by Andaluc&iacute;a, and neither moves on a private purchase. What is negotiable is the legal fee, and the arrangement fee if you borrow.","Non. La TVA est fixée au niveau national et l'AJD par l'Andalousie ; aucun des deux ne bouge sur un achat privé. Ce qui se négocie, ce sont les honoraires d'avocat et, si vous empruntez, les frais de dossier.",,
208,"No. That tax falls on the seller, and on a new-build the seller is the developer. It is a resale question that follows buyers into new-build guides where it does not belong.","Non. Cet impôt incombe au vendeur, et sur du neuf le vendeur est le promoteur. C'est une question de revente qui suit les acheteurs jusque dans des guides du neuf où elle n'a pas sa place.",,
209,"No. It is charged on each stage payment as that payment is made. A schedule quoting 30% at contract means 30% plus IVA on that 30%, and the same at every stage after it.","Non. Elle s'applique à chaque versement au moment où il est fait. Un échéancier annonçant 30 % au contrat signifie 30 % plus la TVA sur ces 30 %, et de même à chaque étape suivante.",,
210,"The Tax Gap","L'écart fiscal",,
211,"Can I get a mortgage on an off-plan purchase?","Puis-je obtenir un prêt pour un achat sur plan ?",,
212,"Can I sell an off-plan unit before completion?","Puis-je revendre un lot sur plan avant la livraison ?",,
213,"ITP at 7% and no AJD. Four points lower, on the same price.","ITP à 7 % et pas d'AJD. Quatre points de moins, sur le même prix.",,
214,"A resale at the same headline price costs roughly &euro;18,000 less in tax on a &euro;450,000 purchase. An off-plan unit has to be priced meaningfully below the finished comparable before it is the cheaper transaction, not merely the cheaper number.","Une revente au même prix affiché coûte environ 18 000 € de moins en impôts sur un achat de 450 000 €. Un lot sur plan doit être nettement en dessous du comparable achevé pour être l'opération la moins chère, et pas seulement le chiffre le plus bas.",,
215,"Unpaid community charges attach to the property itself for the current year and the three preceding ones, and unpaid IBI attaches to it without a time limit of that kind. Your lawyer asks for a certificate of no debt from the community and checks the IBI receipts before you sign.","Les charges de copropriété impayées grèvent le bien lui-même pour l'année en cours et les trois précédentes, et l'IBI impayé le grève sans limite de ce type. Votre avocat demande à la copropriété un certificat de non-dette et vérifie les avis d'IBI avant la signature.",,
216,"Where the seller is not resident in Spain, the buyer withholds 3% of the price and pays it to the tax office on the seller's account. It is the buyer's obligation, not the seller's courtesy, and it does not arise at all buying from a developer.","Si le vendeur ne réside pas en Espagne, l'acheteur retient 3 % du prix et le verse au fisc pour le compte du vendeur. C'est une obligation de l'acheteur, non une amabilité du vendeur, et elle ne se pose pas du tout auprès d'un promoteur.",,
217,"Extensions, glazed terraces and pool houses added without permission are common and do not always appear in the deed. What is registered, what is built and what was licensed have to agree, and only a search establishes that.","Extensions, terrasses vitrées et pool houses réalisés sans autorisation sont fréquents et n'apparaissent pas toujours à l'acte. Ce qui est publié, ce qui est bâti et ce qui a été autorisé doivent concorder, et seule une recherche l'établit.",,
218,"At the same headline price, no, because the tax is four points higher. Off-plan is cheaper where the price genuinely sits below the finished comparable by more than that, which is a project-by-project question rather than a rule.","À prix affiché égal, non, car l'impôt est supérieur de quatre points. Le sur plan revient moins cher lorsque le prix se situe réellement sous le comparable achevé de plus que cela, ce qui s'apprécie programme par programme et non en règle générale.",,
219,"Yes, but the loan is normally drawn at completion rather than during construction, so the stage payments come out of your own funds. That changes the cash profile more than the total, and it is worth modelling before you reserve.","Oui, mais le prêt se débloque normalement à l'acte et non pendant le chantier : les versements échelonnés sortent donc de vos fonds propres. Cela modifie le profil de trésorerie plus que le total, et mérite d'être chiffré avant de réserver.",,
220,"Delays of a few months against the original estimate are common. Your contract sets the delivery date and what happens if it is missed, including whether you may terminate or grant an extension, and that clause is worth reading before you sign rather than after.","Des retards de quelques mois par rapport à l'estimation initiale sont courants. Votre contrat fixe la date de livraison et ce qui se passe si elle n'est pas tenue, y compris la faculté de résilier ou d'accorder une prorogation : cette clause se lit avant la signature, pas après.",,
221,"Sometimes. Whether the contract can be assigned to another buyer, and on what terms and fee, is set by the developer and varies widely. If that is part of your plan, establish it in writing before reserving, not later.","Parfois. La possibilité de céder le contrat à un autre acquéreur, à quelles conditions et pour quels frais, dépend du promoteur et varie fortement. Si cela fait partie de votre plan, actez-le par écrit avant de réserver, pas après.",,
222,"What the guarantee actually returns","Ce que la garantie restitue réellement",,
223,"Is my reservation fee guaranteed?","Mes arrhes de réservation sont-elles garanties ?",,
224,"Who pays for the guarantee?","Qui paie la garantie ?",,
225,"Does the guarantee cover a delay, or only non-delivery?","La garantie couvre-t-elle un retard, ou seulement la non-livraison ?",,
226,"Does it transfer if I assign the contract?","Est-elle transférée si je cède le contrat ?",,
227,"A guarantee is not compensation for a purchase that went wrong. It is a return of what you handed over, and knowing its edges is what stops it being mistaken for something wider.","Une garantie n'est pas une indemnisation pour un achat qui a mal tourné. C'est la restitution de ce que vous avez versé, et connaître ses limites évite de la prendre pour quelque chose de plus large.",,
228,"The amounts paid on account, the taxes charged on those amounts, and statutory interest from the date each payment was made.","Les sommes versées à titre d'acompte, les taxes appliquées sur ces sommes et l'intérêt légal depuis la date de chaque versement.",,
229,"The gain you expected. If the finished market moved while you waited, the guarantee returns your money and not the difference. It restores your position; it does not deliver the bargain.","La plus-value espérée. Si le marché de l'achevé a bougé pendant votre attente, la garantie vous rend votre argent, pas l'écart. Elle rétablit votre position ; elle ne livre pas la bonne affaire.",,
230,"Costs you incurred around the purchase -- legal fees, travel, a mortgage arrangement fee already paid. Those sit outside the statutory guarantee and belong to whatever your contract says about them.","Les frais engagés autour de l'achat --honoraires, déplacements, frais de dossier déjà réglés. Ils restent hors de la garantie légale et relèvent de ce que prévoit votre contrat.",,
231,"A guarantee that exists at the level of the development is not the same as one issued for your payments. These are the four things to establish, in this order, and none of them requires taking anyone's word for it.","Une garantie qui existe au niveau du programme n'est pas la même chose qu'une garantie émise pour vos versements. Voici les quatre points à établir, dans cet ordre, et aucun ne repose sur la parole de qui que ce soit.",,
232,"Ask whether the building licence has been granted, and for the date. Before that point the statutory guarantee has not yet arisen, however the reservation is described.","Demandez si le permis de construire a été délivré, et la date. Avant ce moment la garantie légale n'est pas encore née, quelle que soit la façon dont la réservation est présentée.",,
233,"The contract should identify the credit institution and the special account, and your payments should go there rather than to a general company account. Compare the account on the contract with the one on the payment instruction.","Le contrat doit identifier l'établissement de crédit et le compte spécial, et vos versements doivent y aller plutôt que sur un compte général de la société. Comparez le compte figurant au contrat avec celui de l'ordre de virement.",,
234,"Ask for the certificate or policy that covers your payments specifically. It should name you, name the unit, and state the amounts. A master policy for the development is the frame, not the cover.","Demandez le certificat ou la police couvrant vos versements en particulier. Il doit vous nommer, désigner le lot et indiquer les montants. Une police-cadre du programme est le cadre, pas la couverture.",,
235,"Check the insurer or bank named on it is authorised to operate in Spain. This takes one search and it is the step people skip.","Vérifiez que l'assureur ou la banque qui y figure est agréé pour opérer en Espagne. Une seule recherche suffit, et c'est l'étape que l'on saute.",,
236,"A guaranteed buyer is not in that queue. The claim runs against the insurer or the bank that issued the guarantee, which is a solvent third party with its own obligation to you, and it does not depend on what the developer has left. That is the difference the paperwork buys, and it is why a guarantee held in your own name matters more than a reassurance that the development is covered.","Un acheteur garanti n'est pas dans cette file. La réclamation s'exerce contre l'assureur ou la banque émettrice, un tiers solvable tenu envers vous, et elle ne dépend pas de ce qu'il reste au promoteur. C'est la différence qu'achète la paperasse, et c'est pourquoi une garantie à votre nom vaut mieux qu'une assurance verbale que le programme est couvert.",,
237,"Only once the building licence has been granted. Paid before that, it rests on the wording of your reservation agreement instead, which is a contractual protection rather than a statutory one, and it differs between developers.","Seulement une fois le permis de construire délivré. Versées avant, elles reposent sur la rédaction de votre contrat de réservation, protection contractuelle et non légale, qui varie d'un promoteur à l'autre.",,
238,"The developer. It is their obligation and their cost, and it should not appear as a charge added to your payments. If it does, ask what it is.","Le promoteur. C'est son obligation et son coût, et cela ne doit pas figurer comme un supplément sur vos versements. Si c'est le cas, demandez de quoi il s'agit.",,
239,"It is triggered where construction does not begin, is not finished within the agreed period, or the habitation certificate is not obtained. A delay that runs past the agreed period reaches it; a delay inside that period is a contract question.","Elle se déclenche si la construction ne débute pas, ne s'achève pas dans le délai convenu, ou si le certificat d'habitabilité n'est pas obtenu. Un retard qui dépasse le délai convenu l'atteint ; un retard à l'intérieur du délai relève du contrat.",,
240,"Not automatically in the sense that matters. Where a contract is assigned, the guarantee has to follow the new buyer in writing, and that is a step to confirm rather than assume.","Pas automatiquement au sens qui compte. En cas de cession du contrat, la garantie doit suivre le nouvel acquéreur par écrit, et c'est une étape à confirmer, non à présumer.",,
241,"What 30% at contract actually costs","Ce que coûtent vraiment 30 % au contrat",,
242,"The cost that is not in the schedule","Le coût qui ne figure pas à l'échéancier",,
243,"What buyers ask us about payments","Ce qu'on nous demande sur les paiements",,
244,"At contract, 30%","Au contrat, 30 %",,
245,"At the deed, 70%","À l'acte, 70 %",,
246,"Can I negotiate the payment schedule?","Puis-je négocier l'échéancier ?",,
247,"What if I cannot make a stage payment?","Et si je ne peux pas honorer un versement ?",,
248,"Do stage payments go to the developer directly?","Les versements vont-ils directement au promoteur ?",,
249,"Schedules are quoted net of VAT, so every percentage on them understates the transfer by a tenth. On a &euro;600,000 home the difference is not academic.","Les échéanciers sont exprimés hors TVA : chaque pourcentage sous-estime donc le virement d'un dixième. Sur un bien à 600 000 €, l'écart n'a rien de théorique.",,
250,"&euro;180,000 net, less the &euro;10,000 already paid, plus 10% IVA on the &euro;180,000. The transfer is &euro;188,000, not &euro;170,000.","180 000 € hors taxes, moins les 10 000 € déjà versés, plus 10 % de TVA sur les 180 000 €. Le virement est de 188 000 €, pas de 170 000 €.",,
251,"&euro;420,000 net plus IVA on that, plus the AJD on the full price, plus notary, registry and legal. Around &euro;476,000 before fees.","420 000 € hors taxes plus la TVA correspondante, plus l'AJD sur le prix total, plus notaire, registre et avocat. Environ 476 000 € avant honoraires.",,
252,"Two schedules can quote identical percentages and behave completely differently, because what triggers a payment is set by wording rather than by the number beside it.","Deux échéanciers peuvent afficher des pourcentages identiques et se comporter tout autrement, car ce qui déclenche un versement tient à la rédaction, non au chiffre en regard.",,
253,"Where payments follow milestones, the schedule should say who confirms one has been reached. In practice that is the project's technical architect, and the certificate is a document you can ask to see.","Lorsque les versements suivent des jalons, l'échéancier doit indiquer qui confirme qu'un jalon est atteint. En pratique c'est l'architecte technique du chantier, et le certificat est un document que vous pouvez demander à consulter.",,
254,"Fifteen days is common, and it is short if funds have to move across borders. Establish the notice period before you sign rather than discovering it with a payment demand.","Quinze jours est courant, et c'est peu si les fonds doivent franchir des frontières. Établissez le délai de préavis avant de signer plutôt que de le découvrir avec l'appel de fonds.",,
255,"Contracts vary widely: interest, a cure period, and in some cases termination with retention of part of what you have paid. This is one of the clauses worth reading closely, because it is the one that costs the most when it applies.","Les contrats varient beaucoup : intérêts, délai de régularisation et, dans certains cas, résiliation avec rétention d'une partie des sommes versées. C'est l'une des clauses à lire attentivement, car c'est celle qui coûte le plus quand elle s'applique.",,
256,"Occasionally offered, and worth weighing carefully: paying ahead of the schedule increases what you have at risk before delivery, and the guarantee covers what you have paid rather than what you were promised in return.","Parfois proposé, et à peser soigneusement : payer en avance sur l'échéancier augmente ce que vous avez en risque avant la livraison, et la garantie couvre ce que vous avez versé, non ce qu'on vous a promis en échange.",,
257,"They should go to the special account named in your contract, held apart from the developer's other funds, once the guarantee regime applies. Compare the account on the contract against the one on the payment instruction each time.","Ils doivent aller sur le compte spécial identifié à votre contrat, distinct des autres fonds du promoteur, dès lors que le régime de garantie s'applique. Comparez à chaque fois le compte du contrat et celui de l'ordre de virement.",,
258,"Not by itself. Spreading payments helps your cash flow and increases the period over which you are exposed to the build completing. Which matters more depends on your own position, not on the shape of the schedule.","Pas en soi. Étaler les versements soulage votre trésorerie et allonge la période pendant laquelle vous êtes exposé à l'achèvement du chantier. Lequel prime dépend de votre situation, non de la forme de l'échéancier.",,
259,"How much does property cost in Marbella?","Combien coûte un bien à Marbella ?",,
260,"How much does property cost in Estepona?","Combien coûte un bien à Estepona ?",,
261,"How much does property cost in Casares?","Combien coûte un bien à Casares ?",,
262,"How much does property cost in Benahavís?","Combien coûte un bien à Benahavís ?",,
263,"How much does property cost in Nueva Andalucía?","Combien coûte un bien à Nueva Andalucía ?",,
264,"How much does property cost in Mijas and Fuengirola?","Combien coûte un bien à Mijas et Fuengirola ?",,
265,"How much does property cost in San Pedro de Alcántara?","Combien coûte un bien à San Pedro de Alcántara ?",,
266,"It depends on what you are paying for. Guadalmina Baja and the beachside strip between the A-7 and the sea carry the highest prices and the shortest walk to the sand. Guadalmina Alta and the pueblo cost materially less and give you the town instead. Which side of the A-7 you end up on changes daily life more than the price gap suggests.","Cela dépend de ce que vous payez. Guadalmina Baja et la bande littorale entre l’A-7 et la mer affichent les prix les plus élevés et le trajet le plus court jusqu’au sable. Guadalmina Alta et le centre coûtent nettement moins et vous donnent la ville à la place. Le côté de l’A-7 où vous atterrissez change le quotidien plus que l’écart de prix ne le laisse penser.",,
267,"The NIE","Le NIE",,
268,"Power of Attorney","Procuration",,
269,"How off-plan payments are staged","Comment les paiements sur plan sont échelonnés",,
270,"When do I need the NIE?","Quand ai-je besoin du NIE ?",,
271,"Do I need a Spanish bank account to buy?","Ai-je besoin d’un compte bancaire espagnol pour acheter ?",,
272,"Why is my lawyer asking where my money came from?","Pourquoi mon avocat demande-t-il d’où vient mon argent ?",,
273,"Can my lawyer apply for the NIE for me?","Mon avocat peut-il demander le NIE à ma place ?",,
274,"Does buying property in Spain make me a tax resident?","Acheter un bien en Espagne fait-il de moi un résident fiscal ?",,
275,"A tax identifier for foreign nationals, required for the purchase to be registered in your name. Not a residence permit, and not a declaration of tax residency.","Un identifiant fiscal pour les ressortissants étrangers, nécessaire pour que l’achat soit inscrit à votre nom. Ce n’est ni un titre de séjour ni une déclaration de résidence fiscale.",,
276,"Before the private purchase contract, which on an off-plan purchase comes weeks after reservation rather than months.","Avant le contrat privé d’achat, qui, sur un achat sur plan, intervient quelques semaines après la réservation et non des mois.",,
277,"You, in person, or a representative holding a power of attorney that covers it. Both routes are ordinary; the choice is usually about timing.","Vous, en personne, ou un représentant muni d’une procuration le prévoyant. Les deux voies sont courantes ; le choix relève surtout du calendrier.",,
278,"Before a Spanish notary, in one appointment, usually on the same trip as a viewing.","Devant un notaire espagnol, en un seul rendez-vous, généralement lors du même déplacement qu’une visite.",,
279,"Before a notary where you live, then legalised for use in Spain and translated. Plan for it rather than around it.","Devant un notaire dans votre pays, puis légalisée pour l’Espagne et traduite. Prévoyez-le plutôt que de le contourner.",,
280,"Yes, with a power of attorney authorising someone in Spain to sign for you. It is ordinary practice rather than a workaround. Whether it is the right choice is a separate question, and it usually turns on whether you have seen the setting rather than on the paperwork.","Oui, avec une procuration autorisant quelqu’un en Espagne à signer pour vous. C’est une pratique courante, pas un contournement. Savoir si c’est le bon choix est une autre question, qui tient généralement au fait d’avoir vu le cadre plutôt qu’aux formalités.",,
281,"Before the private purchase contract, not at the deed. On an off-plan purchase that contract follows the reservation by a matter of weeks, so the application is worth starting as soon as you reserve rather than once the contract is drafted.","Avant le contrat privé d’achat, pas à l’acte. Sur un achat sur plan, ce contrat suit la réservation de quelques semaines : mieux vaut lancer la demande dès la réservation plutôt qu’une fois le contrat rédigé.",,
282,"Not to complete the purchase itself. You will want one afterwards, because community fees, IBI and utilities are collected by direct debit from a Spanish account. Opening one requires an NIE, which is why the two run in that order.","Pas pour conclure l’achat lui-même. Vous en voudrez un ensuite, car les charges de copropriété, l’IBI et les factures sont prélevés sur un compte espagnol. L’ouvrir exige un NIE : d’où cet ordre.",,
283,"Because they are required to establish it, as are the notary and the bank. It applies to every buyer and says nothing about you. The only real risk is leaving it late, since the evidence often has to come from an institution in another country on their schedule rather than yours.","Parce qu’il y est tenu, tout comme le notaire et la banque. Cela s’applique à chaque acheteur et ne dit rien de vous. Le seul vrai risque est de s’y prendre tard, car les justificatifs doivent souvent venir d’un établissement d’un autre pays, à son rythme et non au vôtre.",,
284,"A representative holding a power of attorney that covers it can apply on your behalf. Which route is faster, that or an appointment at your own consulate, depends on the consulate rather than on any general rule, so it is worth asking before choosing.","Un représentant muni d’une procuration le prévoyant peut la demander pour vous. Laquelle des deux voies est la plus rapide, celle-là ou un rendez-vous à votre consulat, dépend du consulat et non d’une règle générale : mieux vaut demander avant de choisir.",,
285,"No. An NIE is an identifier, not a residence permit, and owning a home does not by itself make you resident. Tax residency turns on your own circumstances and is a question for a tax adviser rather than for a property page.","Non. Le NIE est un identifiant, pas un titre de séjour, et être propriétaire ne vous rend pas résident en soi. La résidence fiscale dépend de votre situation et relève d’un conseiller fiscal, pas d’une page immobilière.",,
286,"Comparing projects, reviewing floorplans and prices, even a private presentation of a development, all happen remotely. What cannot happen by email is the part that involves the Spanish state and your bank: a tax number, a signature the notary will accept, and money that arrives from a source you can evidence. Each of those has a lead time, and each of them delays a purchase when it is started late rather than early.","Comparer des programmes, examiner plans et prix, même une présentation privée d’un projet : tout cela se fait à distance. Ce qui ne se fait pas par e-mail, c’est la partie qui engage l’État espagnol et votre banque : un numéro fiscal, une signature que le notaire accepte, et de l’argent venu d’une origine que vous pouvez justifier. Chacun de ces éléments a un délai, et chacun retarde l’achat lorsqu’il est engagé tard plutôt que tôt.",,
287,"An NIE, N&uacute;mero de Identificaci&oacute;n de Extranjero, is a tax identification number required for any property purchase in Spain by a non-Spanish national. It is not a residence permit and it does not make you a tax resident. It is an identifier, and without one the purchase cannot be registered in your name.","Le NIE, Número de Identificación de Extranjero, est un numéro d’identification fiscale exigé pour tout achat immobilier en Espagne par un ressortissant étranger. Ce n’est pas un titre de séjour et il ne fait pas de vous un résident fiscal. C’est un identifiant, et sans lui l’achat ne peut être inscrit à votre nom.",,
288,"It is needed before you sign the private purchase contract, not at the deed, which is earlier than most buyers assume. Applications are made in person, either at a Spanish consulate in your own country or in Spain, and a representative acting under a power of attorney can apply on your behalf. Which of those routes is quickest depends on your consulate rather than on any general rule, so the sequence to follow is: ask what your consulate currently requires, then start.","Il est nécessaire avant la signature du contrat privé d’achat, et non à l’acte, ce qui est plus tôt que la plupart ne le pensent. La demande se fait en personne, dans un consulat d’Espagne de votre pays ou en Espagne, et un représentant muni d’une procuration peut la déposer pour vous. Laquelle de ces voies est la plus rapide dépend de votre consulat et non d’une règle générale : commencez donc par demander ce qu’il exige aujourd’hui.",,
289,"A power of attorney, a poder , authorises someone in Spain to act for you within limits you set. In a property purchase that is usually your lawyer, and it is what allows a contract to be signed and a deed to be completed while you are elsewhere. It is the single document that decides whether the purchase needs you in the country.","Une procuration, un poder , autorise une personne en Espagne à agir pour vous dans les limites que vous fixez. Dans un achat immobilier, c’est en général votre avocat, et c’est ce qui permet de signer un contrat et de passer l’acte pendant que vous êtes ailleurs. C’est le seul document qui décide si l’achat exige votre présence dans le pays.",,
290,"Spanish banks, notaries and lawyers are required to establish the origin of the funds in a property purchase. This is routine, it applies to everyone, and it is not a judgement about you. It becomes a problem only when it is left until the week of the deed, because the evidence often has to come from institutions in another country and on their timetable.","Les banques, notaires et avocats espagnols sont tenus d’établir l’origine des fonds dans un achat immobilier. C’est une routine, cela s’applique à tous et ce n’est pas un jugement sur vous. Cela ne devient un problème que si l’on s’y prend la semaine de l’acte, car les justificatifs viennent souvent d’établissements d’un autre pays et selon leur calendrier.",,
291,"The practical version: whatever the money's history is, it should be documentable from the account it leaves. A sale, a transfer between your own accounts, an inheritance, a bonus. Assemble that early, and the question is answered when it is asked rather than sending you back to a bank abroad at the worst possible moment.","La version pratique : quelle que soit l’histoire de cet argent, elle doit être documentable depuis le compte d’où il part. Une vente, un virement entre vos propres comptes, un héritage, une prime. Rassemblez cela tôt et la question trouve sa réponse au moment où elle est posée, au lieu de vous renvoyer vers une banque à l’étranger au pire moment.",,
292,"With a power of attorney in place, a purchase can complete without you setting foot in Spain. That is worth knowing, and it is not always worth doing. Two moments repay a trip more than any document does.","Avec une procuration en place, un achat peut se conclure sans que vous mettiez les pieds en Espagne. Il est utile de le savoir, et ce n’est pas toujours souhaitable. Deux moments valent un déplacement plus que n’importe quel document.",,
293,"This page describes how a purchase from abroad is structured, not the current paperwork of any one consulate. Requirements, appointment availability and the exact documents differ between countries and change without much notice, and the only reliable version is the one your own consulate publishes today. Nueva Living confirms what a specific purchase requires and coordinates the sequence with your lawyer.","Cette page décrit la structure d’un achat depuis l’étranger, non les formalités actuelles d’un consulat donné. Les exigences, la disponibilité des rendez-vous et les documents exacts varient d’un pays à l’autre et changent sans grand préavis ; la seule version fiable est celle que votre propre consulat publie aujourd’hui. Nueva Living confirme ce qu’exige un achat précis et coordonne l’enchaînement avec votre avocat.",,
294,"Two things matter here and they are separate. The first is where the money goes. On an off-plan purchase, payments made before completion must reach the special account named in your contract, not a general company account. That is a legal requirement rather than an administrative preference, and it is covered in full in","Deux choses comptent ici, et elles sont distinctes. La première est la destination de l’argent. Sur un achat sur plan, les versements antérieurs à la livraison doivent parvenir au compte spécial désigné dans votre contrat, et non à un compte général de la société. C’est une exigence légale et non une préférence administrative, exposée en détail dans",,
295,"The second is what it costs to get there. A staged purchase paid from a currency other than the euro is a series of conversions rather than one, spread across the build, and the schedule says nothing about that.","La seconde est ce que coûte l’acheminement. Un achat échelonné réglé dans une devise autre que l’euro représente une série de conversions et non une seule, étalées sur le chantier, et l’échéancier n’en dit rien.",,
296,"A Spanish bank account is not strictly required to complete a purchase, which surprises people. It becomes necessary afterwards, because community fees, IBI and utilities are collected by direct debit from a Spanish account. Opening one takes an NIE, so the sequence runs in the order this page does.","Un compte bancaire espagnol n’est pas strictement indispensable pour conclure l’achat, ce qui surprend. Il le devient ensuite, car les charges de copropriété, l’IBI et les factures sont prélevés sur un compte espagnol. L’ouvrir exige un NIE : la séquence suit donc l’ordre de cette page.",,
297,"Buying from Abroad: NIE and Power of Attorney","Acheter depuis l’étranger : NIE et procuration",,
298,"Bank Guarantees Explained","Les garanties bancaires expliquées",,
299,"Off-Plan Payment Schedules","Échéanciers de paiement sur plan",,
300,"What a purchase actually needs you present for: when the NIE is required, what a power of attorney covers, and how the money reaches the developer.","Ce pour quoi votre présence est réellement nécessaire : quand le NIE est exigé, ce que couvre une procuration et comment l’argent parvient au promoteur.",,
301,"What actually protects an off-plan deposit under Spanish law, and the point in the timeline at which the statutory guarantee has not started yet.","Ce qui protège réellement un acompte sur plan selon la loi espagnole, et le moment du parcours où la garantie légale n’a pas encore commencé.",,
302,"The staged payment structures the developers on this site have supplied in writing, from reservation through to the balance at deed.","Les échéanciers que les promoteurs présentés sur ce site ont fournis par écrit, de la réservation jusqu’au solde à l’acte.",,
303,"Figures reflect currently published developments matching this search and are reconfirmed by Nueva Living before any viewing or reservation.","Les chiffres reflètent les programmes actuellement publiés correspondant à cette recherche, et sont reconfirmés par Nueva Living avant toute visite ou réservation.",,
304,"Nueva Living confirms current availability, price list and payment terms directly with the developer.","Nueva Living confirme directement auprès du promoteur la disponibilité actuelle, la liste des prix et les conditions de paiement.",,
305,"Usually, yes. Service charges are typically calculated on built size or a fixed per-unit share, and a penthouse’s larger terrace or solarium generally puts it in a higher share than a mid-floor apartment in the same building. Nueva Living confirms the exact community fee structure for any development before you reserve.","En général, oui. Les charges de copropriété sont généralement calculées sur la surface construite ou selon un quota fixe par lot, et la terrasse ou le solarium plus grand d’un penthouse le place généralement dans un quota supérieur à celui d’un appartement d’étage intermédiaire dans le même immeuble. Nueva Living confirme la structure exacte des charges pour tout programme avant votre réservation.",,
306,"New-build apartments and penthouses here are typically sold off-plan or under construction, with staged payments through to completion. Nueva Living reconfirms the current price list, floorplans and payment schedule for any development before you shortlist it.","Ici, les appartements et penthouses neufs sont généralement vendus sur plan ou en cours de construction, avec des paiements échelonnés jusqu’à la livraison. Nueva Living reconfirme la liste de prix actuelle, les plans et l’échéancier de paiement de tout programme avant de le présélectionner.",,
307,"Most current releases are off-plan or under construction, sold with staged payments.","La plupart des lancements actuels sont sur plan ou en cours de construction, vendus avec des paiements échelonnés.",,
308,"Current releases are off-plan, sold with staged payments through to completion.","Les lancements actuels sont vendus sur plan, avec des paiements échelonnés jusqu’à la livraison.",,
309,"New-build apartments and penthouses here are typically sold off-plan, with staged payments through to completion. Nueva Living reconfirms the current price list, floorplans and payment schedule for any development before you shortlist it.","Ici, les appartements et penthouses neufs sont généralement vendus sur plan, avec des paiements échelonnés jusqu’à la livraison. Nueva Living reconfirme la liste de prix actuelle, les plans et l’échéancier de paiement de tout programme avant de le présélectionner.",,
310,"Current releases are under construction, sold with staged payments through to completion.","Les lancements actuels sont en cours de construction, vendus avec des paiements échelonnés jusqu’à la livraison.",,
311,"What a new-build in Andalucia costs on top of the price: IVA at 10%, AJD at 1.2%, and the notary, registry and legal fees around them.","Ce qu’un logement neuf coûte en Andalousie en plus du prix : IVA à 10%, AJD à 1,2%, et les frais de notaire, de registre et d’avocat qui s’y ajoutent.",,
312,"New-Build Purchase Costs","Coûts d’achat dans le neuf",,
313,"How buying off-plan and buying a completed resale home actually compare, across price, risk, payment terms and appreciation.","Comment se comparent réellement l’achat sur plan et l’achat d’un bien en revente déjà terminé, en termes de prix, de risque, de conditions de paiement et de valorisation.",,
314,"Spanish banks lend differently to non-resident buyers than to Spanish residents. Where a resident might get financing up to 80% of a property's value, non-residents are typically capped closer to 70%, and the exact rate, term and how much of your income counts all vary by bank and by your personal financial profile. On top of the mortgage itself, budget for taxes and purchase costs &mdash; transfer tax or VAT, notary, land registry and legal fees &mdash; which typically add another 10-13% on top of the purchase price in Spain.","Les banques espagnoles prêtent différemment aux acheteurs non-résidents qu’aux résidents espagnols. Alors qu’un résident peut obtenir un financement allant jusqu’à 80 % de la valeur du bien, les non-résidents sont généralement plafonnés à environ 70 %, et le taux exact, la durée et la part de vos revenus prise en compte varient selon la banque et votre profil financier personnel. Outre le prêt lui-même, prévoyez un budget pour les taxes et frais d’achat &mdash; droits de mutation ou TVA, notaire, registre foncier et frais juridiques &mdash;, qui représentent généralement 10 à 13 % supplémentaires du prix d’achat en Espagne.",,
315,"Use the calculator below for a realistic starting estimate of your deposit, monthly payment and total cost of buying, based on typical non-resident lending terms. It is a planning tool, not a mortgage offer &mdash; Nueva Living and your mortgage broker will confirm the real numbers once you have a specific property in mind.","Utilisez la calculatrice ci-dessous pour obtenir une estimation initiale réaliste de votre apport, de votre mensualité et du coût total de l’achat, sur la base de conditions de financement habituelles pour les non-résidents. Il s’agit d’un outil de planification, non d’une offre de prêt &mdash; Nueva Living et votre courtier en crédit confirmeront les chiffres réels une fois que vous aurez un bien précis en tête.",,
316,"Set to 30% by default &mdash; as a non-Spanish resident, lenders typically finance up to 70% of the property value. Your own maximum will depend on your bank and financial profile.","Défini par défaut à 30 % &mdash; en tant que non-résident espagnol, les prêteurs financent généralement jusqu’à 70 % de la valeur du bien. Votre plafond personnel dépendra de votre banque et de votre profil financier.",,
317,"Mortgage term","Durée du prêt",,
318,"Taxes &amp; purchase costs","Taxes et frais d’achat",,
319,"Indicative only &mdash; ITP/VAT, notary, registry and legal fees vary by case. Confirm exact costs with your lawyer.","Indicatif uniquement &mdash; les droits de mutation/TVA, le notaire, le registre et les frais juridiques varient selon les cas. Confirmez les coûts exacts avec votre avocat.",,
320,"Estimated monthly payment","Mensualité estimée",,
321,"Cash needed without a mortgage","Trésorerie nécessaire sans prêt",,
322,"Cash needed with a mortgage (deposit + costs)","Trésorerie nécessaire avec prêt (apport + frais)",,
323,"Mortgage principal","Capital emprunté",,
324,"Current releases are off-plan or under construction, sold with staged payments through to completion.","Les programmes actuels sont sur plan ou en construction, vendus avec des paiements échelonnés jusqu’à la livraison.",,
325,"What you trade is prestige, not access. Malaga airport is closer from here than it is from Marbella, the train line runs to Fuengirola, and the golf courses at Mijas sit minutes inland. Current releases here are under construction or off-plan with staged payments, and Nueva Living reconfirms the price list, floorplans and payment schedule before you shortlist anything.","Ce que l’on cède, c’est le prestige, pas l’accessibilité. L’aéroport de Malaga est plus proche d’ici que de Marbella, le train dessert Fuengirola, et les golfs de Mijas sont à quelques minutes dans les terres. Les programmes en cours sont en construction ou sur plan avec paiements échelonnés, et Nueva Living reconfirme la liste de prix, les plans et l’échéancier avant toute présélection.",,
326,"Every current release is under construction or off-plan, sold with staged payments through to completion.","Tous les programmes en cours sont en construction ou sur plan, avec des paiements échelonnés jusqu’à la livraison.",,
327,"Land costs less on this stretch than it does between Marbella and Estepona, and that carries through to the finished price rather than reflecting a difference in build quality. Current releases here run from around EUR 390,000, against EUR 527,500 for the equivalent in Marbella.","Le foncier coûte moins cher sur ce tronçon qu’entre Marbella et Estepona, et cela se répercute sur le prix final sans traduire une différence de qualité de construction. Les programmes actuels démarrent ici autour de 390 000 €, contre 527 500 € pour l’équivalent à Marbella.",,
328,"The largest terrace or solarium in the building and the best of the sea or golf view, at a premium over a mid-floor unit. On this coast a penthouse still frequently lands under what a mid-floor apartment costs further west.","La plus grande terrasse ou le solarium de l’immeuble et la meilleure vue mer ou golf, avec une prime par rapport à un étage intermédiaire. Sur cette côte, un penthouse reste souvent en dessous du prix d’un appartement d’étage courant plus à l’ouest.",,
329,"It is also unusually mixed. Within a few minutes of each other you will find beachside apartment releases from EUR 695,000 and golf-side villa collections up to EUR 3,500,000, which is why this page covers both rather than splitting them. Every current release here is off-plan or under construction with staged payments.","Le secteur est aussi étonnamment mixte. À quelques minutes les uns des autres coexistent des appartements en bord de mer à partir de 695 000 € et des collections de villas côté golf jusqu’à 3 500 000 €, d’où le choix de traiter les deux sur cette page plutôt que de les séparer. Tous les programmes actuels sont sur plan ou en construction avec paiements échelonnés.",,
330,"All current releases are off-plan or under construction, sold with staged payments through to completion.","Tous les programmes en cours sont sur plan ou en construction, avec des paiements échelonnés jusqu’à la livraison.",,
331,"Almost all of it falls within the municipality of Estepona, with the Bel Air end closest to the Marbella boundary. For practical purposes -- taxes, licences, town hall -- treat it as Estepona.","La quasi-totalité relève de la commune d’Estepona, l’extrémité de Bel Air étant la plus proche de la limite de Marbella. En pratique — impôts, licences, mairie — considérez-la comme Estepona.",,
332,"They are different in kind rather than degree. An apartment carries a community charge covering shared pools, gardens and lighting. A villa usually carries a smaller community charge but takes on its own pool and garden maintenance directly, which often costs more in total once you add it up.","La différence est de nature plutôt que de degré. Un appartement supporte des charges couvrant piscines, jardins et éclairage communs. Une villa a généralement des charges plus faibles mais prend en charge directement l’entretien de sa piscine et de son jardin, ce qui coûte souvent davantage au total.",,
333,"It also holds the largest concentration of new-build stock on this side of Marbella. The three current releases here run from EUR 690,000, which is roughly where Marbella starts, and they cover apartments, townhouses and villas rather than one format. All are under construction or off-plan with staged payments.","C’est aussi la plus forte concentration de neuf de ce côté de Marbella. Les trois programmes en cours démarrent à 690 000 €, soit à peu près le point d’entrée de Marbella, et couvrent appartements, maisons de ville et villas plutôt qu’un seul format. Tous sont en construction ou sur plan avec paiements échelonnés.",,
334,">Mortgage Calculator",">Simulateur de prêt",,
335,">Legal Notice",">Mentions légales",,
336,"Information presented on this website is for general marketing purposes only and does not constitute legal, financial or investment advice. Development details, prices and delivery dates are subject to change without notice.","Les informations présentées sur ce site le sont à des fins commerciales générales uniquement et ne constituent pas un conseil juridique, financier ou en investissement. Les détails des programmes, les prix et les dates de livraison peuvent être modifiés sans préavis.",,
337,"Completion soonest","Livraison la plus proche",,
338,"Which homes are available, their reservation status, current prices and expected delivery.","Quels logements sont disponibles, leur statut de réservation, les prix actuels et la livraison prévue.",,
