id,english,current_no,suggested_edit,note
1,"dev-fact-value"">Completion Q4 2027 - Q1 2028<","dev-fact-value"">Ferdigstilling K4 2027 - K1 2028<",,
2,"dev-fact-value"">Completion to be confirmed<","dev-fact-value"">Ferdigstillelse ikke bekreftet<",,
3,"dev-fact-value"">Completion Q2 2029<","dev-fact-value"">Ferdigstillelse K2 2029<",,
4,"dev-fact-value"">Completion Q4 2027<","dev-fact-value"">Ferdigstilling K4 2027<",,
5,"dev-fact-value"">Completion Q3 2027<","dev-fact-value"">Ferdigstilling K3 2027<",,
6,"dev-fact-value"">Completion Q1 2029<","dev-fact-value"">Ferdigstillelse K1 2029<",,
7,"dev-fact-value"">Completion Q3 2029<","dev-fact-value"">Ferdigstilling K3 2029<",,
8,"What is an NIE number and do I need one?","Hva er et NIE-nummer, og trenger jeg et?",,
9,"An NIE (Numero de Identificacion de Extranjero) is a tax ID number required for any property purchase in Spain by a non-Spanish national. Nueva Living can guide you through obtaining one before you reserve.","Et NIE (Número de Identificación de Extranjero) er et skatte-ID-nummer som kreves ved ethvert eiendomskjøp i Spania av en ikke-spansk statsborger. Nueva Living kan veilede deg gjennom å skaffe et før du reserverer.",,
10,"What costs should I budget for on top of the purchase price?","Hvilke kostnader bør jeg budsjettere med i tillegg til kjøpesummen?",,
11,"Buyers typically budget for transfer tax or VAT, notary fees, land registry fees and legal fees on top of the purchase price. Nueva Living provides a full, current cost breakdown for your chosen residence before you reserve.","Kjøpere bør vanligvis budsjettere med overdragelsesskatt eller moms, notargebyrer, tinglysningsgebyrer og advokatkostnader i tillegg til kjøpesummen. Nueva Living gir deg en fullstendig, oppdatert kostnadsoversikt for boligen du har valgt, før du reserverer.",,
12,"Can I get a mortgage in Spain as a non-resident?","Kan jeg få boliglån i Spania som ikke-fastboende?",,
13,"Many Spanish banks offer mortgages to non-resident buyers, typically financing a portion of the purchase price. Exact terms depend on the bank and your personal financial profile.","Mange spanske banker tilbyr boliglån til ikke-fastboende kjøpere, og finansierer vanligvis en del av kjøpesummen. De nøyaktige vilkårene avhenger av banken og din personlige økonomiske profil.",,
14,"Off-plan means the development is still under construction and is usually sold with staged payments through to completion. A completed property is ready to view and move into now.","Å kjøpe på tegning betyr at prosjektet fortsatt er under bygging og vanligvis selges med betalinger i faser frem til ferdigstillelse. En ferdigstilt bolig er klar til visning og innflytting med en gang.",,
15,"How does the reservation and payment process work?","Hvordan fungerer reservasjons- og betalingsprosessen?",,
16,"Reservation and payment structures vary by development and are set out in full before you reserve. Nueva Living reconfirms the current schedule for your chosen residence at every step.","Reservasjons- og betalingsstrukturer varierer fra prosjekt til prosjekt og redegjøres fullt ut for før du reserverer. Nueva Living bekrefter den gjeldende tidsplanen for boligen du har valgt, ved hvert steg.",,
17,"Do I need a lawyer?","Trenger jeg advokat?",,
18,"Yes, we strongly recommend independent legal representation for any property purchase in Spain. Nueva Living can put you in touch with independent lawyers experienced in Costa del Sol property.","Ja, vi anbefaler på det sterkeste uavhengig juridisk representasjon ved ethvert eiendomskjøp i Spania. Nueva Living kan sette deg i kontakt med uavhengige advokater med erfaring fra eiendom på Costa del Sol.",,
19,"A sea-view render can make almost any development look perfect. We look past the presentation: the exact setting, the developer, the payment terms, the compromises and whether the property will still suit you years from now.","En sjøutsikt-rendering kan få nesten ethvert prosjekt til å se perfekt ut. Vi ser forbi presentasjonen: den nøyaktige beliggenheten, utbyggeren, betalingsvilkårene, kompromissene og om boligen fortsatt vil passe deg om flere år.",,
20,"From your brief and viewings to negotiation and handover, we keep the moving parts together and coordinate with your independent lawyer.","Fra dine ønsker og visninger til forhandling og overlevering, holder vi de bevegelige delene sammen og koordinerer med din uavhengige advokat.",,
21,"From first enquiry to reservation","Fra første henvendelse til reservasjon",,
22,"We arrange viewings, share the project documents and explain the reservation process.","Vi arrangerer visninger, deler prosjektdokumentene og forklarer reservasjonsprosessen.",,
23,"We help you check the location, developer, finishes, payment plan and future resale appeal before you choose a home.","Vi hjelper deg med å sjekke beliggenheten, utbyggeren, overflatene, betalingsplanen og den fremtidige attraktiviteten ved videresalg før du velger et hjem.",,
24,"We compare prices, orientation, amenities, completion dates and nearby alternatives side by side.","Vi sammenligner priser, orientering, fasiliteter, ferdigstillelsesdatoer og alternativer i nærheten side om side.",,
25,"We organise project documents, viewings, reservation details and an introduction to an independent lawyer.","Vi organiserer prosjektdokumenter, visninger, reservasjonsdetaljer og en introduksjon til en uavhengig advokat.",,
26,"We only flag urgency when availability, pricing or a reservation deadline genuinely changes.","Vi melder kun fra om hast når tilgjengelighet, pris eller en reservasjonsfrist faktisk endrer seg.",,
27,"A genuine share of our commission, not a flat finder's fee.","En reell andel av provisjonen vår, ikke et fast formidlingshonorar.",,
28,"How buying off-plan and buying a completed resale home actually compare on the Costa del Sol, across price, risk, payment terms and appreciation.","Hvordan kjøp på tegning og kjøp av en ferdig bruktbolig på Costa del Sol faktisk står seg mot hverandre: pris, risiko, betalingsvilkår og verdiutvikling.",,
29,"Bank Guarantees on Off-Plan Property · 2026 Guide","Bankgarantier ved kjøp på tegning · Guide 2026",,
30,"New-Build Purchase Costs in Andalucia · 2026 Guide","Kjøpskostnader for nybygg i Andalusia · Guide 2026",,
31,"What the areas cost","Hva områdene koster",,
32,"New-build and off-plan purchases follow a different sequence from a resale purchase: staged payments, a private purchase contract, and a developer's construction timeline rather than an immediate move-in date. Seven steps, start to finish.","Nybygg og kjøp under bygging følger en annen rekkefølge enn et bruktkjøp: trinnvise betalinger, en privat kjøpekontrakt og utbyggerens byggetidsplan i stedet for en umiddelbar innflyttingsdato. Syv trinn, fra start til slutt.",,
33,"Steps, Reservation to Keys","Trinn, fra reservasjon til nøkler",,
34,"People Involved: You, Nueva Living, Your Lawyer","Involverte parter: deg, Nueva Living, din advokat",,
35,"Weeks, Reservation to Contract","Uker, fra reservasjon til kontrakt",,
36,"Off-plan usually means a lower entry price and payments staged over the build period, at the cost of waiting. A completed home costs more upfront but you can see and move into it now. See our full off-plan vs resale comparison for the detail.","Å kjøpe under bygging betyr som regel en lavere inngangspris og trinnvise betalinger over byggeperioden, mot at du må vente. En ferdigstilt bolig koster mer på forhånd, men du kan se den og flytte inn nå. Se vår fullstendige sammenligning mellom kjøp under bygging og bruktkjøp for detaljene.",,
37,"A reservation takes the specific residence off the market while your private purchase contract is prepared, typically within two to four weeks.","En reservasjon tar den aktuelle boligen av markedet mens den private kjøpekontrakten din utarbeides, vanligvis innen to til fire uker.",,
38,"Pay the reservation amount, which is later credited against the purchase price.","Betal reservasjonsbeløpet, som senere trekkes fra kjøpesummen.",,
39,"Confirms the reservation terms and what happens to the amount if you do not proceed.","Bekrefter reservasjonsvilkårene og hva som skjer med beløpet hvis du ikke går videre.",,
40,"Good to know: how much is the reservation?","Greit å vite: hvor mye koster reservasjonen?",,
41,"It varies by developer and project, from a few thousand euros up to around 1% of the price on some developments. A reservation is not the point of no return, but it is a real commitment -- confirm the terms before you pay it.","Det varierer etter utbygger og prosjekt, fra noen få tusen euro opp til rundt 1 % av prisen i enkelte prosjekter. En reservasjon er ikke et punkt uten retur, men det er en reell forpliktelse -- bekreft vilkårene før du betaler.",,
42,"Sign the Private Purchase Contract","Signer den private kjøpekontrakten",,
43,"The binding agreement setting out price, payment schedule, specification and delivery terms. You will need an NIE before or shortly after this stage.","Den bindende avtalen som fastsetter pris, betalingsplan, spesifikasjon og leveringsvilkår. Du vil trenge et NIE-nummer før eller kort tid etter dette trinnet.",,
44,"Obtain your NIE if you do not already have one, and review the contract.","Skaff deg et NIE-nummer hvis du ikke allerede har et, og gjennomgå kontrakten.",,
45,"What Your Lawyer Does","Hva din advokat gjør",,
46,"Reviews the contract terms and confirms the bank guarantee before you sign.","Gjennomgår kontraktsvilkårene og bekrefter bankgarantien før du signerer.",,
47,"For off-plan purchases, payments from this point are usually staged across construction milestones. Spanish law requires developers to bank-guarantee off-plan payments made before completion, so staged payments are protected if the development is not delivered -- confirming that guarantee is in place is one of the checks your lawyer carries out.","For kjøp under bygging blir betalinger fra dette punktet vanligvis trinnvise etter byggemilepæler. Spansk lov krever at utbyggere bankgaranterer betalinger under bygging som gjøres før ferdigstillelse, slik at trinnvise betalinger er beskyttet hvis prosjektet ikke blir levert -- å bekrefte at denne garantien er på plass er en av kontrollene advokaten din utfører.",,
48,"Legal Checks and Independent Representation","Juridiske kontroller og uavhengig representasjon",,
49,"We strongly recommend independent legal representation -- a lawyer acting for you, not the developer or the selling agency.","Vi anbefaler sterkt uavhengig juridisk representasjon -- en advokat som handler på dine vegne, ikke for utbyggeren eller salgsagenturet.",,
50,"Instruct an independent lawyer before signing anything binding.","Engasjer en uavhengig advokat før du signerer noe bindende.",,
51,"Checks the developer's registration and track record, the building licence, land registry status and the bank guarantee.","Sjekker utbyggerens registrering og merittliste, byggetillatelsen, tinglysingsstatus og bankgarantien.",,
52,"Many non-resident buyers arrange a mortgage at this stage. Spanish banks do lend to non-residents, usually financing a portion of the price, though exact terms depend on the bank and your financial profile.","Mange ikke-bosatte kjøpere ordner boliglån på dette stadiet. Spanske banker låner faktisk ut til ikke-bosatte, og finansierer vanligvis en del av prisen, selv om de nøyaktige vilkårene avhenger av banken og din økonomiske profil.",,
53,"Completion and Handover","Fullføring og overlevering",,
54,"Completion happens at the notary, where the final balance is paid and the deed of sale is signed and registered in your name.","Fullføringen skjer hos notarius, der sluttbeløpet betales og skjøtet signeres og registreres i ditt navn.",,
55,"Pay the final balance and sign at the notary.","Betal sluttbeløpet og signer hos notarius.",,
56,"Confirms the deed of sale and its registration.","Bekrefter skjøtet og registreringen av det.",,
57,"Good to know: warranties and ongoing costs","Greit å vite: garantier og løpende kostnader",,
58,"Spanish building law generally provides for a structural warranty, a shorter warranty on installations, and a one-year warranty on finishes. After completion, budgeting for ongoing costs such as community fees and annual property tax (IBI) becomes part of owning the home.","Spansk byggelovgivning gir vanligvis en strukturell garanti, en kortere garanti på installasjoner og en ettårig garanti på overflater. Etter fullføring blir det å budsjettere for løpende kostnader som fellesutgifter og årlig eiendomsskatt (IBI) en del av det å eie boligen.",,
59,"Apply for your NIE","Søk om ditt NIE-nummer",,
60,"Select an independent lawyer","Velg en uavhengig advokat",,
61,"Consider a Spanish bank account","Vurder en spansk bankkonto",,
62,"NIE","NIE",,
63,"Numero de Identificacion de Extranjero -- a Spanish tax ID number required for any property purchase by a non-Spanish national.","Numero de Identificacion de Extranjero -- et spansk skatte-ID-nummer som kreves for ethvert eiendomskjøp gjort av en person som ikke er spansk statsborger.",,
64,"Reservation Agreement","Reservasjonsavtale",,
65,"The document and payment that takes a specific residence off the market while your private purchase contract is prepared.","Dokumentet og betalingen som tar en bestemt bolig av markedet mens den private kjøpekontrakten din utarbeides.",,
66,"Private Purchase Contract","Privat kjøpekontrakt",,
67,"Contrato de compraventa -- the binding agreement setting out price, payment schedule, specification and delivery terms.","Contrato de compraventa -- den bindende avtalen som fastsetter pris, betalingsplan, spesifikasjon og leveringsvilkår.",,
68,"Bank Guarantee","Bankgaranti",,
69,"Legally required protection for off-plan payments made before completion, covering you if the development is not delivered.","Lovpålagt beskyttelse for betalinger under bygging som gjøres før ferdigstillelse, som dekker deg hvis prosjektet ikke blir levert.",,
70,"Notary","Notarius",,
71,"The public official before whom the final deed of sale is signed at completion.","Den offentlige tjenestemannen som det endelige skjøtet signeres foran ved fullføring.",,
72,"The deed of sale signed at the notary and registered in your name at completion.","Skjøtet som signeres hos notarius og registreres i ditt navn ved fullføring.",,
73,"Land Registry","Grunnboken",,
74,"The official record of property ownership and charges, checked by your lawyer before you sign.","Det offisielle registeret over eierskap og heftelser på eiendommen, som kontrolleres av advokaten din før du signerer.",,
75,"This guide is general information about the typical off-plan buying process on the Costa del Sol. It is not legal, tax or financial advice, and does not replace independent professional advice tailored to your situation.","Denne guiden er generell informasjon om den vanlige kjøpsprosessen for boliger under bygging på Costa del Sol. Den er ikke juridisk, skattemessig eller finansiell rådgivning, og erstatter ikke uavhengig, profesjonell rådgivning tilpasset din situasjon.",,
76,"Payment","Betaling",,
77,"Completion","Overtakelse",,
78,"Staged: a reservation, a larger payment on signing the private purchase contract, further payments at construction milestones, and the balance on completion.","I etapper: en reservasjon, en større betaling ved signering av kjøpekontrakten, flere betalinger ved byggetrinn, og resten ved overtakelse.",,
79,"Construction and delivery risk: the project could be delayed or, worst case, not completed. Payments made before completion are required by law to be bank-guaranteed.","Bygge- og overtakelsesrisiko: prosjektet kan bli forsinket eller, i verste fall, ikke fullført. Betalinger før overtakelse skal etter loven være bankgaranterte.",,
80,"Buying early sometimes means a genuine say in finishes -- flooring, kitchen options, occasionally layout -- depending how far along construction is. That window closes near completion.","Å kjøpe tidlig gir noen ganger reell innflytelse på overflatene — gulv, kjøkkenvalg, av og til planløsning — avhengig av hvor langt byggingen er kommet. Det vinduet lukkes mot slutten.",,
81,"The case is buying below completed-market price and the value closing that gap by delivery. This depends on the specific project and area performing as expected -- it is not a guarantee.","Tanken er å kjøpe under markedsprisen for en ferdig bolig, og at verdien tetter det gapet fram til overtakelse. Det forutsetter at nettopp det prosjektet og området utvikler seg som ventet — det er ingen garanti.",,
82,"Completion depends on the developer obtaining the first occupation license and certificate of completion before the deed can be signed at the notary. Your lawyer confirms these are in place before you complete.","Overtakelsen forutsetter at utbygger har fått innflyttingstillatelse og ferdigattest før skjøtet kan signeres hos notaren. Juristen din bekrefter at de foreligger før du overtar.",,
83,"Costs more upfront, but you are paying for a known quantity: the actual finish, the actual view, the actual noise level, none of which you can fully judge from a floorplan and a render.","Koster mer i starten, men du betaler for noe kjent: den faktiske finishen, den faktiske utsikten, det faktiske støynivået — ingenting av det lar seg vurdere fullt ut fra en planløsning og en rendering.",,
84,"Simpler: reserve, sign, pay the balance, usually within 30 to 60 days. No construction-linked schedule, and no way to spread the cost over time.","Enklere: reserver, signer, betal resten, som regel innen 30 til 60 dager. Ingen byggekoblet plan, og ingen mulighet til å fordele kostnaden over tid.",,
85,"Can generate rental income or be lived in immediately after completion, with no construction timeline in the way.","Kan gi leieinntekter eller bebos rett etter overtakelse, uten byggetid i veien.",,
86,"Already issued and checkable: your lawyer verifies the existing title, license history and any charges on the property at the Land Registry before you sign.","Allerede utstedt og mulig å kontrollere: juristen din sjekker eksisterende hjemmel, tillatelseshistorikk og eventuelle heftelser i grunnboken før du signerer.",,
87,"Does the bank guarantee cover everything I pay?","Dekker bankgarantien alt jeg betaler?",,
88,"It covers payments made ahead of completion specifically. The exact scope and validity of the guarantee for a given project is something to confirm in writing before signing, not something to assume.","Den dekker spesifikt betalinger som gjøres før overtakelse. Nøyaktig omfang og gyldighet for et gitt prosjekt bør bekreftes skriftlig før signering, ikke forutsettes.",,
89,"Off-plan tends to suit buyers who do not need the property immediately, want to spread payments over time, and are comfortable with construction-stage risk in exchange for a lower entry price and, in some cases, a say in the finish.","Å kjøpe på tegning passer som regel kjøpere som ikke trenger boligen med en gang, vil fordele betalingene over tid og er komfortable med risikoen i byggefasen i bytte mot lavere inngangspris og av og til innflytelse på finishen.",,
90,"A completed home tends to suit buyers who want to move in, rent out, or simply see exactly what they are buying without waiting or without taking on delivery risk -- often at a higher upfront cost for that certainty.","En ferdig bolig passer som regel kjøpere som vil flytte inn, leie ut eller rett og slett se nøyaktig hva de kjøper uten å vente eller ta overtakelsesrisiko — ofte til en høyere kostnad i starten for den sikkerheten.",,
91,"Private Purchase Contract Contrato de compraventa -- the binding agreement setting out price, payment schedule, specification and delivery terms, signed after reservation.","Privat kjøpekontrakt Contrato de compraventa — den bindende avtalen med pris, betalingsplan, spesifikasjon og overtakelsesvilkår, signert etter reservasjon.",,
92,"Bank Guarantee Legally required protection for off-plan payments made before completion, covering you if the development is not delivered.","Bankgaranti Lovpålagt beskyttelse for betalinger på tegning gjort før overtakelse, som dekker du dersom prosjektet ikke leveres.",,
93,"First Occupation License Licencia de primera ocupacion -- the official confirmation a newly built home is fit to be lived in, required before completion.","Innflyttingstillatelse Licencia de primera ocupación — den offisielle bekreftelsen på at en nybygd bolig er godkjent for beboelse, påkrevd før overtakelse.",,
94,"Escritura The deed of sale signed at the notary and registered in your name at completion.","Escritura Skjøtet som signeres hos notaren og tinglyses i ditt navn ved overtakelse.",,
95,"This guide is general information to help you compare off-plan and resale purchases on the Costa del Sol. It is not legal, tax or financial advice, and does not replace independent professional advice tailored to your situation.","Denne guiden er generell informasjon for å sammenligne kjøp på tegning og bruktbolig på Costa del Sol. Den er ikke juridisk, skattemessig eller finansiell rådgivning og erstatter ikke uavhengig profesjonell rådgivning tilpasset din situasjon.",,
96,"What does it cost to use Nueva Living?","Hva koster det å bruke Nueva Living?",,
97,"Yes. What we add is the comparison: the availability list as the seller issued it, the purchase costs on top of the asking price, and the checks worth making before you reserve.","Ja. Det vi tilfører er sammenligningen: tilgjengelighetslisten slik selgeren utstedte den, kjøpsomkostningene på toppen av prisantydningen og kontrollene det er verdt å gjøre før du reserverer.",,
98,"Whether it changes what we show you is not something we can settle by claiming otherwise. Read a project page instead: the empty cells where a seller gave us no figure, the purchase costs added on top of the asking price, the two sources printed side by side when they disagree. That is the evidence, and it is the same on every development we publish.","Om det endrer hva vi viser du, er ikke noe vi kan avgjøre ved å påstå det motsatte. Les heller en prosjektside: de tomme cellene der selgeren ikke ga oss et tall, kjøpsomkostningene oppå prisantydningen, de to kildene side om side når de er uenige. Det er beviset, og det er det samme i hvert prosjekt vi publiserer.",,
99,"Whether the building licence is granted, whether your payments sit behind a bank guarantee, and whether the completion date is contractual or merely indicative.","Om byggetillatelsen er gitt, om innbetalingene dine er dekket av en bankgaranti, og om ferdigstillelsesdatoen er avtalefestet eller bare veiledende.",,
100,"Including the parts that cost you money. Where tax adds six figures to the asking price, that is on the page and not left for the notary to mention.","Inkludert det som koster du penger. Når skatter legger et sekssifret beløp på prisantydningen, står det på siden og overlates ikke til notaren.",,
101,"Enquiry details may be processed in Nueva Living's customer relationship management system and shared with developers, legal advisers or other service providers only where necessary for a requested enquiry, viewing, reservation or service step. Website measurement events may be processed by Nueva Living's CRM and hosting providers for analytics and technical operation.","Henvendelsesopplysninger kan behandles i Nueva Livings CRM-system (kundeforholdsstyring) og deles med utbyggere, juridiske rådgivere eller andre tjenesteleverandører kun når det er nødvendig for en forespurt henvendelse, visning, reservasjon eller tjenestesteg. Hendelser fra nettstedsmåling kan behandles av Nueva Livings CRM- og hostingleverandører til analyse- og tekniske driftsformål.",,
102,"Legal Notice","Juridisk merknad",,
103,"Legal notice draft for Nueva Living.","Utkast til juridisk merknad for Nueva Living.",,
104,"No Legal Or Financial Advice","Ingen juridisk eller økonomisk rådgivning",,
105,"This website is presented under the Nueva Living brand and operated by LIORA LIVING SL., Tax ID (NIF) B88827472.","Dette nettstedet presenteres under merkenavnet Nueva Living og drives av LIORA LIVING SL., organisasjonsnummer (NIF) B88827472.",,
106,"Information on this website does not constitute legal, financial, tax or investment advice. Buyers should seek independent professional advice before making any property decision.","Informasjonen på dette nettstedet utgjør ikke juridisk, økonomisk, skattemessig eller investeringsrelatert rådgivning. Kjøpere bør innhente uavhengig faglig rådgivning før de tar en beslutning om eiendom.",,
107,"This page explains the main terms in plain language. It should be reviewed by qualified legal counsel before any future material change.","Denne siden forklarer de viktigste vilkårene på enkelt språk. Den bør gjennomgås av kvalifisert juridisk rådgiver før enhver fremtidig vesentlig endring.",,
108,"Legal","Juridisk",,
109,"For the one-off taxes and fees due at purchase, see our breakdown of new-build purchase costs in Andalucia .","Engangsskattene og gebyrene som betales ved kjøpet, går vi gjennom i vår oversikt over kjøpskostnadene for nybygg i Andalusia .",,
110,"The two routes are also taxed differently: new-build carries IVA and AJD, resale carries ITP. See what a new-build actually costs in Andalucia for the figures.","De to veiene beskattes også ulikt: nybygg belastes med IVA og AJD, videresalg med ITP. Se hva nybygg faktisk koster i Andalusia for tallene.",,
111,"New-build in Andalucia in 2026: IVA at 10%, AJD at 1.2%, plus notary, land registry and legal fees, and the reduced stamp-duty rates that can apply.","Nybygg i Andalusia i 2026: IVA på 10%, AJD på 1,2%, pluss notar, eiendomsregister og juridiske honorarer, samt de reduserte AJD-satsene som kan gjelde.",,
112,"Every competitor writes a Spain-wide cost guide quoting 8 to 13 per cent. New-build in Andalucia is a specific number, and it is knowable before you offer.","Alle kostnadsguider for Spania som helhet oppgir 8 til 13 prosent. Nybygg i Andalusia er et konkret tall, og det er mulig å vite før du gir bud.",,
113,"Most cost guides for Spain quote a single national range, usually somewhere between 8 and 13 per cent. That range exists because it is averaging two different purchases across seventeen regions. For a new-build in Andaluc&iacute;a the tax side is not a range at all -- it is two fixed rates, and you can work out the number exactly.","De fleste kostnadsguider for Spania oppgir ett nasjonalt intervall, som regel mellom 8 og 13 prosent. Intervallet finnes fordi det er et gjennomsnitt av to ulike kjøp på tvers av sytten regioner. For nybygg i Andalusia er skattesiden ikke et intervall i det hele tatt — det er to faste satser, og beløpet kan regnes ut nøyaktig.",,
114,"A new-build bought from the developer is a first transmission, so it carries VAT rather than the transfer tax that applies to a resale. In Andaluc&iacute;a that means two separate taxes on the same purchase.","En nybygd bolig kjøpt av utbyggeren er en første overdragelse, og belastes derfor med merverdiavgift i stedet for overdragelsesavgiften som gjelder ved videresalg. I Andalusia betyr det to separate skatter på samme kjøp.",,
115,"11.2% on a new-build. For comparison, a resale in Andaluc&iacute;a carries ITP at 7% and no AJD -- so the tax on a new home is roughly four points higher than on an equivalent resale.","11,2% på nybygg. Til sammenligning betaler et videresalg i Andalusia 7% ITP og ingen AJD — skatten på en ny bolig er altså rundt fire poeng høyere enn på en tilsvarende brukt bolig.",,
116,"Andaluc&iacute;a applies reduced AJD rates in specific circumstances. They are worth checking before you assume the general rate, though most purchases on this coast fall outside them.","Andalusia bruker reduserte AJD-satser i bestemte tilfeller. Det er verdt å sjekke dem før man legger den generelle satsen til grunn, selv om de fleste kjøp på denne kysten faller utenfor.",,
117,"Notary and Land Registry fees are set by national tariff, so they do not vary between providers. Legal fees do.","Notar- og eiendomsregistergebyrer er fastsatt i en nasjonal takst og varierer derfor ikke mellom aktører. Juridiske honorarer gjør det.",,
118,"Roughly &euro;600 to &euro;1,200 on a typical residential purchase, scaling with the price and the length of the deed. Regulated, so shopping around does not change it.","Rundt 600 til 1 200 € ved et vanlig boligkjøp, avhengig av pris og skjøtets omfang. Regulert, så det hjelper ikke å sammenligne.",,
119,"Typically 1% of the price plus 21% IVA on the fee, or a fixed quote in the &euro;1,500 to &euro;3,000 range for a straightforward purchase. This one is negotiable, and it is the line worth comparing quotes on.","Vanligvis 1% av prisen pluss 21% IVA på honoraret, eller et fast tilbud på 1 500 til 3 000 € ved et ukomplisert kjøp. Denne posten er forhandlingsbar, og den det lønner seg å hente inn flere tilbud på.",,
120,"Roughly &euro;4,500 plus IVA at 1%, or a fixed quote","Rundt 4 500 € pluss IVA ved 1%, eller et fast tilbud",,
121,"Around &euro;57,000, or about 12.5% over the price. Taxes are the fixed &euro;50,400 of that; the rest moves with who you instruct.","Rundt 57 000 €, eller omtrent 12,5% over prisen. Av dette er 50 400 € faste skatter; resten avhenger av hvem du engasjerer.",,
122,"That is the acquisition cost. It does not include mortgage arrangement and valuation fees if you are borrowing, furnishing, or the running costs that start after completion -- IBI, community fees and utilities.","Dette er ervervskostnaden. Den omfatter ikke etablerings- og takseringsgebyrer hvis du låner, møblering eller de løpende kostnadene som starter etter overtakelse: IBI, sameieavgifter og strøm, vann og avløp.",,
123,"The IVA rate is national and the AJD rate is set by Andaluc&iacute;a; both can change, and the reduced rates carry conditions that depend on your circumstances. This page is general information about how the costs are structured, not tax or legal advice. Confirm the figures for your own purchase with your lawyer or tax adviser before you commit to anything. Nueva Living provides a written cost breakdown for a specific residence on request.","IVA-satsen er nasjonal og AJD-satsen fastsettes av Andalusia; begge kan endres, og de reduserte satsene har vilkår som avhenger av din situasjon. Denne siden er generell informasjon om hvordan kostnadene er bygget opp, ikke skatte- eller juridisk rådgivning. Få tallene for ditt eget kjøp bekreftet av advokaten eller skatterådgiveren din før du forplikter deg. Nueva Living utarbeider på forespørsel en skriftlig kostnadsoversikt for en bestemt bolig.",,
124,"IVA and AJD, not transfer tax","IVA og AJD, ikke overdragelsesavgift",,
125,"What a new-build costs on top of the price","Hva nybygg koster utover prisen",,
126,"When AJD is lower than 1.2%","Når AJD er lavere enn 1,2%",,
127,"Notary, registry and legal fees","Notar, register og juridiske honorarer",,
128,"New-Build Purchase Costs in Andalucia","Kjøpskostnader for nybygg i Andalusia",,
129,"Request a Cost Breakdown","Be om en kostnadsoversikt",,
130,"AJD (stamp duty)","AJD (stempelavgift)",,
131,"The Two Taxes","De to skattene",,
132,"IVA at 10%","IVA på 10%",,
133,"AJD at 1.2%","AJD på 1,2%",,
134,"Notary and registry","Notar og register",,
135,"On Top of Tax","I tillegg til skatten",,
136,"IVA (VAT)","IVA (mva.)",,
137,"Total tax","Skatt totalt",,
138,"This guide is general information about buying a new-build home on the Costa del Sol. It is not legal, tax or financial advice, and does not replace independent professional advice tailored to your situation.","Denne guiden er generell informasjon om kjøp av nybygd bolig på Costa del Sol. Den er ikke juridisk, skattemessig eller finansiell rådgivning, og erstatter ikke uavhengig, profesjonell rådgivning tilpasset din situasjon.",,
139,"Bank Guarantees on Off-Plan Property in Spain","Bankgarantier ved kjøp på tegning i Spania",,
140,"Disclosure in the contract","Opplysning i kontrakten",,
141,"Advance payments must be received through a credit institution and deposited in a special account, kept separate from any other class of funds. Money may only leave that account for costs arising directly from the construction of those homes. It is not the developer's working capital.","Forskuddsbetalinger skal mottas gjennom en kredittinstitusjon og settes inn på en egen konto, atskilt fra alle andre midler. Uttak er bare tillatt til kostnader som følger direkte av byggingen av disse boligene. Det er ikke utbyggerens driftskapital.",,
142,"The purchase contract itself must state the developer's obligation to repay, identify the insurer or guarantor, and identify the credit institution and the account. At signing you should also be handed the document evidencing the guarantee attached to your particular payments.","Selve kjøpekontrakten skal angi utbyggerens tilbakebetalingsplikt og identifisere forsikringsselskapet eller garantisten, samt kredittinstitusjonen og kontoen. Ved signering skal du også få dokumentet som viser garantien for nettopp dine innbetalinger.",,
143,"Failing to put the guarantee in place is treated as a consumer-protection infringement, carrying a penalty of up to 25% of the amounts that should have been secured, on top of anything the regional building rules impose.","Å unnlate å stille garantien behandles som et brudd på forbrukervernet, med bot på inntil 25 % av beløpene som skulle vært sikret, i tillegg til det de regionale byggereglene fastsetter.",,
144,"The obligation to guarantee repayment runs from the point the building licence is obtained -- not from the moment you first pay. This is one of the substantive differences between the current regime and the 1968 law it replaced, and it is the single most practical thing to understand before you reserve.","Plikten til å garantere tilbakebetaling løper fra byggetillatelsen er gitt --ikke fra din første innbetaling. Det er en av de innholdsmessige forskjellene fra loven av 1968 som ble erstattet, og det praktisk viktigste å forstå før du reserverer.",,
145,"In plain terms: if you pay a reservation fee on a project whose licence has not yet been granted, that money is not sitting behind the statutory guarantee. It may well be protected by what your contract says instead -- many reservation agreements make the fee refundable during a due-diligence window, and that is a contractual protection, not a legal one. The two are not interchangeable, and only one of them is the same at every developer.","Rett ut: betaler du et reservasjonsgebyr i et prosjekt der byggetillatelsen ennå ikke er gitt, står ikke de pengene bak den lovbestemte garantien. De kan godt være beskyttet av det kontrakten din sier i stedet --mange reservasjonsavtaler gjør gebyret refunderbart i en due diligence-periode, og det er et kontraktsvern, ikke et lovvern. De to er ikke utbyttbare, og bare det ene er likt hos enhver utbygger.",,
146,"This is not a reason to avoid pre-licence projects. It is a reason to know which category a project is in before you transfer anything, and to have your lawyer read the reservation terms rather than assume the statute covers you. Every project on this site states its licence status in its own trust dossier, in those words, because the distinction changes what your money is standing on.","Dette er ingen grunn til å unngå prosjekter uten byggetillatelse. Det er en grunn til å vite hvilken kategori et prosjekt hører til før du overfører noe, og til å la advokaten din lese reservasjonsvilkårene i stedet for å anta at loven dekker deg. Hvert prosjekt på dette nettstedet oppgir sin tillatelsesstatus i sitt eget tillitsdossier, med nettopp de ordene, fordi skillet avgjør hva pengene dinee hviler på.",,
147,"If construction does not begin, is not finished within the agreed period, or the habitation certificate is not obtained, you may claim back the amounts paid on account -- including the taxes applied to them -- plus statutory interest. You can either terminate the contract or grant the developer an extension, which is recorded as an additional clause setting the new delivery date.","Dersom byggingen ikke starter, ikke ferdigstilles innen avtalt frist eller brukstillatelsen ikke innhentes, kan du kreve tilbake beløpene du har innbetalt --inkludert skattene på dem-- med tillegg av lovbestemt rente. Du kan enten heve kontrakten eller gi utbyggeren utsettelse, som føres inn som en tilleggsklausul med ny overtakelsesdato.",,
148,"The practical lesson is that the guarantee is only as useful as the paperwork behind it. Ask for the guarantee document at signing, check it names you and your specific payments, and keep it. A guarantee that exists in principle but was never issued to you is the failure mode this provision was written to prevent.","Den praktiske lærdommen er at en garanti er verdt akkurat så mye som papirene bak den. Be om garantidokumentet ved signering, kontroller at det navngir deg og nettopp dine innbetalinger, og ta vare på det. En garanti som finnes i prinsippet, men aldri ble utstedt til deg, er nøyaktig den svikten bestemmelsen ble skrevet for å hindre.",,
149,"The obligations described on this page are taken from the first additional provision of Ley 38/1999 as consolidated after Ley 20/2015, and are current as of August 2026. This is general information about how the protection is structured; it is not legal advice, and how it applies to a particular contract is a question for your own lawyer. Nueva Living confirms licence status and guarantee arrangements in writing for a specific project on request.","Pliktene som beskrives på denne siden er hentet fra den første tilleggsbestemmelsen i Ley 38/1999 i konsolidert form etter Ley 20/2015, og er oppdatert per august 2026. Dette er generell informasjon om hvordan vernet er bygget opp; det er ikke juridisk rådgivning, og hvordan det slår ut for en konkret kontrakt er et spørsmål for din egen advokat. Nueva Living bekrefter på forespørsel skriftlig tillatelsesstatus og garantiordninger for et bestemt prosjekt.",,
150,"Spanish law guarantees the money you pay during construction. It does not guarantee all of it, from the moment you pay it, and the gap is where buyers get caught.","Spansk lov garanterer pengene du betaler underveis i byggingen. Ikke alle, og ikke fra første innbetaling -- og det er i det gapet kjøpere går i fella.",,
151,"The guarantee starts at the building licence","Garantien starter ved byggetillatelsen",,
152,"A guarantee","En garanti",,
153,"How Payments Are Staged","Slik fordeles betalingene",,
154,"Off-Plan Payment Schedules on the Costa del Sol","Betalingsplaner ved kjøp på tegning",,
155,"Real staged payment schedules from Costa del Sol developers: reservation fees, the 30% contract stage, construction milestones and the balance at deed.","Faktiske betalingsplaner fra utbyggere på Costa del Sol: reservasjon, 30 % ved kontrakt, byggetrinn og resten ved skjøte.",,
156,"Reservation Agreements","Reservasjonsavtaler",,
157,"Private purchase contract","Privat kjøpekontrakt",,
158,"Request a Payment Structure","Be om en betalingsstruktur",,
159,"How off-plan payments are actually staged","Slik fordeles betalingene ved kjøp på tegning",,
160,"Reservation, contract, build, deed","Reservasjon, kontrakt, bygging, skjøte",,
161,"Typically bringing the total paid to 30%, with the reservation usually counted towards it. Some developers stage this as 25% at contract with the balance spread across the build. Signing windows are short -- 15 to 30 days from reservation is normal.","Bringer normalt det innbetalte opp i 30 %, der reservasjonen som regel går til fradrag. Enkelte utbyggere setter 25 % ved kontrakt og fordeler resten over byggetiden. Signeringsfristene er korte --15 til 30 dager fra reservasjon er vanlig.",,
162,"Highly variable. Some projects take nothing between contract and completion; others take 10% at a fixed date, or tie payments to certified milestones such as completion of the foundation and of the structure. One project on this site spreads 50% across fifteen monthly payments from the start of works.","Svært varierende. Enkelte prosjekter tar ingenting mellom kontrakt og overtakelse; andre tar 10 % på en fast dato, eller knytter betalinger til attesterte milepæler som ferdig fundament og råbygg. Ett prosjekt her fordeler 50 % over femten månedlige betalinger fra byggestart.",,
163,"The balance at the deed of sale, most often 50% to 70%. This is also where the bulk of the tax falls due.","Resten ved skjøtet, oftest 50 % til 70 %. Det er også da hoveddelen av skatten forfaller.",,
164,"Note that stage payments are quoted plus VAT in most schedules, so the cash required at each stage is higher than the headline percentage. See","Merk at delbetalingene i de fleste planer oppgis eksklusive mva., så kontantbehovet i hvert trinn er høyere enn prosentsatsen som oppgis. Se",,
165,"what a new-build costs on top of the price","hva et nybygg koster utover prisen",,
166,"for how IVA and AJD land across the timeline.","for hvordan IVA og AJD fordeler seg over tid.",,
167,"This is worth stating plainly, because it is often blurred: there is no Spanish statute governing reservation agreements. What your reservation fee does, whether it is refundable, and for how long, is whatever your particular reservation document says. It is a contract, and its terms vary between developers.","Dette bør sies rett ut, for det viskes ofte ut: det finnes ingen spansk lov om reservasjonsavtaler. Hva reservasjonsgebyret ditt gjør, om det refunderes og hvor lenge, er det ditt eget reservasjonsdokument sier. Det er en kontrakt, og vilkårene varierer mellom utbyggere.",,
168,"That matters more than it sounds, because the statutory guarantee over advance payments only begins once the building licence has been obtained. A reservation paid before that point rests on the contract wording alone. Some agreements make the fee refundable for a defined due-diligence window; others do not. Read it, or have your lawyer read it, before transferring anything -- and see","Dette veier tyngre enn det høres ut, for det lovbestemte vernet for forskudd oppstår først når byggetillatelsen er gitt. En reservasjon betalt før det tidspunktet hviler kun på kontraktsteksten. Enkelte avtaler gjør gebyret refunderbart i en definert due diligence-periode, andre ikke. Les den, eller la advokaten din lese den, før du overfører noe --og se",,
169,"how the bank guarantee works","hvordan bankgarantien virker",,
170,"Once the guarantee regime applies, amounts you pay on account must be received through a credit institution and held in a special account, separate from any other class of funds, and may only be drawn for costs arising directly from building those homes. If a developer proposes any other arrangement for staged payments, that is the point to stop and take advice.","Når garantiordningen først gjelder, skal innbetalingene dine mottas gjennom en kredittinstitusjon og ligge på en egen konto, atskilt fra alle andre midler, og bare brukes til kostnader som følger direkte av byggingen av disse boligene. Foreslår en utbygger et annet opplegg for delbetalingene, er det der du stopper og henter råd.",,
171,"The ranges above describe the written schedules held for the projects listed on this site as of August 2026. They are not a rule, and they are not an offer -- an individual developer can and does structure payments differently, and terms change between releases. Nueva Living reconfirms the current payment structure in writing for a specific residence before any reservation.","Intervallene over beskriver de skriftlige planene som foreligger for prosjektene på dette nettstedet per august 2026. De er verken regel eller tilbud --en enkelt utbygger kan legge opp betalingene annerledes, og vilkårene endres mellom byggetrinn. Nueva Living bekrefter skriftlig den gjeldende betalingsstrukturen for en bestemt bolig før enhver reservasjon.",,
172,"Reservation","Reservasjon",,
173,"Off-Plan Payment Schedules · 2026 Guide","Betalingsplaner på tegning · Guide 2026",,
174,"At the deed","Ved skjøtet",,
175,"That depends on their severity and on your contract, and it is a question for your lawyer rather than a rule. What is generally available is completing with reservations recorded, which shifts the start of the periods until those are put right.","Det avhenger av hvor alvorlige de er og av kontrakten din, og er snarere et spørsmål for advokaten din enn en regel. Det som normalt lar seg gjøre, er å overta med anmerkningene protokollført, noe som utsetter fristenes start til de er utbedret.",,
176,"IVA at 10% plus AJD at 1.2%, so 11.2% of the price in tax. Both are set by law and neither is negotiable.","IVA på 10 % pluss AJD på 1,2 %, altså 11,2 % av prisen i skatt. Begge er fastsatt i lov, og ingen av dem er forhandlingsbare.",,
177,"IVA at 10% is charged on each stage payment as you make it, not held back to completion. This is the line most budgets get wrong: the cash required at each stage is the percentage plus a tenth of it again.","IVA på 10 % beregnes på hver delbetaling når du gjør den, ikke holdt tilbake til overtakelse. Dette er posten de fleste budsjetter regner feil: pengene som trengs i hvert trinn, er prosentsatsen pluss en tidel til.",,
178,"The balance of the price, the AJD in full, notary, Land Registry and your lawyer's fee. This is where the largest single transfer happens.","Resten av kjøpesummen, hele AJD, notarius, grunnboken og advokatens honorar. Det er her den enkeltstående største overføringen skjer.",,
179,"How the Bank Guarantee Works","Slik virker bankgarantien",,
180,"A new-build comes with statutory cover against defects, and it is not one warranty but three, each running for a different length of time and each pointing at a different party. Knowing which clock applies to a given problem is what turns a snagging list from a favour the developer might do into a claim with a legal basis.","Et nybygg har lovbestemt mangelsdekning, og det er ikke én garanti, men tre, hver med sin lengde og hver rettet mot ulike parter. Å vite hvilken frist som gjelder for et bestemt problem er det som gjør en mangelliste til et krav med rettslig grunnlag i stedet for en tjeneste utbyggeren kanskje gjør.",,
181,"All three periods run from the date the works are formally received without reservations -- or, where reservations were made, from the date those are put right. Not from when you move in, and not from the deed.","Alle de tre fristene løper fra datoen arbeidet formelt overtas uten forbehold --eller, dersom forbehold ble tatt, fra datoen de er utbedret. Ikke fra innflytting og ikke fra skjøtet.",,
182,"The periods and liabilities described here are taken from articles 17 and 19 of Ley 38/1999 and its second additional provision, as consolidated, and are current as of August 2026. This page is general information about how the cover is structured, not legal advice. Whether a particular defect falls in a particular period is a question of fact for your lawyer and, usually, a surveyor. Nueva Living can provide the warranty and insurance documentation held for a specific project on request.","Fristene og ansvaret som beskrives her er hentet fra artikkel 17 og 19 i Ley 38/1999 og dens andre tilleggsbestemmelse, i konsolidert form, og er oppdatert per august 2026. Siden er generell informasjon om hvordan dekningen er bygget opp, ikke juridisk rådgivning. Om en bestemt mangel faller innenfor en bestemt frist er et faktisk spørsmål for advokaten din og som regel en takstmann. Nueva Living kan på forespørsel fremlegge garanti- og forsikringsdokumentasjonen som foreligger for et bestemt prosjekt.",,
183,"Independent help comparing Costa del Sol developers, contracts, payment schedules and bank guarantees before you reserve an off-plan home.","Uavhengig hjelp til å sammenligne utbyggere, kontrakter, betalingsplaner og bankgarantier før du reserverer en bolig på tegning.",,
184,"With a Mortgage","Med boliglån",,
185,"After Completion","Etter overtakelse",,
186,"What a mortgage adds to the total","Hva et boliglån legger til summen",,
187,"The costs do not arrive together","Kostnadene kommer ikke samtidig",,
188,"The costs that start rather than stop","Kostnadene som begynner i stedet for å slutte",,
189,"What buyers ask us about cost","Hva kjøpere spør oss om kostnader",,
190,"Arrangement fee","Etableringsgebyr",,
191,"AJD on the mortgage","AJD på boliglånet",,
192,"Community fees","Fellesutgifter",,
193,"Non-resident income tax","Inntektsskatt for utenlandsboende",,
194,"At reservation","Ved reservasjonen",,
195,"Is the IVA paid in one payment at the end?","Betales mva-en samlet til slutt?",,
196,"Can I reclaim the IVA?","Kan jeg få tilbake mva-en?",,
197,"If you are borrowing, three of the four costs below fall on you and one does not. The one that does not is the one older guides still list as yours.","Låner du, faller tre av de fire kostnadene under på deg og én gjør det ikke. Nettopp den som ikke gjør det, listes fortsatt som din i eldre guider.",,
198,"The tasaci&oacute;n, &euro;300 to &euro;600, paid before the bank will issue a binding offer. The report is valid for six months, and the bank lends against the lower of valuation and price.","Verdivurderingen, tasaci&oacute;n, 300 til 600 €, betales før banken gir et bindende tilbud. Rapporten er gyldig i seks måneder, og banken låner ut mot det laveste av verdi og pris.",,
199,"Nothing. The lender has paid the stamp duty on the mortgage deed since Real Decreto-ley 17/2018. Any guide still listing it as a buyer cost predates that change.","Ingenting. Långiveren betaler dokumentavgiften på pantedokumentet siden Real Decreto-ley 17/2018. Enhver guide som fortsatt legger den på kjøperen, er eldre enn den endringen.",,
200,"0.5% to 1% of the loan, or a fixed fee, if you use one. Worth it where a broker reaches lenders that price non-resident files differently.","0,5 % til 1 % av lånet, eller et fast honorar, om du bruker en. Verdt det der en megler når banker som priser saker fra utenlandsboende annerledes.",,
201,"A single percentage makes it sound like one bill at the end. In practice the tax arrives in instalments and the professional fees arrive at the deed.","Én enkelt prosentsats høres ut som én regning til slutt. I praksis kommer skatten i avdrag og honorarene ved skjøtet.",,
202,"Nothing beyond the reservation fee itself, and that counts towards the price rather than sitting on top of it.","Ingenting utover selve reservasjonsgebyret, og det går til fradrag i prisen i stedet for å komme i tillegg.",,
203,"Acquisition cost is the number people compare. Running cost is the number they live with, and it is knowable before you reserve.","Anskaffelseskostnaden er tallet folk sammenligner. Driftskostnaden er tallet de lever med, og det er mulig å vite før du reserverer.",,
204,"Municipal property tax, charged on the valor catastral rather than the market price, broadly 0.4% to 1.1% of it a year. Because the catastral value is a fraction of what you paid, the bill is usually a few hundred to a couple of thousand euros.","Kommunal eiendomsskatt beregnet på takstverdien og ikke markedsprisen, grovt 0,4 % til 1,1 % av den i året. Siden takstverdien er en brøkdel av det du betalte, ligger regningen som regel mellom noen hundre og et par tusen euro.",,
205,"Set per home by participation quota. A development with a spa, heated pools and a concierge costs more to run than a small block, and the community budget exists before you reserve. Ask for it.","Fastsettes per bolig etter sameiebrøk. Et prosjekt med spa, oppvarmede bassenger og konsierge koster mer å drifte enn et lite bygg, og budsjettet finnes før du reserverer. Be om det.",,
206,"Spain taxes an imputed income on a second home even when it is never let, declared on Modelo 210. Residents of the EU and EEA are taxed at 19%, others at 24%.","Spania skattlegger en beregnet inntekt på en sekundærbolig selv når den aldri leies ut, oppgitt via Modelo 210. Bosatte i EU og EØS skattlegges med 19 %, andre med 24 %.",,
207,"No. IVA is set nationally and AJD by Andaluc&iacute;a, and neither moves on a private purchase. What is negotiable is the legal fee, and the arrangement fee if you borrow.","Nei. Mva-en fastsettes nasjonalt og AJD av Andalucía, og ingen av dem beveger seg ved et privatkjøp. Forhandlingsbart er advokathonoraret og, om du låner, etableringsgebyret.",,
208,"No. That tax falls on the seller, and on a new-build the seller is the developer. It is a resale question that follows buyers into new-build guides where it does not belong.","Nei. Den skatten faller på selgeren, og ved nybygg er selgeren utbyggeren. Det er et bruktboligspørsmål som følger kjøpere inn i nybyggsguider der det ikke hører hjemme.",,
209,"No. It is charged on each stage payment as that payment is made. A schedule quoting 30% at contract means 30% plus IVA on that 30%, and the same at every stage after it.","Nei. Den beregnes på hver delbetaling når den gjøres. En plan som oppgir 30 % ved kontrakt betyr 30 % pluss mva. på de 30 %, og likedan i hvert trinn etterpå.",,
210,"The Tax Gap","Skattegapet",,
211,"Can I get a mortgage on an off-plan purchase?","Kan jeg få boliglån på et kjøp på tegning?",,
212,"Can I sell an off-plan unit before completion?","Kan jeg selge en bolig på tegning før overtakelse?",,
213,"ITP at 7% and no AJD. Four points lower, on the same price.","ITP på 7 % og ingen AJD. Fire punkter lavere, på samme pris.",,
214,"A resale at the same headline price costs roughly &euro;18,000 less in tax on a &euro;450,000 purchase. An off-plan unit has to be priced meaningfully below the finished comparable before it is the cheaper transaction, not merely the cheaper number.","En bruktbolig til samme prisantydning koster rundt 18 000 € mindre i skatt ved et kjøp på 450 000 €. En bolig på tegning må ligge merkbart under den ferdige motparten for å være den rimeligere handelen, ikke bare det lavere tallet.",,
215,"Unpaid community charges attach to the property itself for the current year and the three preceding ones, and unpaid IBI attaches to it without a time limit of that kind. Your lawyer asks for a certificate of no debt from the community and checks the IBI receipts before you sign.","Ubetalte fellesutgifter hefter ved selve eiendommen for inneværende år og de tre foregående, og ubetalt IBI hefter ved den uten en slik frist. Advokaten din ber sameiet om gjeldfrihetsattest og sjekker IBI-kvitteringene før signering.",,
216,"Where the seller is not resident in Spain, the buyer withholds 3% of the price and pays it to the tax office on the seller's account. It is the buyer's obligation, not the seller's courtesy, and it does not arise at all buying from a developer.","Er selgeren ikke bosatt i Spania, holder kjøperen tilbake 3 % av prisen og betaler dem til skattemyndigheten for selgerens regning. Det er kjøperens plikt, ikke selgerens vennlighet, og ved kjøp fra en utbygger oppstår den ikke i det hele tatt.",,
217,"Extensions, glazed terraces and pool houses added without permission are common and do not always appear in the deed. What is registered, what is built and what was licensed have to agree, and only a search establishes that.","Tilbygg, innglassede terrasser og poolhus uten tillatelse er vanlige og står ikke alltid i skjøtet. Det tinglyste, det bygde og det tillatte må stemme overens, og bare en undersøkelse viser det.",,
218,"At the same headline price, no, because the tax is four points higher. Off-plan is cheaper where the price genuinely sits below the finished comparable by more than that, which is a project-by-project question rather than a rule.","Til samme prisantydning nei, fordi skatten er fire punkter høyere. Kjøp på tegning blir rimeligere der prisen faktisk ligger mer enn det under den ferdige motparten, og det avgjøres prosjekt for prosjekt, ikke som regel.",,
219,"Yes, but the loan is normally drawn at completion rather than during construction, so the stage payments come out of your own funds. That changes the cash profile more than the total, and it is worth modelling before you reserve.","Ja, men lånet utbetales normalt ved skjøtet og ikke underveis i byggingen, så delbetalingene kommer fra egne midler. Det endrer likviditetsprofilen mer enn totalen, og er verdt å regne på før du reserverer.",,
220,"Delays of a few months against the original estimate are common. Your contract sets the delivery date and what happens if it is missed, including whether you may terminate or grant an extension, and that clause is worth reading before you sign rather than after.","Forsinkelser på noen måneder mot det opprinnelige anslaget er vanlig. Kontrakten din fastsetter overtakelsesdatoen og hva som skjer om den brytes, inkludert rett til å heve eller gi utsettelse, og den klausulen leser man før signering, ikke etter.",,
221,"Sometimes. Whether the contract can be assigned to another buyer, and on what terms and fee, is set by the developer and varies widely. If that is part of your plan, establish it in writing before reserving, not later.","Iblant. Om kontrakten kan overdras til en annen kjøper, på hvilke vilkår og mot hvilket gebyr, bestemmes av utbyggeren og varierer mye. Er det en del av planen din, få det skriftlig før reservasjonen, ikke etterpå.",,
222,"What the guarantee actually returns","Hva garantien faktisk betaler tilbake",,
223,"Is my reservation fee guaranteed?","Er reservasjonsgebyret mitt garantert?",,
224,"Who pays for the guarantee?","Hvem betaler garantien?",,
225,"Does the guarantee cover a delay, or only non-delivery?","Dekker garantien forsinkelse, eller bare manglende levering?",,
226,"Does it transfer if I assign the contract?","Følger den med om jeg overdrar kontrakten?",,
227,"A guarantee is not compensation for a purchase that went wrong. It is a return of what you handed over, and knowing its edges is what stops it being mistaken for something wider.","En garanti er ingen erstatning for et kjøp som gikk galt. Den er en tilbakebetaling av det du har betalt inn, og å kjenne grensene hindrer at den forveksles med noe videre.",,
228,"The amounts paid on account, the taxes charged on those amounts, and statutory interest from the date each payment was made.","Beløpene innbetalt på konto, skattene på dem og lovbestemt rente fra datoen for hver innbetaling.",,
229,"The gain you expected. If the finished market moved while you waited, the guarantee returns your money and not the difference. It restores your position; it does not deliver the bargain.","Gevinsten du regnet med. Beveget markedet for ferdige boliger seg mens du ventet, gir garantien pengene tilbake, ikke differansen. Den gjenoppretter posisjonen din; den leverer ikke kuppet.",,
230,"Costs you incurred around the purchase -- legal fees, travel, a mortgage arrangement fee already paid. Those sit outside the statutory guarantee and belong to whatever your contract says about them.","Kostnader du hadde rundt kjøpet --advokathonorar, reiser, et allerede betalt etableringsgebyr. De ligger utenfor den lovbestemte garantien og styres av det kontrakten din sier.",,
231,"A guarantee that exists at the level of the development is not the same as one issued for your payments. These are the four things to establish, in this order, and none of them requires taking anyone's word for it.","En garanti som finnes på prosjektnivå er ikke det samme som en utstedt for dine innbetalinger. Dette er de fire tingene å fastslå, i denne rekkefølgen, og ingen av dem krever at du tror noen på ordet.",,
232,"Ask whether the building licence has been granted, and for the date. Before that point the statutory guarantee has not yet arisen, however the reservation is described.","Spør om byggetillatelsen er gitt, og om datoen. Før det tidspunktet har det lovbestemte vernet ennå ikke oppstått, uansett hvordan reservasjonen beskrives.",,
233,"The contract should identify the credit institution and the special account, and your payments should go there rather than to a general company account. Compare the account on the contract with the one on the payment instruction.","Kontrakten skal identifisere kredittinstitusjonen og den egne kontoen, og innbetalingene dine skal gå dit i stedet for til en generell firmakonto. Sammenlign kontoen i kontrakten med den på betalingsoppdraget.",,
234,"Ask for the certificate or policy that covers your payments specifically. It should name you, name the unit, and state the amounts. A master policy for the development is the frame, not the cover.","Be om sertifikatet eller polisen som dekker nettopp dine innbetalinger. Den skal navngi deg, angi boligen og beløpene. En rammepolise for prosjektet er rammen, ikke dekningen.",,
235,"Check the insurer or bank named on it is authorised to operate in Spain. This takes one search and it is the step people skip.","Sjekk at forsikringsselskapet eller banken som er oppgitt har tillatelse til å operere i Spania. Det tar ett søk, og det er steget folk hopper over.",,
236,"A guaranteed buyer is not in that queue. The claim runs against the insurer or the bank that issued the guarantee, which is a solvent third party with its own obligation to you, and it does not depend on what the developer has left. That is the difference the paperwork buys, and it is why a guarantee held in your own name matters more than a reassurance that the development is covered.","En kjøper med garanti står ikke i den køen. Kravet rettes mot forsikringsselskapet eller banken som utstedte garantien — en solvent tredjepart med egen forpliktelse overfor deg — og avhenger ikke av hva utbyggeren har igjen. Det er forskjellen papirene kjøper, og derfor veier en garanti i ditt eget navn tyngre enn en forsikring om at prosjektet er dekket.",,
237,"Only once the building licence has been granted. Paid before that, it rests on the wording of your reservation agreement instead, which is a contractual protection rather than a statutory one, and it differs between developers.","Først når byggetillatelsen er gitt. Betalt før det hviler den på ordlyden i reservasjonsavtalen din, altså kontraktsvern og ikke lovvern, og det varierer mellom utbyggere.",,
238,"The developer. It is their obligation and their cost, and it should not appear as a charge added to your payments. If it does, ask what it is.","Utbyggeren. Det er deres plikt og deres kostnad, og den skal ikke dukke opp som et tillegg på innbetalingene dine. Gjør den det, spør hva det er.",,
239,"It is triggered where construction does not begin, is not finished within the agreed period, or the habitation certificate is not obtained. A delay that runs past the agreed period reaches it; a delay inside that period is a contract question.","Den utløses dersom byggingen ikke starter, ikke ferdigstilles innen avtalt frist, eller brukstillatelsen uteblir. En forsinkelse forbi den avtalte fristen når den; en forsinkelse innenfor fristen er et kontraktsspørsmål.",,
240,"Not automatically in the sense that matters. Where a contract is assigned, the guarantee has to follow the new buyer in writing, and that is a step to confirm rather than assume.","Ikke automatisk i den forstand som betyr noe. Overdras kontrakten, må garantien følge den nye kjøperen skriftlig, og det er et steg å bekrefte, ikke å anta.",,
241,"What 30% at contract actually costs","Hva 30 % ved kontrakt faktisk koster",,
242,"The cost that is not in the schedule","Kostnaden som ikke står i planen",,
243,"What buyers ask us about payments","Hva kjøpere spør oss om betalinger",,
244,"At contract, 30%","Ved kontrakt, 30 %",,
245,"At the deed, 70%","Ved skjøtet, 70 %",,
246,"Can I negotiate the payment schedule?","Kan jeg forhandle betalingsplanen?",,
247,"What if I cannot make a stage payment?","Hva om jeg ikke klarer en delbetaling?",,
248,"Do stage payments go to the developer directly?","Går delbetalingene rett til utbyggeren?",,
249,"Schedules are quoted net of VAT, so every percentage on them understates the transfer by a tenth. On a &euro;600,000 home the difference is not academic.","Planene oppgis uten mva., så hver prosentsats undervurderer overføringen med en tidel. På en bolig til 600 000 € er forskjellen ikke akademisk.",,
250,"&euro;180,000 net, less the &euro;10,000 already paid, plus 10% IVA on the &euro;180,000. The transfer is &euro;188,000, not &euro;170,000.","180 000 € netto, minus de 10 000 € som alt er betalt, pluss 10 % mva. på 180 000 €. Overføringen er 188 000 €, ikke 170 000 €.",,
251,"&euro;420,000 net plus IVA on that, plus the AJD on the full price, plus notary, registry and legal. Around &euro;476,000 before fees.","420 000 € netto pluss mva. på det, pluss AJD på hele prisen, pluss notar, register og advokat. Rundt 476 000 € før honorarer.",,
252,"Two schedules can quote identical percentages and behave completely differently, because what triggers a payment is set by wording rather than by the number beside it.","To planer kan oppgi identiske prosentsatser og oppføre seg helt ulikt, fordi det som utløser en betaling bestemmes av ordlyden og ikke av tallet ved siden av.",,
253,"Where payments follow milestones, the schedule should say who confirms one has been reached. In practice that is the project's technical architect, and the certificate is a document you can ask to see.","Følger betalingene milepæler, skal planen si hvem som bekrefter at en er nådd. I praksis er det prosjektets tekniske arkitekt, og attesten er et dokument du kan be om å se.",,
254,"Fifteen days is common, and it is short if funds have to move across borders. Establish the notice period before you sign rather than discovering it with a payment demand.","Femten dager er vanlig, og det er kort om penger skal over grenser. Fastslå varselfristen før du signerer i stedet for å oppdage den med et betalingskrav.",,
255,"Contracts vary widely: interest, a cure period, and in some cases termination with retention of part of what you have paid. This is one of the clauses worth reading closely, because it is the one that costs the most when it applies.","Kontraktene varierer mye: renter, en rettefrist og noen ganger heving med tilbakehold av deler av det du har betalt. Dette er en av klausulene verdt å lese nøye, for den koster mest når den slår inn.",,
256,"Occasionally offered, and worth weighing carefully: paying ahead of the schedule increases what you have at risk before delivery, and the guarantee covers what you have paid rather than what you were promised in return.","Tilbys iblant og bør veies nøye: å betale forut for planen øker det du har i risiko før overtakelse, og garantien dekker det du har betalt, ikke det du er lovet til gjengjeld.",,
257,"They should go to the special account named in your contract, held apart from the developer's other funds, once the guarantee regime applies. Compare the account on the contract against the one on the payment instruction each time.","De skal gå til den egne kontoen som er oppgitt i kontrakten din, atskilt fra utbyggerens øvrige midler, når garantiordningen først gjelder. Sammenlign hver gang kontoen i kontrakten med den på betalingsoppdraget.",,
258,"Not by itself. Spreading payments helps your cash flow and increases the period over which you are exposed to the build completing. Which matters more depends on your own position, not on the shape of the schedule.","Ikke i seg selv. Å spre betalingene hjelper likviditeten og forlenger perioden der du er avhengig av at byggingen blir ferdig. Hva som veier tyngst avhenger av din egen situasjon, ikke av planens form.",,
259,"How much does property cost in Marbella?","Hva koster en bolig i Marbella?",,
260,"How much does property cost in Estepona?","Hva koster en bolig i Estepona?",,
261,"How much does property cost in Casares?","Hva koster en bolig i Casares?",,
262,"How much does property cost in Benahavís?","Hva koster en bolig i Benahavís?",,
263,"How much does property cost in Nueva Andalucía?","Hva koster en bolig i Nueva Andalucía?",,
264,"How much does property cost in Mijas and Fuengirola?","Hva koster en bolig i Mijas og Fuengirola?",,
265,"How much does property cost in San Pedro de Alcántara?","Hva koster en bolig i San Pedro de Alcántara?",,
266,"It depends on what you are paying for. Guadalmina Baja and the beachside strip between the A-7 and the sea carry the highest prices and the shortest walk to the sand. Guadalmina Alta and the pueblo cost materially less and give you the town instead. Which side of the A-7 you end up on changes daily life more than the price gap suggests.","Det kommer an på hva man betaler for. Guadalmina Baja og stripen mellom A-7 og havet har de høyeste prisene og kortest vei til sanden. Guadalmina Alta og det gamle sentrum koster vesentlig mindre og gir byen i stedet. Hvilken side av A-7 man havner på, endrer hverdagen mer enn prisforskjellen tilsier.",,
267,"The NIE","NIE-nummeret",,
268,"Power of Attorney","Fullmakt",,
269,"How off-plan payments are staged","Hvordan betalinger på tegning fordeles",,
270,"When do I need the NIE?","Når trenger jeg NIE-nummeret?",,
271,"Do I need a Spanish bank account to buy?","Trenger jeg en spansk bankkonto for å kjøpe?",,
272,"Why is my lawyer asking where my money came from?","Hvorfor spør advokaten min hvor pengene kommer fra?",,
273,"Can my lawyer apply for the NIE for me?","Kan advokaten min søke om NIE for meg?",,
274,"Does buying property in Spain make me a tax resident?","Blir jeg skattemessig bosatt av å kjøpe bolig i Spania?",,
275,"A tax identifier for foreign nationals, required for the purchase to be registered in your name. Not a residence permit, and not a declaration of tax residency.","En skatteidentifikasjon for utenlandske statsborgere, nødvendig for at kjøpet skal registreres i ditt navn. Ikke en oppholdstillatelse og ingen erklæring om skattemessig bosted.",,
276,"Before the private purchase contract, which on an off-plan purchase comes weeks after reservation rather than months.","Før den private kjøpekontrakten, som ved kjøp på tegning kommer uker etter reservasjonen og ikke måneder.",,
277,"You, in person, or a representative holding a power of attorney that covers it. Both routes are ordinary; the choice is usually about timing.","Du selv, personlig, eller en representant med fullmakt som dekker det. Begge veier er vanlige; valget handler som regel om tidsplanen.",,
278,"Before a Spanish notary, in one appointment, usually on the same trip as a viewing.","Hos en spansk notarius, i ett møte, som regel på samme reise som en visning.",,
279,"Before a notary where you live, then legalised for use in Spain and translated. Plan for it rather than around it.","Hos en notarius der du bor, deretter legalisert for bruk i Spania og oversatt. Planlegg for det heller enn rundt det.",,
280,"Yes, with a power of attorney authorising someone in Spain to sign for you. It is ordinary practice rather than a workaround. Whether it is the right choice is a separate question, and it usually turns on whether you have seen the setting rather than on the paperwork.","Ja, med en fullmakt som gir noen i Spania rett til å signere for deg. Det er vanlig praksis, ikke en omvei. Om det er riktig valg, er et annet spørsmål, og det avhenger som regel av om du har sett omgivelsene, ikke av papirene.",,
281,"Before the private purchase contract, not at the deed. On an off-plan purchase that contract follows the reservation by a matter of weeks, so the application is worth starting as soon as you reserve rather than once the contract is drafted.","Før den private kjøpekontrakten, ikke ved skjøtet. Ved kjøp på tegning følger den kontrakten reservasjonen etter få uker, så søknaden bør startes når du reserverer og ikke først når kontrakten er skrevet.",,
282,"Not to complete the purchase itself. You will want one afterwards, because community fees, IBI and utilities are collected by direct debit from a Spanish account. Opening one requires an NIE, which is why the two run in that order.","Ikke for å fullføre selve kjøpet. Du vil ønske en etterpå, siden fellesutgifter, IBI og strøm og vann trekkes via avtalegiro fra en spansk konto. Å åpne en krever NIE, og derfor går de to i den rekkefølgen.",,
283,"Because they are required to establish it, as are the notary and the bank. It applies to every buyer and says nothing about you. The only real risk is leaving it late, since the evidence often has to come from an institution in another country on their schedule rather than yours.","Fordi vedkommende er pålagt å fastslå det, i likhet med notarius og banken. Det gjelder enhver kjøper og sier ingenting om du. Den eneste reelle risikoen er å utsette det, siden dokumentasjonen ofte må komme fra en institusjon i et annet land og i ditt tempo, ikke ditt eget.",,
284,"A representative holding a power of attorney that covers it can apply on your behalf. Which route is faster, that or an appointment at your own consulate, depends on the consulate rather than on any general rule, so it is worth asking before choosing.","En representant med fullmakt som dekker det kan søke på din vegne. Hvilken vei som er raskest, den eller en time hos ditt eget konsulat, avhenger av konsulatet og ikke av noen generell regel, så det er verdt å spørre før du velger.",,
285,"No. An NIE is an identifier, not a residence permit, and owning a home does not by itself make you resident. Tax residency turns on your own circumstances and is a question for a tax adviser rather than for a property page.","Nei. NIE er en identifikator, ikke en oppholdstillatelse, og det å eie en bolig gjør du ikke i seg selv bosatt. Skattemessig bosted avgjøres av dine egne forhold og er et spørsmål for en skatterådgiver, ikke for en eiendomsside.",,
286,"Comparing projects, reviewing floorplans and prices, even a private presentation of a development, all happen remotely. What cannot happen by email is the part that involves the Spanish state and your bank: a tax number, a signature the notary will accept, and money that arrives from a source you can evidence. Each of those has a lead time, and each of them delays a purchase when it is started late rather than early.","Å sammenligne prosjekter, gå gjennom plantegninger og priser, til og med en privat prosjektpresentasjon — alt det skjer på avstand. Det som ikke går på e-post, er den delen der den spanske staten og banken din er involvert: et skattenummer, en signatur notarius godtar, og penger som kommer fra en opprinnelse du kan dokumentere. Hver av dem har en ledetid, og hver av dem forsinker kjøpet når man begynner sent i stedet for tidlig.",,
287,"An NIE, N&uacute;mero de Identificaci&oacute;n de Extranjero, is a tax identification number required for any property purchase in Spain by a non-Spanish national. It is not a residence permit and it does not make you a tax resident. It is an identifier, and without one the purchase cannot be registered in your name.","NIE, Número de Identificación de Extranjero, er et skatteidentifikasjonsnummer som kreves ved ethvert eiendomskjøp i Spania av en ikke-spansk statsborger. Det er ikke en oppholdstillatelse og gjør du ikke skattemessig bosatt. Det er en identifikator, og uten den kan kjøpet ikke registreres i ditt navn.",,
288,"It is needed before you sign the private purchase contract, not at the deed, which is earlier than most buyers assume. Applications are made in person, either at a Spanish consulate in your own country or in Spain, and a representative acting under a power of attorney can apply on your behalf. Which of those routes is quickest depends on your consulate rather than on any general rule, so the sequence to follow is: ask what your consulate currently requires, then start.","Det trengs før du signerer den private kjøpekontrakten, ikke ved skjøtet — altså tidligere enn de fleste kjøpere antar. Søknaden leveres personlig, enten ved et spansk konsulat i ditt eget land eller i Spania, og en representant med fullmakt kan søke på din vegne. Hvilken av veiene som er raskest, avhenger av ditt konsulat og ikke av noen generell regel, så rekkefølgen er: spør hva konsulatet krever i dag, og start deretter.",,
289,"A power of attorney, a poder , authorises someone in Spain to act for you within limits you set. In a property purchase that is usually your lawyer, and it is what allows a contract to be signed and a deed to be completed while you are elsewhere. It is the single document that decides whether the purchase needs you in the country.","En fullmakt, et poder , gir noen i Spania rett til å handle for deg innenfor de grensene du setter. Ved et boligkjøp er det som regel advokaten din, og det er det som gjør at en kontrakt kan signeres og et skjøte fullbyrdes mens du er et annet sted. Det er det ene dokumentet som avgjør om kjøpet krever du i landet.",,
290,"Spanish banks, notaries and lawyers are required to establish the origin of the funds in a property purchase. This is routine, it applies to everyone, and it is not a judgement about you. It becomes a problem only when it is left until the week of the deed, because the evidence often has to come from institutions in another country and on their timetable.","Spanske banker, notarer og advokater er pålagt å fastslå midlenes opprinnelse ved et eiendomskjøp. Det er rutine, gjelder alle og er ingen dom over du. Det blir først et problem når det utsettes til uken for skjøtet, siden dokumentasjonen ofte må komme fra institusjoner i et annet land og etter din tidsplan.",,
291,"The practical version: whatever the money's history is, it should be documentable from the account it leaves. A sale, a transfer between your own accounts, an inheritance, a bonus. Assemble that early, and the question is answered when it is asked rather than sending you back to a bank abroad at the worst possible moment.","Den praktiske versjonen: uansett hvilken historie pengene har, bør den kunne dokumenteres fra kontoen de forlater. Et salg, en overføring mellom egne kontoer, en arv, en bonus. Samle det tidlig, så er spørsmålet besvart i det øyeblikket det stilles, i stedet for å sende du tilbake til en bank i utlandet på verst tenkelige tidspunkt.",,
292,"With a power of attorney in place, a purchase can complete without you setting foot in Spain. That is worth knowing, and it is not always worth doing. Two moments repay a trip more than any document does.","Med en fullmakt på plass kan et kjøp fullføres uten at du setter foten i Spania. Det er verdt å vite, og det er ikke alltid verdt å gjøre. To øyeblikk betaler tilbake en reise bedre enn noe dokument gjør.",,
293,"This page describes how a purchase from abroad is structured, not the current paperwork of any one consulate. Requirements, appointment availability and the exact documents differ between countries and change without much notice, and the only reliable version is the one your own consulate publishes today. Nueva Living confirms what a specific purchase requires and coordinates the sequence with your lawyer.","Denne siden beskriver hvordan et kjøp fra utlandet er bygget opp, ikke det aktuelle papirarbeidet ved ett bestemt konsulat. Krav, timetilgang og de eksakte dokumentene varierer mellom land og endres uten stort varsel, og den eneste pålitelige versjonen er den ditt eget konsulat publiserer i dag. Nueva Living bekrefter hva et konkret kjøp krever, og koordinerer rekkefølgen med advokaten din.",,
294,"Two things matter here and they are separate. The first is where the money goes. On an off-plan purchase, payments made before completion must reach the special account named in your contract, not a general company account. That is a legal requirement rather than an administrative preference, and it is covered in full in","To ting teller her, og de er atskilte. Det første er hvor pengene går. Ved kjøp på tegning må betalinger før overtakelse nå den særskilte kontoen som er navngitt i kontrakten din, ikke en generell selskapskonto. Det er et lovkrav og ikke en administrativ preferanse, og det er behandlet i sin helhet i",,
295,"The second is what it costs to get there. A staged purchase paid from a currency other than the euro is a series of conversions rather than one, spread across the build, and the schedule says nothing about that.","Det andre er hva det koster å få dem dit. Et trinnvis kjøp betalt i en annen valuta enn euro er en serie vekslinger i stedet for én, fordelt over byggetiden, og betalingsplanen sier ingenting om det.",,
296,"A Spanish bank account is not strictly required to complete a purchase, which surprises people. It becomes necessary afterwards, because community fees, IBI and utilities are collected by direct debit from a Spanish account. Opening one takes an NIE, so the sequence runs in the order this page does.","En spansk bankkonto er strengt tatt ikke nødvendig for å fullføre kjøpet, noe som overrasker. Den blir nødvendig etterpå, siden fellesutgifter, IBI og strøm og vann trekkes via avtalegiro fra en spansk konto. Å åpne en krever NIE, så rekkefølgen går slik denne siden gjør.",,
297,"Buying from Abroad: NIE and Power of Attorney","Kjøpe fra utlandet: NIE og fullmakt",,
298,"Bank Guarantees Explained","Bankgarantier forklart",,
299,"Off-Plan Payment Schedules","Betalingsplaner ved kjøp på tegning",,
300,"What a purchase actually needs you present for: when the NIE is required, what a power of attorney covers, and how the money reaches the developer.","Hva du faktisk må være til stede for: når NIE kreves, hva en fullmakt dekker, og hvordan pengene når utbyggeren.",,
301,"What actually protects an off-plan deposit under Spanish law, and the point in the timeline at which the statutory guarantee has not started yet.","Hva som faktisk beskytter et forskudd ved kjøp på tegning etter spansk lov, og punktet i forløpet der den lovbestemte garantien ennå ikke gjelder.",,
302,"The staged payment structures the developers on this site have supplied in writing, from reservation through to the balance at deed.","Betalingsplanene utbyggerne på dette nettstedet har levert skriftlig, fra reservasjon til resten ved skjøtet.",,
303,"Figures reflect currently published developments matching this search and are reconfirmed by Nueva Living before any viewing or reservation.","Tallene gjenspeiler for øyeblikket publiserte prosjekter som samsvarer med dette søket, og bekreftes på nytt av Nueva Living før visning eller reservasjon.",,
304,"Nueva Living confirms current availability, price list and payment terms directly with the developer.","Nueva Living bekrefter gjeldende tilgjengelighet, prisliste og betalingsvilkår direkte med utbyggeren.",,
305,"Usually, yes. Service charges are typically calculated on built size or a fixed per-unit share, and a penthouse’s larger terrace or solarium generally puts it in a higher share than a mid-floor apartment in the same building. Nueva Living confirms the exact community fee structure for any development before you reserve.","Vanligvis ja. Fellesutgifter beregnes vanligvis ut fra bebygd areal eller en fast andel per enhet, og en toppleilighets større terrasse eller solarium gir den vanligvis en høyere andel enn en leilighet i en mellometasje i samme bygg. Nueva Living bekrefter den nøyaktige avgiftsstrukturen for ethvert prosjekt før du reserverer.",,
306,"New-build apartments and penthouses here are typically sold off-plan or under construction, with staged payments through to completion. Nueva Living reconfirms the current price list, floorplans and payment schedule for any development before you shortlist it.","Nybygde leiligheter og toppleiligheter selges her vanligvis på tegning eller under bygging, med betalinger i faser frem til ferdigstillelse. Nueva Living bekrefter på nytt den gjeldende prislisten, plantegninger og betalingsplan for ethvert prosjekt før du tar det med i utvalget.",,
307,"Most current releases are off-plan or under construction, sold with staged payments.","De fleste nåværende lanseringene er på tegning eller under bygging, solgt med betalinger i faser.",,
308,"Current releases are off-plan, sold with staged payments through to completion.","Nåværende lanseringer er på tegning, solgt med betalinger i faser frem til ferdigstillelse.",,
309,"New-build apartments and penthouses here are typically sold off-plan, with staged payments through to completion. Nueva Living reconfirms the current price list, floorplans and payment schedule for any development before you shortlist it.","Nybygde leiligheter og toppleiligheter selges her vanligvis på tegning, med betalinger i faser frem til ferdigstillelse. Nueva Living bekrefter på nytt den gjeldende prislisten, plantegninger og betalingsplan for ethvert prosjekt før du tar det med i utvalget.",,
310,"Current releases are under construction, sold with staged payments through to completion.","Nåværende lanseringer er under bygging, solgt med betalinger i faser frem til ferdigstillelse.",,
311,"What a new-build in Andalucia costs on top of the price: IVA at 10%, AJD at 1.2%, and the notary, registry and legal fees around them.","Hva nybygg i Andalusia koster utover prisen: IVA 10%, AJD 1,2% og gebyrene for notar, register og juridisk bistand.",,
312,"New-Build Purchase Costs","Kjøpskostnader for nybygg",,
313,"How buying off-plan and buying a completed resale home actually compare, across price, risk, payment terms and appreciation.","Hvordan kjøp på tegning faktisk sammenlignes med å kjøpe en ferdigstilt bruktbolig, når det gjelder pris, risiko, betalingsvilkår og verdistigning.",,
314,"Spanish banks lend differently to non-resident buyers than to Spanish residents. Where a resident might get financing up to 80% of a property's value, non-residents are typically capped closer to 70%, and the exact rate, term and how much of your income counts all vary by bank and by your personal financial profile. On top of the mortgage itself, budget for taxes and purchase costs &mdash; transfer tax or VAT, notary, land registry and legal fees &mdash; which typically add another 10-13% on top of the purchase price in Spain.","Spanske banker låner ut annerledes til ikke-bosatte kjøpere enn til spanske bosatte. Der en bosatt kan få finansiering opp til 80 % av en eiendoms verdi, er ikke-bosatte vanligvis begrenset til nærmere 70 %, og den nøyaktige renten, løpetiden og hvor mye av inntekten din som teller, varierer etter bank og ditt personlige økonomiske profil. I tillegg til selve lånet bør du budsjettere for skatter og kjøpskostnader &mdash; overdragelsesskatt eller mva, notar, eiendomsregister og juridiske kostnader &mdash; som vanligvis legger til ytterligere 10-13 % på toppen av kjøpesummen i Spania.",,
315,"Use the calculator below for a realistic starting estimate of your deposit, monthly payment and total cost of buying, based on typical non-resident lending terms. It is a planning tool, not a mortgage offer &mdash; Nueva Living and your mortgage broker will confirm the real numbers once you have a specific property in mind.","Bruk kalkulatoren nedenfor for et realistisk startestimat av egenkapitalen din, den månedlige betalingen og den totale kostnaden ved kjøpet, basert på typiske lånevilkår for ikke-bosatte. Det er et planleggingsverktøy, ikke et lånetilbud &mdash; Nueva Living og din boliglånsmegler bekrefter de reelle tallene når du har en spesifikk eiendom i tankene.",,
316,"Set to 30% by default &mdash; as a non-Spanish resident, lenders typically finance up to 70% of the property value. Your own maximum will depend on your bank and financial profile.","Satt til 30 % som standard &mdash; som ikke-bosatt i Spania finansierer långivere vanligvis opptil 70 % av eiendommens verdi. Ditt eget maksimum vil avhenge av banken din og din økonomiske profil.",,
317,"Mortgage term","Lånets løpetid",,
318,"Taxes &amp; purchase costs","Skatter og kjøpskostnader",,
319,"Indicative only &mdash; ITP/VAT, notary, registry and legal fees vary by case. Confirm exact costs with your lawyer.","Kun veiledende &mdash; ITP/mva, notar, registrering og juridiske kostnader varierer fra sak til sak. Bekreft nøyaktige kostnader med advokaten din.",,
320,"Estimated monthly payment","Estimert månedlig betaling",,
321,"Cash needed without a mortgage","Kontanter som trengs uten boliglån",,
322,"Cash needed with a mortgage (deposit + costs)","Kontanter som trengs med boliglån (egenkapital + kostnader)",,
323,"Mortgage principal","Lånets hovedstol",,
324,"Current releases are off-plan or under construction, sold with staged payments through to completion.","De aktuelle prosjektene selges på tegning eller under bygging, med trinnvise betalinger frem til overtakelse.",,
325,"What you trade is prestige, not access. Malaga airport is closer from here than it is from Marbella, the train line runs to Fuengirola, and the golf courses at Mijas sit minutes inland. Current releases here are under construction or off-plan with staged payments, and Nueva Living reconfirms the price list, floorplans and payment schedule before you shortlist anything.","Det du gir opp er prestisje, ikke tilgjengelighet. Malaga lufthavn ligger nærmere herfra enn fra Marbella, toget går til Fuengirola, og golfbanene i Mijas ligger noen minutter innover i landet. De aktuelle prosjektene er under oppføring eller selges på tegning med etappevise betalinger, og Nueva Living bekrefter prisliste, plantegninger og betalingsplan før du kortlister noe.",,
326,"Every current release is under construction or off-plan, sold with staged payments through to completion.","Alle aktuelle prosjekter er under oppføring eller selges på tegning, med etappevise betalinger fram til overtakelse.",,
327,"Land costs less on this stretch than it does between Marbella and Estepona, and that carries through to the finished price rather than reflecting a difference in build quality. Current releases here run from around EUR 390,000, against EUR 527,500 for the equivalent in Marbella.","Tomtekostnaden er lavere på denne strekningen enn mellom Marbella og Estepona, og det slår ut i sluttprisen uten å gjenspeile forskjell i byggekvalitet. Aktuelle prosjekter starter her rundt 390 000 €, mot 527 500 € for tilsvarende i Marbella.",,
328,"The largest terrace or solarium in the building and the best of the sea or golf view, at a premium over a mid-floor unit. On this coast a penthouse still frequently lands under what a mid-floor apartment costs further west.","Den største terrassen eller solariet i bygget og den beste sjø- eller golfutsikten, med et påslag mot en mellometasje. På denne kysten havner en toppleilighet fortsatt ofte under det en mellometasjeleilighet koster lenger vest.",,
329,"It is also unusually mixed. Within a few minutes of each other you will find beachside apartment releases from EUR 695,000 and golf-side villa collections up to EUR 3,500,000, which is why this page covers both rather than splitting them. Every current release here is off-plan or under construction with staged payments.","Strekningen er dessuten uvanlig blandet. Noen minutter fra hverandre finner du leiligheter ved stranden fra 695 000 € og villakolleksjoner ved golfbanen opp til 3 500 000 €, og derfor dekker denne siden begge deler i stedet for å dele dem opp. Alle aktuelle prosjekter selges på tegning eller er under oppføring med etappevise betalinger.",,
330,"All current releases are off-plan or under construction, sold with staged payments through to completion.","Alle aktuelle prosjekter selges på tegning eller er under oppføring, med etappevise betalinger fram til overtakelse.",,
331,"Almost all of it falls within the municipality of Estepona, with the Bel Air end closest to the Marbella boundary. For practical purposes -- taxes, licences, town hall -- treat it as Estepona.","Nesten alt ligger i Estepona kommune, med Bel Air-enden nærmest grensen mot Marbella. Av praktiske hensyn — skatt, tillatelser, rådhus — behandle det som Estepona.",,
332,"They are different in kind rather than degree. An apartment carries a community charge covering shared pools, gardens and lighting. A villa usually carries a smaller community charge but takes on its own pool and garden maintenance directly, which often costs more in total once you add it up.","De skiller seg i art snarere enn i grad. En leilighet betaler fellesutgifter som dekker felles bassenger, hager og belysning. En villa har som regel lavere fellesutgifter, men tar seg av eget basseng og egen hage direkte, noe som samlet ofte koster mer.",,
333,"It also holds the largest concentration of new-build stock on this side of Marbella. The three current releases here run from EUR 690,000, which is roughly where Marbella starts, and they cover apartments, townhouses and villas rather than one format. All are under construction or off-plan with staged payments.","Her finnes også den største samlingen nybygg på denne siden av Marbella. De tre aktuelle prosjektene starter på 690 000 €, omtrent der Marbella begynner, og omfatter leiligheter, rekkehus og villaer snarere enn ett format. Alle er under oppføring eller selges på tegning med etappevise betalinger.",,
334,">Mortgage Calculator",">Boliglånskalkulator",,
335,">Legal Notice",">Juridisk merknad",,
336,"Information presented on this website is for general marketing purposes only and does not constitute legal, financial or investment advice. Development details, prices and delivery dates are subject to change without notice.","Informasjonen som presenteres på dette nettstedet er kun ment for generelle markedsføringsformål og utgjør ikke juridisk, finansiell eller investeringsrådgivning. Prosjektdetaljer, priser og leveringsdatoer kan endres uten forvarsel.",,
337,"Completion soonest","Snarest ferdigstillelse",,
338,"Which homes are available, their reservation status, current prices and expected delivery.","Hvilke boliger som er tilgjengelige, reservasjonsstatus, gjeldende priser og forventet levering.",,
