id,english,current_ar,suggested_edit,note
1,"dev-fact-value"">Completion Q4 2027 - Q1 2028<","dev-fact-value"">التسليم الربع الرابع 2027 - الربع الأول 2028<",,
2,"dev-fact-value"">Completion to be confirmed<","dev-fact-value"">موعد الإنجاز قيد التأكيد<",,
3,"dev-fact-value"">Completion Q2 2029<","dev-fact-value"">الإنجاز الربع الثاني 2029<",,
4,"dev-fact-value"">Completion Q4 2027<","dev-fact-value"">التسليم الربع الرابع 2027<",,
5,"dev-fact-value"">Completion Q3 2027<","dev-fact-value"">الإنجاز الربع الثالث 2027<",,
6,"dev-fact-value"">Completion Q1 2029<","dev-fact-value"">الإنجاز الربع الأول 2029<",,
7,"dev-fact-value"">Completion Q3 2029<","dev-fact-value"">الإنجاز الربع الثالث 2029<",,
8,"What is an NIE number and do I need one?","ما هو رقم NIE وهل أحتاج إليه؟",,
9,"An NIE (Numero de Identificacion de Extranjero) is a tax ID number required for any property purchase in Spain by a non-Spanish national. Nueva Living can guide you through obtaining one before you reserve.","رقم NIE (رقم تعريف الأجنبي) هو رقم تعريف ضريبي مطلوب لأي عملية شراء عقار في إسبانيا من قبل غير المواطنين الإسبان. يمكن لفريق Nueva Living مساعدتك في الحصول عليه قبل الحجز.",,
10,"What costs should I budget for on top of the purchase price?","ما هي التكاليف التي يجب أن أضعها في ميزانيتي إضافة إلى سعر الشراء؟",,
11,"Buyers typically budget for transfer tax or VAT, notary fees, land registry fees and legal fees on top of the purchase price. Nueva Living provides a full, current cost breakdown for your chosen residence before you reserve.","عادةً ما يضع المشترون في ميزانيتهم ضريبة النقل أو ضريبة القيمة المضافة ورسوم التوثيق ورسوم التسجيل العقاري والأتعاب القانونية، إضافة إلى سعر الشراء. تزودك Nueva Living بتفصيل كامل وحديث للتكاليف قبل الحجز.",,
12,"Can I get a mortgage in Spain as a non-resident?","هل يمكنني الحصول على قرض عقاري في إسبانيا كغير مقيم؟",,
13,"Many Spanish banks offer mortgages to non-resident buyers, typically financing a portion of the purchase price. Exact terms depend on the bank and your personal financial profile.","تقدّم العديد من البنوك الإسبانية قروضًا عقارية للمشترين غير المقيمين، وعادةً ما تموّل جزءًا من سعر الشراء. تعتمد الشروط الدقيقة على البنك وملفك المالي الشخصي.",,
14,"Off-plan means the development is still under construction and is usually sold with staged payments through to completion. A completed property is ready to view and move into now.","يعني الشراء على المخطط أن المشروع لا يزال قيد الإنشاء ويُباع عادة بدفعات مرحلية حتى التسليم. أما العقار الجاهز فهو متاح للمعاينة والانتقال إليه فورًا.",,
15,"How does the reservation and payment process work?","كيف تتم عملية الحجز والدفع؟",,
16,"Reservation and payment structures vary by development and are set out in full before you reserve. Nueva Living reconfirms the current schedule for your chosen residence at every step.","تختلف هياكل الحجز والدفع حسب المشروع ويتم توضيحها بالكامل قبل الحجز. تعيد Nueva Living تأكيد الجدول الزمني الحالي لوحدتك المختارة في كل خطوة.",,
17,"Do I need a lawyer?","هل أحتاج إلى محامٍ؟",,
18,"Yes, we strongly recommend independent legal representation for any property purchase in Spain. Nueva Living can put you in touch with independent lawyers experienced in Costa del Sol property.","نعم، نوصي بشدة بالاستعانة بتمثيل قانوني مستقل لأي عملية شراء عقار في إسبانيا. يمكن لفريق Nueva Living أن يوصلك بمحامين مستقلين ذوي خبرة في عقارات كوستا ديل سول.",,
19,"A sea-view render can make almost any development look perfect. We look past the presentation: the exact setting, the developer, the payment terms, the compromises and whether the property will still suit you years from now.","يمكن لأي تصور بإطلالة على البحر أن يجعل أي مشروع يبدو مثاليًا. نحن ننظر إلى ما وراء العرض التقديمي: الموقع الدقيق، والمطوّر، وشروط الدفع، والتنازلات، وما إذا كان العقار سيظل مناسبًا لكم بعد سنوات.",,
20,"From your brief and viewings to negotiation and handover, we keep the moving parts together and coordinate with your independent lawyer.","من تحديد متطلباتكم والمعاينات وصولًا إلى التفاوض والتسليم، نحافظ على تناسق جميع مراحل العملية وننسق مع محاميكم المستقل.",,
21,"From first enquiry to reservation","من الاستفسار الأول إلى الحجز",,
22,"We arrange viewings, share the project documents and explain the reservation process.","ننظم المعاينات، ونشارككم مستندات المشروع، ونشرح لكم عملية الحجز.",,
23,"We help you check the location, developer, finishes, payment plan and future resale appeal before you choose a home.","نساعدكم على التحقق من الموقع، والمطوّر، والتشطيبات، وخطة الدفع، وجاذبية إعادة البيع المستقبلية قبل اختيار المنزل.",,
24,"We compare prices, orientation, amenities, completion dates and nearby alternatives side by side.","نقارن الأسعار، والاتجاه، والمرافق، ومواعيد التسليم، والبدائل القريبة جنبًا إلى جنب.",,
25,"We organise project documents, viewings, reservation details and an introduction to an independent lawyer.","ننظم مستندات المشروع، والمعاينات، وتفاصيل الحجز، ونعرّفكم على محامٍ مستقل.",,
26,"We only flag urgency when availability, pricing or a reservation deadline genuinely changes.","لا ننبهكم إلى الاستعجال إلا عندما يتغير التوافر أو السعر أو الموعد النهائي للحجز فعليًا.",,
27,"A genuine share of our commission, not a flat finder's fee.","نسبة حقيقية من عمولتنا، وليست رسمًا ثابتًا مقابل التعريف فقط.",,
28,"How buying off-plan and buying a completed resale home actually compare on the Costa del Sol, across price, risk, payment terms and appreciation.","مقارنة واقعية بين الشراء على المخطط وشراء منزل جاهز من إعادة البيع في كوستا ديل سول: السعر والمخاطر وشروط الدفع وارتفاع القيمة.",,
29,"Bank Guarantees on Off-Plan Property · 2026 Guide","الضمانات المصرفية عند الشراء على المخطط · دليل 2026",,
30,"New-Build Purchase Costs in Andalucia · 2026 Guide","تكاليف شراء العقارات الجديدة في الأندلس · دليل 2026",,
31,"What the areas cost","كم تكلف كل منطقة",,
32,"New-build and off-plan purchases follow a different sequence from a resale purchase: staged payments, a private purchase contract, and a developer's construction timeline rather than an immediate move-in date. Seven steps, start to finish.","تتبع عمليات شراء العقارات الجديدة والعقارات على الخارطة تسلسلاً مختلفًا عن شراء عقار من السوق الثانوي: دفعات مجدولة، وعقد شراء خاص، وجدول زمني للبناء يحدده المطوّر بدلاً من تاريخ انتقال فوري. سبع خطوات، من البداية إلى النهاية.",,
33,"Steps, Reservation to Keys","خطوات، من الحجز إلى المفاتيح",,
34,"People Involved: You, Nueva Living, Your Lawyer","أطراف معنية: أنت، Nueva Living، محاميك",,
35,"Weeks, Reservation to Contract","أسابيع، من الحجز إلى العقد",,
36,"Off-plan usually means a lower entry price and payments staged over the build period, at the cost of waiting. A completed home costs more upfront but you can see and move into it now. See our full off-plan vs resale comparison for the detail.","يعني الشراء على الخارطة عادةً سعر دخول أقل ودفعات مجدولة على مدى فترة البناء، مقابل الانتظار. أما المنزل الجاهز فتكلفته أعلى مقدمًا، لكن يمكنك معاينته والانتقال إليه فورًا. راجع مقارنتنا الكاملة بين الشراء على الخارطة والشراء من السوق الثانوي لمزيد من التفاصيل.",,
37,"A reservation takes the specific residence off the market while your private purchase contract is prepared, typically within two to four weeks.","يؤدي الحجز إلى سحب المسكن المحدد من السوق أثناء إعداد عقد الشراء الخاص بك، وعادةً خلال أسبوعين إلى أربعة أسابيع.",,
38,"Pay the reservation amount, which is later credited against the purchase price.","ادفع مبلغ الحجز، والذي يُخصم لاحقًا من سعر الشراء.",,
39,"Confirms the reservation terms and what happens to the amount if you do not proceed.","يؤكد شروط الحجز وما سيحدث للمبلغ إذا لم تُكمل الصفقة.",,
40,"Good to know: how much is the reservation?","من المفيد معرفته: كم تبلغ قيمة الحجز؟",,
41,"It varies by developer and project, from a few thousand euros up to around 1% of the price on some developments. A reservation is not the point of no return, but it is a real commitment -- confirm the terms before you pay it.","يختلف المبلغ حسب المطوّر والمشروع، من بضعة آلاف من اليوروهات إلى نحو 1% من السعر في بعض المشاريع. الحجز ليس نقطة اللاعودة، لكنه التزام حقيقي -- تأكد من الشروط قبل دفعه.",,
42,"Sign the Private Purchase Contract","وقّع عقد الشراء الخاص",,
43,"The binding agreement setting out price, payment schedule, specification and delivery terms. You will need an NIE before or shortly after this stage.","الاتفاقية الملزمة التي تحدد السعر وجدول الدفعات والمواصفات وشروط التسليم. ستحتاج إلى رقم NIE قبل هذه المرحلة أو بعدها بوقت قصير.",,
44,"Obtain your NIE if you do not already have one, and review the contract.","احصل على رقم NIE إذا لم يكن لديك بالفعل، وراجع العقد.",,
45,"What Your Lawyer Does","ما يقوم به محاميك",,
46,"Reviews the contract terms and confirms the bank guarantee before you sign.","يراجع شروط العقد ويؤكد الضمان المصرفي قبل التوقيع.",,
47,"For off-plan purchases, payments from this point are usually staged across construction milestones. Spanish law requires developers to bank-guarantee off-plan payments made before completion, so staged payments are protected if the development is not delivered -- confirming that guarantee is in place is one of the checks your lawyer carries out.","في عمليات الشراء على الخارطة، تُجدول الدفعات من هذه النقطة عادةً وفق مراحل البناء. يُلزم القانون الإسباني المطوّرين بضمان الدفعات المسددة على الخارطة قبل الإنجاز بضمان مصرفي، بحيث تكون الدفعات المجدولة محمية إذا لم يتم تسليم المشروع -- والتأكد من وجود هذا الضمان هو أحد الفحوصات التي يقوم بها محاميك.",,
48,"Legal Checks and Independent Representation","الفحوصات القانونية والتمثيل المستقل",,
49,"We strongly recommend independent legal representation -- a lawyer acting for you, not the developer or the selling agency.","نوصي بشدة بالحصول على تمثيل قانوني مستقل -- محامٍ يعمل لصالحك، وليس لصالح المطوّر أو وكالة البيع.",,
50,"Instruct an independent lawyer before signing anything binding.","استعن بمحامٍ مستقل قبل توقيع أي شيء ملزم.",,
51,"Checks the developer's registration and track record, the building licence, land registry status and the bank guarantee.","يتحقق من تسجيل المطوّر وسجله وترخيص البناء وحالة السجل العقاري والضمان المصرفي.",,
52,"Many non-resident buyers arrange a mortgage at this stage. Spanish banks do lend to non-residents, usually financing a portion of the price, though exact terms depend on the bank and your financial profile.","يرتب كثير من المشترين غير المقيمين تمويلاً عقاريًا في هذه المرحلة. تُقرض البنوك الإسبانية غير المقيمين فعلاً، وتموّل عادةً جزءًا من السعر، إلا أن الشروط الدقيقة تعتمد على البنك وملفك المالي.",,
53,"Completion and Handover","الإنجاز والتسليم",,
54,"Completion happens at the notary, where the final balance is paid and the deed of sale is signed and registered in your name.","يتم الإنجاز لدى كاتب العدل، حيث يُدفع الرصيد النهائي ويُوقَّع سند البيع ويُسجَّل باسمك.",,
55,"Pay the final balance and sign at the notary.","ادفع الرصيد النهائي ووقّع لدى كاتب العدل.",,
56,"Confirms the deed of sale and its registration.","يؤكد سند البيع وتسجيله.",,
57,"Good to know: warranties and ongoing costs","من المفيد معرفته: الضمانات والتكاليف المستمرة",,
58,"Spanish building law generally provides for a structural warranty, a shorter warranty on installations, and a one-year warranty on finishes. After completion, budgeting for ongoing costs such as community fees and annual property tax (IBI) becomes part of owning the home.","ينص قانون البناء الإسباني عمومًا على ضمان إنشائي، وضمان أقصر مدة للتجهيزات، وضمان لمدة عام على التشطيبات. بعد الإنجاز، يصبح تخطيط الميزانية للتكاليف المستمرة مثل رسوم المجتمع السكني وضريبة العقار السنوية (IBI) جزءًا من امتلاك المنزل.",,
59,"Apply for your NIE","تقدّم بطلب للحصول على رقم NIE",,
60,"Select an independent lawyer","اختر محاميًا مستقلاً",,
61,"Consider a Spanish bank account","فكّر في فتح حساب مصرفي إسباني",,
62,"NIE","NIE",,
63,"Numero de Identificacion de Extranjero -- a Spanish tax ID number required for any property purchase by a non-Spanish national.","Numero de Identificacion de Extranjero -- رقم تعريف ضريبي إسباني مطلوب لأي عملية شراء عقار من قِبل شخص غير حامل للجنسية الإسبانية.",,
64,"Reservation Agreement","اتفاقية الحجز",,
65,"The document and payment that takes a specific residence off the market while your private purchase contract is prepared.","المستند والدفعة التي تسحب مسكنًا محددًا من السوق أثناء إعداد عقد الشراء الخاص بك.",,
66,"Private Purchase Contract","عقد الشراء الخاص",,
67,"Contrato de compraventa -- the binding agreement setting out price, payment schedule, specification and delivery terms.","Contrato de compraventa -- الاتفاقية الملزمة التي تحدد السعر وجدول الدفعات والمواصفات وشروط التسليم.",,
68,"Bank Guarantee","الضمان المصرفي",,
69,"Legally required protection for off-plan payments made before completion, covering you if the development is not delivered.","حماية مطلوبة قانونًا لدفعات الشراء على الخارطة المسددة قبل الإنجاز، تحميك في حال عدم تسليم المشروع.",,
70,"Notary","كاتب العدل",,
71,"The public official before whom the final deed of sale is signed at completion.","الموظف الرسمي الذي يوقَّع أمامه سند البيع النهائي عند الإنجاز.",,
72,"The deed of sale signed at the notary and registered in your name at completion.","سند البيع الموقَّع لدى كاتب العدل والمسجَّل باسمك عند الإنجاز.",,
73,"Land Registry","السجل العقاري",,
74,"The official record of property ownership and charges, checked by your lawyer before you sign.","السجل الرسمي لملكية العقار والأعباء المرتبطة به، والذي يتحقق منه محاميك قبل التوقيع.",,
75,"This guide is general information about the typical off-plan buying process on the Costa del Sol. It is not legal, tax or financial advice, and does not replace independent professional advice tailored to your situation.","هذا الدليل هو معلومات عامة حول عملية الشراء المعتادة على الخارطة في كوستا ديل سول. وهو لا يُعد استشارة قانونية أو ضريبية أو مالية، ولا يغني عن استشارة مهنية مستقلة مصمّمة خصيصًا لوضعك.",,
76,"Payment","الدفع",,
77,"Completion","إتمام الصفقة",,
78,"Staged: a reservation, a larger payment on signing the private purchase contract, further payments at construction milestones, and the balance on completion.","على مراحل: حجز، ثم دفعة أكبر عند توقيع عقد الشراء الخاص، ثم دفعات إضافية عند مراحل البناء الرئيسية، وأخيرًا الرصيد عند الإتمام.",,
79,"Construction and delivery risk: the project could be delayed or, worst case, not completed. Payments made before completion are required by law to be bank-guaranteed.","مخاطر البناء والتسليم: قد يتأخر المشروع أو، في أسوأ الأحوال، لا يكتمل. ويشترط القانون أن تكون المبالغ المدفوعة قبل الإتمام مضمونة بضمان بنكي.",,
80,"Buying early sometimes means a genuine say in finishes -- flooring, kitchen options, occasionally layout -- depending how far along construction is. That window closes near completion.","قد يمنحك الشراء المبكر فرصة حقيقية للمشاركة في التشطيبات — الأرضيات، خيارات المطبخ، وأحيانًا التصميم — حسب مرحلة البناء. وتنغلق هذه الفرصة قرب الإتمام.",,
81,"The case is buying below completed-market price and the value closing that gap by delivery. This depends on the specific project and area performing as expected -- it is not a guarantee.","تكمن الفكرة في الشراء بسعر أقل من سعر السوق للعقارات المكتملة، على أن تردم القيمة هذه الفجوة بحلول موعد التسليم. ويعتمد ذلك على أداء المشروع والمنطقة المحددين كما هو متوقع — وليس ضمانًا.",,
82,"Completion depends on the developer obtaining the first occupation license and certificate of completion before the deed can be signed at the notary. Your lawyer confirms these are in place before you complete.","يعتمد إتمام الصفقة على حصول المطور على رخصة الإشغال الأولى وشهادة إتمام البناء قبل التمكن من توقيع العقد لدى الكاتب العدل. ويؤكد محاميك جاهزية هذه المستندات قبل الإتمام.",,
83,"Costs more upfront, but you are paying for a known quantity: the actual finish, the actual view, the actual noise level, none of which you can fully judge from a floorplan and a render.","يكلف أكثر مقدمًا، لكنك تدفع ثمن أمر معروف: التشطيب الفعلي، والإطلالة الفعلية، ومستوى الضوضاء الفعلي، وكلها أمور لا يمكنك تقييمها بالكامل من مخطط وصورة افتراضية.",,
84,"Simpler: reserve, sign, pay the balance, usually within 30 to 60 days. No construction-linked schedule, and no way to spread the cost over time.","أبسط: حجز، توقيع، ثم دفع الرصيد عادةً خلال 30 إلى 60 يومًا. دون جدول زمني مرتبط بالبناء، ودون إمكانية لتوزيع التكلفة على فترة.",,
85,"Can generate rental income or be lived in immediately after completion, with no construction timeline in the way.","يمكن أن يدر دخلًا إيجاريًا أو أن يسكن فور الإتمام مباشرة، دون أي جدول زمني للبناء يقف عائقًا.",,
86,"Already issued and checkable: your lawyer verifies the existing title, license history and any charges on the property at the Land Registry before you sign.","صادرة بالفعل وقابلة للتحقق: يتحقق محاميك من سند الملكية القائم وتاريخ التراخيص وأي أعباء على العقار لدى السجل العقاري قبل التوقيع.",,
87,"Does the bank guarantee cover everything I pay?","هل يغطي الضمان البنكي كل ما أدفعه؟",,
88,"It covers payments made ahead of completion specifically. The exact scope and validity of the guarantee for a given project is something to confirm in writing before signing, not something to assume.","هو يغطي تحديدًا المبالغ المدفوعة قبل الإتمام. وينبغي التأكد كتابيًا من النطاق الدقيق وصلاحية الضمان لمشروع معين قبل التوقيع، وليس افتراضه.",,
89,"Off-plan tends to suit buyers who do not need the property immediately, want to spread payments over time, and are comfortable with construction-stage risk in exchange for a lower entry price and, in some cases, a say in the finish.","يناسب الشراء على المخطط عادةً المشترين الذين لا يحتاجون العقار فورًا، ويرغبون في توزيع الدفعات على فترة، ومرتاحون لتحمل مخاطر مرحلة البناء مقابل سعر دخول أقل وفي بعض الحالات القدرة على المشاركة في التشطيب.",,
90,"A completed home tends to suit buyers who want to move in, rent out, or simply see exactly what they are buying without waiting or without taking on delivery risk -- often at a higher upfront cost for that certainty.","يناسب العقار المكتمل عادةً المشترين الراغبين في الانتقال أو التأجير أو معرفة ما يشترونه بالضبط دون انتظار أو تحمل مخاطر التسليم — غالبًا مقابل تكلفة مقدمة أعلى مقابل هذه اليقين.",,
91,"Private Purchase Contract Contrato de compraventa -- the binding agreement setting out price, payment schedule, specification and delivery terms, signed after reservation.","عقد الشراء الخاص Contrato de compraventa -- الاتفاقية الملزمة التي تحدد السعر وجدول الدفع والمواصفات وشروط التسليم، وتُوقّع بعد الحجز.",,
92,"Bank Guarantee Legally required protection for off-plan payments made before completion, covering you if the development is not delivered.","الضمان البنكي حماية مطلوبة قانونًا للمبالغ المدفوعة على المخطط قبل الإتمام، وتحميك إذا لم يُسلّم المشروع.",,
93,"First Occupation License Licencia de primera ocupacion -- the official confirmation a newly built home is fit to be lived in, required before completion.","رخصة الإشغال الأولى Licencia de primera ocupacion -- التأكيد الرسمي بأن المنزل المبني حديثًا صالح للسكن، وهو مطلوب قبل الإتمام.",,
94,"Escritura The deed of sale signed at the notary and registered in your name at completion.","العقد (Escritura) صك البيع الموقّع لدى الكاتب العدل والمسجّل باسمك عند الإتمام.",,
95,"This guide is general information to help you compare off-plan and resale purchases on the Costa del Sol. It is not legal, tax or financial advice, and does not replace independent professional advice tailored to your situation.","يقدم هذا الدليل معلومات عامة لمساعدتك على المقارنة بين الشراء على المخطط وإعادة البيع في كوستا ديل سول. وهو لا يشكّل استشارة قانونية أو ضريبية أو مالية، ولا يغني عن استشارة مهنية مستقلة مصممة خصيصًا لوضعك.",,
96,"What does it cost to use Nueva Living?","كم تكلفة الاستعانة بـ Nueva Living؟",,
97,"Yes. What we add is the comparison: the availability list as the seller issued it, the purchase costs on top of the asking price, and the checks worth making before you reserve.","نعم. ما نضيفه هو المقارنة: قائمة التوافر كما أصدرها البائع، وتكاليف الشراء فوق السعر المطلوب، والفحوصات التي يجدر إجراؤها قبل الحجز.",,
98,"Whether it changes what we show you is not something we can settle by claiming otherwise. Read a project page instead: the empty cells where a seller gave us no figure, the purchase costs added on top of the asking price, the two sources printed side by side when they disagree. That is the evidence, and it is the same on every development we publish.","أما هل يغيّر ذلك ما نعرضه عليكم، فليس أمراً نحسمه بادعاء العكس. اقرأوا صفحة مشروع بدلاً من ذلك: الخانات الفارغة حيث لم يعطنا البائع رقماً، وتكاليف الشراء المضافة فوق السعر المطلوب، والمصدران جنباً إلى جنب حين يتعارضان. تلك هي البيّنة، وهي ذاتها في كل مشروع ننشره.",,
99,"Whether the building licence is granted, whether your payments sit behind a bank guarantee, and whether the completion date is contractual or merely indicative.","هل مُنحت رخصة البناء، وهل مدفوعاتكم مغطاة بضمان مصرفي، وهل تاريخ التسليم تعاقدي أم إرشادي فحسب.",,
100,"Including the parts that cost you money. Where tax adds six figures to the asking price, that is on the page and not left for the notary to mention.","بما في ذلك ما يكلّفكم مالاً. فحين تضيف الضرائب ستة أرقام إلى سعر الطلب، يرد ذلك على الصفحة ولا يُترك للموثّق ليذكره.",,
101,"Enquiry details may be processed in Nueva Living's customer relationship management system and shared with developers, legal advisers or other service providers only where necessary for a requested enquiry, viewing, reservation or service step. Website measurement events may be processed by Nueva Living's CRM and hosting providers for analytics and technical operation.","يجوز معالجة تفاصيل الاستفسار ضمن نظام إدارة علاقات العملاء (CRM) الخاص بنويفا ليفينغ، ومشاركتها مع المطورين أو المستشارين القانونيين أو مزودي الخدمات الآخرين فقط عند الضرورة لتنفيذ استفسار أو معاينة أو حجز أو خطوة خدمة مطلوبة. يجوز معالجة بيانات قياس الموقع من قبل مزودي خدمات CRM والاستضافة الخاصين بنويفا ليفينغ لأغراض التحليل والتشغيل التقني.",,
102,"Legal Notice","الإشعار القانوني",,
103,"Legal notice draft for Nueva Living.","مسودة الإشعار القانوني لنويفا ليفينغ.",,
104,"No Legal Or Financial Advice","لا تُقدَّم استشارة قانونية أو مالية",,
105,"This website is presented under the Nueva Living brand and operated by LIORA LIVING SL., Tax ID (NIF) B88827472.","يُقدَّم هذا الموقع الإلكتروني تحت علامة نويفا ليفينغ، وتديره شركة LIORA LIVING SL.، الرقم الضريبي (NIF) B88827472.",,
106,"Information on this website does not constitute legal, financial, tax or investment advice. Buyers should seek independent professional advice before making any property decision.","لا تشكّل المعلومات الواردة في هذا الموقع استشارة قانونية أو مالية أو ضريبية أو استثمارية. ينبغي على المشترين طلب استشارة مهنية مستقلة قبل اتخاذ أي قرار يتعلق بالعقار.",,
107,"This page explains the main terms in plain language. It should be reviewed by qualified legal counsel before any future material change.","توضّح هذه الصفحة الشروط الرئيسية بلغة مبسطة. ينبغي مراجعتها من قبل مستشار قانوني مؤهل قبل إجراء أي تعديل جوهري مستقبلي.",,
108,"Legal","قانوني",,
109,"For the one-off taxes and fees due at purchase, see our breakdown of new-build purchase costs in Andalucia .","للاطلاع على الضرائب والرسوم التي تُدفع مرة واحدة عند الشراء، راجع تفصيل تكاليف شراء العقارات الجديدة في الأندلس .",,
110,"The two routes are also taxed differently: new-build carries IVA and AJD, resale carries ITP. See what a new-build actually costs in Andalucia for the figures.","يختلف المساران ضريبيًا أيضًا: العقار الجديد يخضع لضريبتي IVA وAJD، أما إعادة البيع فتخضع لضريبة ITP. اطّلع على التكلفة الفعلية للعقار الجديد في الأندلس لمعرفة الأرقام.",,
111,"New-build in Andalucia in 2026: IVA at 10%, AJD at 1.2%, plus notary, land registry and legal fees, and the reduced stamp-duty rates that can apply.","العقارات الجديدة في الأندلس في 2026: ضريبة IVA بنسبة 10%، وAJD بنسبة 1.2%، إضافة إلى أتعاب التوثيق والسجل العقاري والمحاماة، والنسب المخفّضة التي قد تنطبق.",,
112,"Every competitor writes a Spain-wide cost guide quoting 8 to 13 per cent. New-build in Andalucia is a specific number, and it is knowable before you offer.","تكتفي كل الأدلة الموجهة لإسبانيا ككل بذكر نسبة تتراوح بين 8 و13 بالمئة. أما العقارات الجديدة في الأندلس فلها رقم محدد، ويمكن معرفته قبل تقديم أي عرض.",,
113,"Most cost guides for Spain quote a single national range, usually somewhere between 8 and 13 per cent. That range exists because it is averaging two different purchases across seventeen regions. For a new-build in Andaluc&iacute;a the tax side is not a range at all -- it is two fixed rates, and you can work out the number exactly.","تكتفي معظم أدلة التكاليف في إسبانيا بذكر نطاق وطني واحد، عادةً بين 8 و13 بالمئة. وهذا النطاق ناتج عن حساب متوسط نوعين مختلفين من الشراء عبر سبع عشرة منطقة. أما العقار الجديد في الأندلس فالجانب الضريبي فيه ليس نطاقًا على الإطلاق، بل نسبتان ثابتتان يمكن حساب قيمتهما بدقة.",,
114,"A new-build bought from the developer is a first transmission, so it carries VAT rather than the transfer tax that applies to a resale. In Andaluc&iacute;a that means two separate taxes on the same purchase.","يُعدّ شراء عقار جديد من المطوّر عملية نقل أولى، ولذلك تُفرض عليه ضريبة القيمة المضافة بدلاً من ضريبة نقل الملكية المطبّقة على إعادة البيع. وفي الأندلس يعني ذلك ضريبتين منفصلتين على الصفقة نفسها.",,
115,"11.2% on a new-build. For comparison, a resale in Andaluc&iacute;a carries ITP at 7% and no AJD -- so the tax on a new home is roughly four points higher than on an equivalent resale.","11.2% على العقار الجديد. وللمقارنة، تخضع إعادة البيع في الأندلس لضريبة ITP بنسبة 7% دون AJD، أي أن العبء الضريبي على المنزل الجديد أعلى بنحو أربع نقاط من عقار معاد بيعه مماثل.",,
116,"Andaluc&iacute;a applies reduced AJD rates in specific circumstances. They are worth checking before you assume the general rate, though most purchases on this coast fall outside them.","تطبّق الأندلس نسبًا مخفّضة من ضريبة AJD في حالات محددة. ويجدر التحقق منها قبل افتراض النسبة العامة، رغم أن معظم عمليات الشراء على هذا الساحل لا تندرج ضمنها.",,
117,"Notary and Land Registry fees are set by national tariff, so they do not vary between providers. Legal fees do.","تُحدَّد أتعاب التوثيق والسجل العقاري بموجب تعريفة وطنية، ولذلك لا تختلف بين مقدّم وآخر. أما الأتعاب القانونية فتختلف.",,
118,"Roughly &euro;600 to &euro;1,200 on a typical residential purchase, scaling with the price and the length of the deed. Regulated, so shopping around does not change it.","نحو 600 إلى 1,200 يورو في عملية شراء سكني اعتيادية، بحسب السعر وطول صك الملكية. وهي أتعاب منظّمة، فالمقارنة بين المكاتب لا تغيّرها.",,
119,"Typically 1% of the price plus 21% IVA on the fee, or a fixed quote in the &euro;1,500 to &euro;3,000 range for a straightforward purchase. This one is negotiable, and it is the line worth comparing quotes on.","عادةً 1% من السعر إضافة إلى 21% ضريبة IVA على الأتعاب، أو عرض ثابت يتراوح بين 1,500 و3,000 يورو في عملية شراء بسيطة. وهذا البند قابل للتفاوض، وهو الذي يستحق مقارنة العروض بشأنه.",,
120,"Roughly &euro;4,500 plus IVA at 1%, or a fixed quote","نحو 4,500 يورو إضافة إلى IVA عند نسبة 1%، أو عرض ثابت",,
121,"Around &euro;57,000, or about 12.5% over the price. Taxes are the fixed &euro;50,400 of that; the rest moves with who you instruct.","نحو 57,000 يورو، أي حوالي 12.5% فوق السعر. منها 50,400 يورو ضرائب ثابتة، والباقي يتوقف على من تختاره من المهنيين.",,
122,"That is the acquisition cost. It does not include mortgage arrangement and valuation fees if you are borrowing, furnishing, or the running costs that start after completion -- IBI, community fees and utilities.","هذه هي تكلفة الاستحواذ. ولا تشمل رسوم ترتيب الرهن العقاري والتقييم في حال الاقتراض، ولا الأثاث، ولا التكاليف الجارية التي تبدأ بعد التسليم: ضريبة IBI ورسوم الاتحاد المالكين والمرافق.",,
123,"The IVA rate is national and the AJD rate is set by Andaluc&iacute;a; both can change, and the reduced rates carry conditions that depend on your circumstances. This page is general information about how the costs are structured, not tax or legal advice. Confirm the figures for your own purchase with your lawyer or tax adviser before you commit to anything. Nueva Living provides a written cost breakdown for a specific residence on request.","تُحدَّد نسبة IVA على المستوى الوطني بينما تحدد الأندلس نسبة AJD؛ وكلتاهما قابلة للتغيير، وتخضع النسب المخفّضة لشروط تعتمد على ظروفك. هذه الصفحة معلومات عامة عن بنية التكاليف، وليست استشارة ضريبية أو قانونية. تأكد من الأرقام الخاصة بصفقتك مع محاميك أو مستشارك الضريبي قبل الالتزام بأي شيء. وتقدّم نويفا ليفينغ عند الطلب بيانًا مكتوبًا بتفصيل التكاليف لعقار محدد.",,
124,"IVA and AJD, not transfer tax","ضريبتا IVA وAJD، لا ضريبة نقل الملكية",,
125,"What a new-build costs on top of the price","ما يكلّفه العقار الجديد فوق سعر الشراء",,
126,"When AJD is lower than 1.2%","متى تكون AJD أقل من 1.2%",,
127,"Notary, registry and legal fees","التوثيق والسجل والأتعاب القانونية",,
128,"New-Build Purchase Costs in Andalucia","تكاليف شراء العقارات الجديدة في الأندلس",,
129,"Request a Cost Breakdown","اطلب بيانًا تفصيليًا بالتكاليف",,
130,"AJD (stamp duty)","AJD (رسم الدمغة)",,
131,"The Two Taxes","الضريبتان",,
132,"IVA at 10%","ضريبة IVA بنسبة 10%",,
133,"AJD at 1.2%","ضريبة AJD بنسبة 1.2%",,
134,"Notary and registry","التوثيق والسجل",,
135,"On Top of Tax","إضافةً إلى الضرائب",,
136,"IVA (VAT)","ضريبة IVA (القيمة المضافة)",,
137,"Total tax","إجمالي الضرائب",,
138,"This guide is general information about buying a new-build home on the Costa del Sol. It is not legal, tax or financial advice, and does not replace independent professional advice tailored to your situation.","هذا الدليل هو معلومات عامة حول شراء منزل جديد في كوستا ديل سول. وهو لا يُعد استشارة قانونية أو ضريبية أو مالية، ولا يغني عن استشارة مهنية مستقلة مصمّمة خصيصًا لوضعك.",,
139,"Bank Guarantees on Off-Plan Property in Spain","الضمانات البنكية للشراء على المخطط",,
140,"Disclosure in the contract","الإفصاح في العقد",,
141,"Advance payments must be received through a credit institution and deposited in a special account, kept separate from any other class of funds. Money may only leave that account for costs arising directly from the construction of those homes. It is not the developer's working capital.","يجب أن تُستلَم الدفعات المقدمة عبر مؤسسة ائتمانية وأن تُودَع في حساب خاص، منفصل عن أي أموال أخرى. ولا يجوز السحب منه إلا لنفقات ناشئة مباشرة عن إنشاء تلك المساكن. فهو ليس رأس المال العامل للمطوّر.",,
142,"The purchase contract itself must state the developer's obligation to repay, identify the insurer or guarantor, and identify the credit institution and the account. At signing you should also be handed the document evidencing the guarantee attached to your particular payments.","يجب أن ينص عقد البيع نفسه على التزام المطوّر بالرد، وأن يحدد شركة التأمين أو الضامن، وكذلك المؤسسة الائتمانية والحساب. وعند التوقيع ينبغي أن تُسلَّم أيضاً المستند الذي يثبت الضمان المتعلق بدفعاتك تحديداً.",,
143,"Failing to put the guarantee in place is treated as a consumer-protection infringement, carrying a penalty of up to 25% of the amounts that should have been secured, on top of anything the regional building rules impose.","يُعدّ عدم تقديم الضمان مخالفةً لحماية المستهلك، تصل عقوبتها إلى 25% من المبالغ التي كان ينبغي تأمينها، إضافةً إلى ما تفرضه أنظمة البناء الإقليمية.",,
144,"The obligation to guarantee repayment runs from the point the building licence is obtained -- not from the moment you first pay. This is one of the substantive differences between the current regime and the 1968 law it replaced, and it is the single most practical thing to understand before you reserve.","يبدأ الالتزام بضمان الرد من لحظة الحصول على رخصة البناء --لا من لحظة أول دفعة تسددها. وهذا أحد الفروق الجوهرية بين النظام الحالي وقانون 1968 الذي حلّ محله، وهو أكثر ما يجدر فهمه عملياً قبل الحجز.",,
145,"In plain terms: if you pay a reservation fee on a project whose licence has not yet been granted, that money is not sitting behind the statutory guarantee. It may well be protected by what your contract says instead -- many reservation agreements make the fee refundable during a due-diligence window, and that is a contractual protection, not a legal one. The two are not interchangeable, and only one of them is the same at every developer.","بعبارة صريحة: إذا دفعت رسم حجز في مشروع لم تُمنح رخصته بعد، فإن هذه الأموال ليست مشمولة بالضمان القانوني. وقد تكون محمية بما ينص عليه عقدك بدلاً من ذلك --فكثير من اتفاقيات الحجز تجعل الرسم قابلاً للاسترداد خلال فترة العناية الواجبة، وتلك حماية تعاقدية لا قانونية. والاثنتان ليستا بديلاً عن بعضهما، وواحدة منهما فقط هي نفسها لدى كل مطوّر.",,
146,"This is not a reason to avoid pre-licence projects. It is a reason to know which category a project is in before you transfer anything, and to have your lawyer read the reservation terms rather than assume the statute covers you. Every project on this site states its licence status in its own trust dossier, in those words, because the distinction changes what your money is standing on.","ليس هذا سبباً لتجنّب المشاريع قبل الترخيص. بل هو سبب لأن تعرف في أي فئة يقع المشروع قبل أن تحوّل أي مبلغ، ولأن يقرأ محاميك شروط الحجز بدلاً من افتراض أن القانون يغطيك. كل مشروع على هذا الموقع يذكر حالة ترخيصه في ملف الثقة الخاص به، بهذه الكلمات، لأن هذا التمييز يغيّر ما تستند إليه أموالك.",,
147,"If construction does not begin, is not finished within the agreed period, or the habitation certificate is not obtained, you may claim back the amounts paid on account -- including the taxes applied to them -- plus statutory interest. You can either terminate the contract or grant the developer an extension, which is recorded as an additional clause setting the new delivery date.","إذا لم يبدأ الإنشاء، أو لم يُنجَز خلال المدة المتفق عليها، أو لم تُستخرج شهادة الصلاحية للسكن، جاز لك المطالبة باسترداد المبالغ المدفوعة على الحساب --بما فيها الضرائب المطبّقة عليها-- مضافاً إليها الفائدة القانونية. ولك أن تفسخ العقد أو تمنح المطوّر تمديداً يُثبَّت في بند إضافي يحدد تاريخ التسليم الجديد.",,
148,"The practical lesson is that the guarantee is only as useful as the paperwork behind it. Ask for the guarantee document at signing, check it names you and your specific payments, and keep it. A guarantee that exists in principle but was never issued to you is the failure mode this provision was written to prevent.","الدرس العملي أن الضمان لا يساوي أكثر مما تساويه الأوراق التي تسنده. اطلب مستند الضمان عند التوقيع، وتحقق من أنه باسمك ويخص دفعاتك تحديداً، واحتفظ به. فالضمان القائم من حيث المبدأ لكنه لم يُصدَر لك قط هو بالضبط الخلل الذي كُتب هذا النص لمنعه.",,
149,"The obligations described on this page are taken from the first additional provision of Ley 38/1999 as consolidated after Ley 20/2015, and are current as of August 2026. This is general information about how the protection is structured; it is not legal advice, and how it applies to a particular contract is a question for your own lawyer. Nueva Living confirms licence status and guarantee arrangements in writing for a specific project on request.","الالتزامات الموضحة في هذه الصفحة مأخوذة من الحكم الإضافي الأول من Ley 38/1999 بصيغته الموحّدة بعد Ley 20/2015، وهي سارية حتى أغسطس 2026. وهذه معلومات عامة عن بنية الحماية؛ وليست استشارة قانونية، أما كيفية انطباقها على عقد بعينه فمسألة تخص محاميك. وتؤكد Nueva Living كتابةً حالة الترخيص وترتيبات الضمان لمشروع محدد عند الطلب.",,
150,"Spanish law guarantees the money you pay during construction. It does not guarantee all of it, from the moment you pay it, and the gap is where buyers get caught.","يضمن القانون الإسباني الأموال التي تدفعها أثناء الإنشاء. لكنه لا يضمنها كلها، ولا من لحظة الدفع الأولى، وفي هذه الفجوة يقع المشترون.",,
151,"The guarantee starts at the building licence","يبدأ الضمان من رخصة البناء",,
152,"A guarantee","ضمان",,
153,"How Payments Are Staged","كيف تُجدوَل الدفعات",,
154,"Off-Plan Payment Schedules on the Costa del Sol","جداول الدفع على المخطط في كوستا ديل سول",,
155,"Real staged payment schedules from Costa del Sol developers: reservation fees, the 30% contract stage, construction milestones and the balance at deed.","جداول دفع فعلية من مطوّري كوستا ديل سول: رسوم الحجز، و30% عند العقد، ومراحل البناء، والرصيد عند التوقيع لدى الموثّق.",,
156,"Reservation Agreements","اتفاقيات الحجز",,
157,"Private purchase contract","عقد بيع خاص",,
158,"Request a Payment Structure","اطلب هيكل دفع",,
159,"How off-plan payments are actually staged","كيف تُجدوَل فعلياً دفعات الشراء على المخطط",,
160,"Reservation, contract, build, deed","حجز، عقد، بناء، توقيع",,
161,"Typically bringing the total paid to 30%, with the reservation usually counted towards it. Some developers stage this as 25% at contract with the balance spread across the build. Signing windows are short -- 15 to 30 days from reservation is normal.","يرفع عادةً إجمالي المدفوع إلى 30%، مع احتساب مبلغ الحجز ضمنه في الغالب. وبعض المطوّرين يجعلونه 25% عند العقد مع توزيع الباقي على فترة البناء. ومهل التوقيع قصيرة --من 15 إلى 30 يوماً من الحجز أمر معتاد.",,
162,"Highly variable. Some projects take nothing between contract and completion; others take 10% at a fixed date, or tie payments to certified milestones such as completion of the foundation and of the structure. One project on this site spreads 50% across fifteen monthly payments from the start of works.","شديد التباين. بعض المشاريع لا تتقاضى شيئاً بين العقد والتسليم؛ وأخرى تتقاضى 10% في تاريخ محدد، أو تربط الدفعات بمراحل مُعتمدة مثل إنجاز الأساسات والهيكل. ومشروع واحد هنا يوزّع 50% على خمس عشرة دفعة شهرية من بدء الأعمال.",,
163,"The balance at the deed of sale, most often 50% to 70%. This is also where the bulk of the tax falls due.","الرصيد عند عقد البيع الموثّق، وغالباً بين 50% و70%. وهنا أيضاً يستحق الجزء الأكبر من الضرائب.",,
164,"Note that stage payments are quoted plus VAT in most schedules, so the cash required at each stage is higher than the headline percentage. See","انتبه إلى أن الدفعات تُذكر في معظم الجداول بدون ضريبة القيمة المضافة، لذا فالسيولة المطلوبة في كل مرحلة أعلى من النسبة المعلنة. انظر",,
165,"what a new-build costs on top of the price","ما تكلفة الوحدة الجديدة فوق السعر",,
166,"for how IVA and AJD land across the timeline.","لمعرفة كيف تتوزع ضريبتا IVA و AJD على الجدول الزمني.",,
167,"This is worth stating plainly, because it is often blurred: there is no Spanish statute governing reservation agreements. What your reservation fee does, whether it is refundable, and for how long, is whatever your particular reservation document says. It is a contract, and its terms vary between developers.","يجدر قول ذلك صراحةً لأنه كثيراً ما يُطمَس: لا يوجد قانون إسباني ينظّم اتفاقيات الحجز. فما يفعله رسم الحجز، وهل هو قابل للاسترداد، ولأي مدة، هو ما ينص عليه مستند حجزك تحديداً. إنه عقد، وشروطه تختلف بين مطوّر وآخر.",,
168,"That matters more than it sounds, because the statutory guarantee over advance payments only begins once the building licence has been obtained. A reservation paid before that point rests on the contract wording alone. Some agreements make the fee refundable for a defined due-diligence window; others do not. Read it, or have your lawyer read it, before transferring anything -- and see","وهذا أهم مما يبدو، لأن الضمان القانوني على الدفعات المقدمة لا ينشأ إلا بعد الحصول على رخصة البناء. والحجز المدفوع قبل تلك اللحظة يستند إلى صيغة العقد وحدها. بعض الاتفاقيات تجعل الرسم قابلاً للاسترداد خلال فترة عناية واجبة محددة، وبعضها لا. اقرأه، أو دع محاميك يقرأه، قبل تحويل أي مبلغ --وانظر",,
169,"how the bank guarantee works","كيف يعمل الضمان البنكي",,
170,"Once the guarantee regime applies, amounts you pay on account must be received through a credit institution and held in a special account, separate from any other class of funds, and may only be drawn for costs arising directly from building those homes. If a developer proposes any other arrangement for staged payments, that is the point to stop and take advice.","متى انطبق نظام الضمان، وجب أن تُستلَم المبالغ المدفوعة على الحساب عبر مؤسسة ائتمانية وأن تُحفَظ في حساب خاص، منفصل عن أي أموال أخرى، ولا يجوز السحب منها إلا لنفقات ناشئة مباشرة عن بناء تلك المساكن. وإذا اقترح مطوّر أي ترتيب آخر للدفعات، فتلك هي اللحظة التي تتوقف فيها وتطلب المشورة.",,
171,"The ranges above describe the written schedules held for the projects listed on this site as of August 2026. They are not a rule, and they are not an offer -- an individual developer can and does structure payments differently, and terms change between releases. Nueva Living reconfirms the current payment structure in writing for a specific residence before any reservation.","تصف النطاقات أعلاه الجداول المكتوبة المتوفرة للمشاريع المدرجة على هذا الموقع حتى أغسطس 2026. وهي ليست قاعدة ولا عرضاً --فقد يهيكل مطوّر بعينه الدفعات بشكل مختلف، وتتغير الشروط بين المراحل. وتؤكد Nueva Living كتابةً هيكل الدفع الساري لوحدة محددة قبل أي حجز.",,
172,"Reservation","الحجز",,
173,"Off-Plan Payment Schedules · 2026 Guide","جداول الدفع على المخطط · دليل 2026",,
174,"At the deed","عند التوقيع لدى الموثّق",,
175,"That depends on their severity and on your contract, and it is a question for your lawyer rather than a rule. What is generally available is completing with reservations recorded, which shifts the start of the periods until those are put right.","يعتمد ذلك على جسامتها وعلى عقدك، وهو سؤال لمحاميك أكثر منه قاعدة. المتاح عادةً هو إتمام التعاقد مع تدوين التحفظات، وهو ما يؤجّل بدء سريان المدد إلى حين معالجتها.",,
176,"IVA at 10% plus AJD at 1.2%, so 11.2% of the price in tax. Both are set by law and neither is negotiable.","ضريبة IVA بنسبة 10% إضافة إلى AJD بنسبة 1.2%، أي 11.2% من السعر ضرائب. كلتاهما محدَّدة بالقانون ولا مجال للتفاوض على أي منهما.",,
177,"IVA at 10% is charged on each stage payment as you make it, not held back to completion. This is the line most budgets get wrong: the cash required at each stage is the percentage plus a tenth of it again.","تُحتسب ضريبة IVA بنسبة 10% على كل دفعة عند سدادها، ولا تُؤجَّل إلى التسليم. وهذا هو البند الذي تخطئ فيه معظم الميزانيات: النقد المطلوب في كل مرحلة هو النسبة مضافاً إليها عُشرها.",,
178,"The balance of the price, the AJD in full, notary, Land Registry and your lawyer's fee. This is where the largest single transfer happens.","باقي الثمن، وكامل ضريبة AJD، وأتعاب الموثّق، والسجل العقاري، وأتعاب محاميك. وهنا تقع أكبر عملية تحويل منفردة.",,
179,"How the Bank Guarantee Works","كيف يعمل الضمان البنكي",,
180,"A new-build comes with statutory cover against defects, and it is not one warranty but three, each running for a different length of time and each pointing at a different party. Knowing which clock applies to a given problem is what turns a snagging list from a favour the developer might do into a claim with a legal basis.","يأتي البناء الجديد بتغطية قانونية ضد العيوب، وهي ليست ضماناً واحداً بل ثلاثة، لكل منها مدة مختلفة ويشير كل منها إلى طرف مختلف. ومعرفة أي مدة تنطبق على مشكلة بعينها هي ما يحوّل قائمة العيوب من خدمة قد يقدّمها المطوّر إلى مطالبة ذات أساس قانوني.",,
181,"All three periods run from the date the works are formally received without reservations -- or, where reservations were made, from the date those are put right. Not from when you move in, and not from the deed.","تسري المدد الثلاث جميعها من تاريخ الاستلام الرسمي للأعمال دون تحفظات --أو، إن أُبديت تحفظات، من تاريخ معالجتها. لا من تاريخ انتقالك للسكن ولا من تاريخ العقد الموثّق.",,
182,"The periods and liabilities described here are taken from articles 17 and 19 of Ley 38/1999 and its second additional provision, as consolidated, and are current as of August 2026. This page is general information about how the cover is structured, not legal advice. Whether a particular defect falls in a particular period is a question of fact for your lawyer and, usually, a surveyor. Nueva Living can provide the warranty and insurance documentation held for a specific project on request.","المدد والمسؤوليات الموصوفة هنا مأخوذة من المادتين 17 و19 من Ley 38/1999 ومن حكمها الإضافي الثاني بصيغته الموحّدة، وهي سارية حتى أغسطس 2026. وهذه الصفحة معلومات عامة عن بنية التغطية، لا استشارة قانونية. أما ما إذا كان عيب بعينه يقع ضمن مدة بعينها فمسألة واقع يفصل فيها محاميك وعادةً خبير فني. ويمكن لـ Nueva Living تقديم مستندات الضمان والتأمين المتوفرة لمشروع محدد عند الطلب.",,
183,"Independent help comparing Costa del Sol developers, contracts, payment schedules and bank guarantees before you reserve an off-plan home.","مساعدة مستقلة لمقارنة المطوّرين والعقود وجداول الدفع والضمانات البنكية قبل أن تحجز وحدة على المخطط.",,
184,"With a Mortgage","مع التمويل العقاري",,
185,"After Completion","بعد التسليم",,
186,"What a mortgage adds to the total","ما الذي يضيفه التمويل إلى الإجمالي",,
187,"The costs do not arrive together","التكاليف لا تأتي دفعة واحدة",,
188,"The costs that start rather than stop","التكاليف التي تبدأ ولا تنتهي",,
189,"What buyers ask us about cost","ما يسألنا عنه المشترون بشأن التكاليف",,
190,"Arrangement fee","رسوم فتح الملف",,
191,"AJD on the mortgage","ضريبة AJD على الرهن",,
192,"Community fees","رسوم الاتحاد",,
193,"Non-resident income tax","ضريبة دخل غير المقيمين",,
194,"At reservation","عند الحجز",,
195,"Is the IVA paid in one payment at the end?","هل تُدفع ضريبة القيمة المضافة دفعة واحدة في النهاية؟",,
196,"Can I reclaim the IVA?","هل يمكنني استرداد ضريبة القيمة المضافة؟",,
197,"If you are borrowing, three of the four costs below fall on you and one does not. The one that does not is the one older guides still list as yours.","إذا كنت تقترض، فثلاث من التكاليف الأربع أدناه تقع عليك وواحدة لا. وتلك التي لا تقع عليك هي بالضبط ما تزال الأدلة القديمة تنسبها إليك.",,
198,"The tasaci&oacute;n, &euro;300 to &euro;600, paid before the bank will issue a binding offer. The report is valid for six months, and the bank lends against the lower of valuation and price.","التقييم (tasaci&oacute;n) من 300 إلى 600 يورو، يُدفع قبل أن يصدر البنك عرضاً ملزماً. والتقرير صالح ستة أشهر، ويقرض البنك على أساس الأقل بين التقييم والسعر.",,
199,"Nothing. The lender has paid the stamp duty on the mortgage deed since Real Decreto-ley 17/2018. Any guide still listing it as a buyer cost predates that change.","لا شيء. فالمُقرض هو من يدفع رسم الدمغة على عقد الرهن منذ Real Decreto-ley 17/2018. وأي دليل ما زال يحمّله للمشتري سابق لذلك التعديل.",,
200,"0.5% to 1% of the loan, or a fixed fee, if you use one. Worth it where a broker reaches lenders that price non-resident files differently.","من 0.5% إلى 1% من القرض، أو أتعاب ثابتة، إن استعنت بوسيط. ويستحق ذلك حين يصل الوسيط إلى بنوك تسعّر ملفات غير المقيمين بشكل مختلف.",,
201,"A single percentage makes it sound like one bill at the end. In practice the tax arrives in instalments and the professional fees arrive at the deed.","نسبة واحدة توحي بفاتورة واحدة في النهاية. أما عملياً فالضريبة تأتي على أقساط والأتعاب تأتي عند التوقيع لدى الموثّق.",,
202,"Nothing beyond the reservation fee itself, and that counts towards the price rather than sitting on top of it.","لا شيء غير رسم الحجز نفسه، وهو يُحتسب ضمن السعر لا فوقه.",,
203,"Acquisition cost is the number people compare. Running cost is the number they live with, and it is knowable before you reserve.","تكلفة الشراء هي الرقم الذي يقارنه الناس. أما تكلفة التشغيل فهي الرقم الذي يعيشون معه، ويمكن معرفته قبل الحجز.",,
204,"Municipal property tax, charged on the valor catastral rather than the market price, broadly 0.4% to 1.1% of it a year. Because the catastral value is a fraction of what you paid, the bill is usually a few hundred to a couple of thousand euros.","ضريبة عقارية بلدية تُحتسب على القيمة الكادسترية لا على سعر السوق، بنحو 0.4% إلى 1.1% منها سنوياً. ولأن القيمة الكادسترية جزء بسيط مما دفعته، تتراوح الفاتورة عادةً بين بضع مئات وألفي يورو.",,
205,"Set per home by participation quota. A development with a spa, heated pools and a concierge costs more to run than a small block, and the community budget exists before you reserve. Ask for it.","تُحدَّد بحسب حصة كل وحدة. والمجمع الذي يضم سبا ومسابح مدفأة وكونسيرج أعلى كلفة تشغيل من مبنى صغير، وميزانية الاتحاد موجودة قبل أن تحجز. اطلبها.",,
206,"Spain taxes an imputed income on a second home even when it is never let, declared on Modelo 210. Residents of the EU and EEA are taxed at 19%, others at 24%.","تفرض إسبانيا ضريبة على دخل افتراضي للمسكن الثاني حتى لو لم يُؤجَّر قط، ويُصرَّح عنه بالنموذج Modelo 210. ويخضع المقيمون في الاتحاد الأوروبي والمنطقة الاقتصادية لنسبة 19%، وغيرهم لنسبة 24%.",,
207,"No. IVA is set nationally and AJD by Andaluc&iacute;a, and neither moves on a private purchase. What is negotiable is the legal fee, and the arrangement fee if you borrow.","لا. فضريبة القيمة المضافة تحددها الدولة وAJD تحددها أندلوسيا، ولا يتحرك أي منهما في شراء خاص. أما القابل للتفاوض فهو أتعاب المحامي، ورسوم فتح الملف إن كنت تقترض.",,
208,"No. That tax falls on the seller, and on a new-build the seller is the developer. It is a resale question that follows buyers into new-build guides where it does not belong.","لا. فهذه الضريبة تقع على البائع، وفي البناء الجديد البائع هو المطوّر. إنها مسألة تخص إعادة البيع وتتسلل إلى أدلة البناء الجديد حيث لا محل لها.",,
209,"No. It is charged on each stage payment as that payment is made. A schedule quoting 30% at contract means 30% plus IVA on that 30%, and the same at every stage after it.","لا. فهي تُحتسب على كل دفعة عند سدادها. والجدول الذي يذكر 30% عند العقد يعني 30% زائد الضريبة على تلك الـ30%، وكذلك في كل مرحلة تليها.",,
210,"The Tax Gap","الفارق الضريبي",,
211,"Can I get a mortgage on an off-plan purchase?","هل يمكنني الحصول على تمويل لشراء على المخطط؟",,
212,"Can I sell an off-plan unit before completion?","هل يمكنني بيع وحدة على المخطط قبل التسليم؟",,
213,"ITP at 7% and no AJD. Four points lower, on the same price.","ضريبة ITP بنسبة 7% ودون AJD. أربع نقاط أقل على السعر نفسه.",,
214,"A resale at the same headline price costs roughly &euro;18,000 less in tax on a &euro;450,000 purchase. An off-plan unit has to be priced meaningfully below the finished comparable before it is the cheaper transaction, not merely the cheaper number.","إعادة البيع بالسعر المعلن نفسه تكلّف نحو 18,000 يورو أقل ضريبةً في شراء بقيمة 450,000 يورو. ويجب أن يكون سعر الوحدة على المخطط أدنى بوضوح من نظيرتها المكتملة كي تكون الصفقة الأرخص، لا مجرد الرقم الأصغر.",,
215,"Unpaid community charges attach to the property itself for the current year and the three preceding ones, and unpaid IBI attaches to it without a time limit of that kind. Your lawyer asks for a certificate of no debt from the community and checks the IBI receipts before you sign.","رسوم الاتحاد غير المسددة تعلق بالعقار نفسه عن السنة الجارية والثلاث السابقة، وضريبة IBI غير المسددة تعلق به دون حد زمني من هذا النوع. ويطلب محاميك من الاتحاد شهادة براءة ذمة ويفحص إيصالات IBI قبل التوقيع.",,
216,"Where the seller is not resident in Spain, the buyer withholds 3% of the price and pays it to the tax office on the seller's account. It is the buyer's obligation, not the seller's courtesy, and it does not arise at all buying from a developer.","إذا لم يكن البائع مقيماً في إسبانيا، يحتجز المشتري 3% من السعر ويسددها لمصلحة الضرائب لحساب البائع. وهو التزام على المشتري لا مجاملة من البائع، ولا ينشأ إطلاقاً عند الشراء من مطوّر.",,
217,"Extensions, glazed terraces and pool houses added without permission are common and do not always appear in the deed. What is registered, what is built and what was licensed have to agree, and only a search establishes that.","الإضافات والتراسات المزجّجة وبيوت المسابح المنفّذة دون ترخيص شائعة ولا تظهر دائماً في العقد. فما هو مسجَّل وما هو مبني وما هو مرخَّص يجب أن تتطابق، ولا يثبت ذلك إلا بحث.",,
218,"At the same headline price, no, because the tax is four points higher. Off-plan is cheaper where the price genuinely sits below the finished comparable by more than that, which is a project-by-project question rather than a rule.","بالسعر المعلن نفسه، لا، لأن الضريبة أعلى بأربع نقاط. والشراء على المخطط أرخص حين يكون السعر أدنى فعلاً من النظير المكتمل بأكثر من ذلك، وهي مسألة تُقاس مشروعاً بمشروع لا قاعدة عامة.",,
219,"Yes, but the loan is normally drawn at completion rather than during construction, so the stage payments come out of your own funds. That changes the cash profile more than the total, and it is worth modelling before you reserve.","نعم، لكن القرض يُصرف عادةً عند التوقيع لا أثناء البناء، فتخرج الدفعات المرحلية من أموالك الخاصة. وهذا يغيّر ملف السيولة أكثر من الإجمالي، ويستحق الحساب قبل الحجز.",,
220,"Delays of a few months against the original estimate are common. Your contract sets the delivery date and what happens if it is missed, including whether you may terminate or grant an extension, and that clause is worth reading before you sign rather than after.","التأخر بضعة أشهر عن التقدير الأصلي أمر معتاد. وعقدك يحدد تاريخ التسليم وما يحدث عند الإخلال به، بما في ذلك حق الفسخ أو منح تمديد، وهذا البند يُقرأ قبل التوقيع لا بعده.",,
221,"Sometimes. Whether the contract can be assigned to another buyer, and on what terms and fee, is set by the developer and varies widely. If that is part of your plan, establish it in writing before reserving, not later.","أحياناً. فإمكانية التنازل عن العقد لمشترٍ آخر، وبأي شروط ورسوم، يحددها المطوّر وتتفاوت كثيراً. وإذا كان ذلك جزءاً من خطتك، فثبّته كتابةً قبل الحجز لا بعده.",,
222,"What the guarantee actually returns","ما الذي يعيده الضمان فعلياً",,
223,"Is my reservation fee guaranteed?","هل رسم الحجز مضمون؟",,
224,"Who pays for the guarantee?","من يدفع تكلفة الضمان؟",,
225,"Does the guarantee cover a delay, or only non-delivery?","هل يغطي الضمان التأخير أم عدم التسليم فقط؟",,
226,"Does it transfer if I assign the contract?","هل تنتقل إذا تنازلت عن العقد؟",,
227,"A guarantee is not compensation for a purchase that went wrong. It is a return of what you handed over, and knowing its edges is what stops it being mistaken for something wider.","الضمان ليس تعويضاً عن صفقة فشلت. إنه إعادة لما دفعته، ومعرفة حدوده هي ما يمنع الخلط بينه وبين شيء أوسع.",,
228,"The amounts paid on account, the taxes charged on those amounts, and statutory interest from the date each payment was made.","المبالغ المدفوعة على الحساب، والضرائب المفروضة عليها، والفائدة القانونية من تاريخ كل دفعة.",,
229,"The gain you expected. If the finished market moved while you waited, the guarantee returns your money and not the difference. It restores your position; it does not deliver the bargain.","المكسب الذي توقعته. فإذا تحرك سوق الوحدات المكتملة أثناء انتظارك، فالضمان يعيد أموالك لا الفارق. إنه يعيدك إلى وضعك، ولا يسلّمك الصفقة.",,
230,"Costs you incurred around the purchase -- legal fees, travel, a mortgage arrangement fee already paid. Those sit outside the statutory guarantee and belong to whatever your contract says about them.","النفقات التي تكبّدتها حول الصفقة --أتعاب قانونية، وسفر، ورسم فتح ملف سبق دفعه. فهذه خارج الضمان القانوني وتخضع لما ينص عليه عقدك.",,
231,"A guarantee that exists at the level of the development is not the same as one issued for your payments. These are the four things to establish, in this order, and none of them requires taking anyone's word for it.","الضمان القائم على مستوى المشروع ليس كالضمان الصادر لدفعاتك أنت. وهذه أربعة أمور ينبغي إثباتها، بهذا الترتيب، ولا يتطلب أي منها تصديق أحد على كلامه.",,
232,"Ask whether the building licence has been granted, and for the date. Before that point the statutory guarantee has not yet arisen, however the reservation is described.","اسأل هل صدرت رخصة البناء، واطلب التاريخ. فقبل تلك اللحظة لم ينشأ الضمان القانوني بعد، مهما وُصف الحجز.",,
233,"The contract should identify the credit institution and the special account, and your payments should go there rather than to a general company account. Compare the account on the contract with the one on the payment instruction.","يجب أن يحدد العقد المؤسسة الائتمانية والحساب الخاص، وأن تذهب دفعاتك إليه لا إلى حساب عام للشركة. قارن الحساب المذكور في العقد بالحساب في أمر الدفع.",,
234,"Ask for the certificate or policy that covers your payments specifically. It should name you, name the unit, and state the amounts. A master policy for the development is the frame, not the cover.","اطلب الشهادة أو الوثيقة التي تغطي دفعاتك تحديداً. ينبغي أن تحمل اسمك وتحدد الوحدة وتذكر المبالغ. أما الوثيقة الإطارية للمشروع فهي الإطار لا التغطية.",,
235,"Check the insurer or bank named on it is authorised to operate in Spain. This takes one search and it is the step people skip.","تحقق من أن شركة التأمين أو البنك المذكور مرخّص للعمل في إسبانيا. الأمر لا يتطلب سوى بحث واحد، وهو الخطوة التي يتخطاها الناس.",,
236,"A guaranteed buyer is not in that queue. The claim runs against the insurer or the bank that issued the guarantee, which is a solvent third party with its own obligation to you, and it does not depend on what the developer has left. That is the difference the paperwork buys, and it is why a guarantee held in your own name matters more than a reassurance that the development is covered.","المشتري المضمون ليس في ذلك الطابور. فالمطالبة تُوجَّه إلى شركة التأمين أو البنك الذي أصدر الضمان، وهو طرف ثالث مليء عليه التزام خاص تجاهك، ولا تتوقف على ما تبقّى لدى المطوّر. هذا هو الفارق الذي تشتريه الأوراق، ولهذا يزن الضمان باسمك أكثر من طمأنة بأن المشروع مغطّى.",,
237,"Only once the building licence has been granted. Paid before that, it rests on the wording of your reservation agreement instead, which is a contractual protection rather than a statutory one, and it differs between developers.","فقط بعد صدور رخصة البناء. أما إن دُفع قبل ذلك فيستند إلى صيغة اتفاقية الحجز، وهي حماية تعاقدية لا قانونية، وتختلف بين مطوّر وآخر.",,
238,"The developer. It is their obligation and their cost, and it should not appear as a charge added to your payments. If it does, ask what it is.","المطوّر. فهو التزامه وتكلفته، ولا ينبغي أن يظهر كرسم مضاف إلى دفعاتك. وإن ظهر، فاسأل عمّا هو.",,
239,"It is triggered where construction does not begin, is not finished within the agreed period, or the habitation certificate is not obtained. A delay that runs past the agreed period reaches it; a delay inside that period is a contract question.","يُفعَّل إذا لم يبدأ البناء، أو لم يُنجَز خلال المدة المتفق عليها، أو لم تُستخرج شهادة الصلاحية للسكن. فالتأخير الذي يتجاوز المدة المتفق عليها يبلغه؛ أما التأخير داخل المدة فمسألة عقدية.",,
240,"Not automatically in the sense that matters. Where a contract is assigned, the guarantee has to follow the new buyer in writing, and that is a step to confirm rather than assume.","ليس تلقائياً بالمعنى الذي يهم. فعند التنازل عن العقد يجب أن ينتقل الضمان كتابةً إلى المشتري الجديد، وهي خطوة تُؤكَّد ولا تُفترض.",,
241,"What 30% at contract actually costs","كم تكلّف فعلياً نسبة 30% عند العقد",,
242,"The cost that is not in the schedule","التكلفة التي ليست في الجدول",,
243,"What buyers ask us about payments","ما يسألنا عنه المشترون بشأن الدفعات",,
244,"At contract, 30%","عند العقد، 30%",,
245,"At the deed, 70%","عند التوقيع، 70%",,
246,"Can I negotiate the payment schedule?","هل يمكنني التفاوض على جدول الدفع؟",,
247,"What if I cannot make a stage payment?","وماذا لو عجزت عن سداد دفعة مرحلية؟",,
248,"Do stage payments go to the developer directly?","هل تذهب الدفعات المرحلية مباشرةً إلى المطوّر؟",,
249,"Schedules are quoted net of VAT, so every percentage on them understates the transfer by a tenth. On a &euro;600,000 home the difference is not academic.","تُذكر الجداول بدون ضريبة القيمة المضافة، فكل نسبة فيها تقلّل التحويل الفعلي بمقدار العُشر. وفي مسكن بـ600,000 يورو ليس الفارق نظرياً.",,
250,"&euro;180,000 net, less the &euro;10,000 already paid, plus 10% IVA on the &euro;180,000. The transfer is &euro;188,000, not &euro;170,000.","180,000 يورو صافية، ناقص 10,000 يورو مدفوعة سلفاً، زائد 10% ضريبة على الـ180,000. فالتحويل 188,000 يورو لا 170,000.",,
251,"&euro;420,000 net plus IVA on that, plus the AJD on the full price, plus notary, registry and legal. Around &euro;476,000 before fees.","420,000 يورو صافية زائد الضريبة عليها، زائد AJD على كامل السعر، زائد الموثّق والسجل والمحامي. نحو 476,000 يورو قبل الأتعاب.",,
252,"Two schedules can quote identical percentages and behave completely differently, because what triggers a payment is set by wording rather than by the number beside it.","قد يعرض جدولان النسب نفسها ويتصرفان بشكل مختلف تماماً، لأن ما يُفعِّل الدفعة تحدده الصياغة لا الرقم المجاور لها.",,
253,"Where payments follow milestones, the schedule should say who confirms one has been reached. In practice that is the project's technical architect, and the certificate is a document you can ask to see.","حين تتبع الدفعات المراحل، ينبغي أن يذكر الجدول من يؤكد بلوغ المرحلة. وعملياً هو المهندس الفني للمشروع، والشهادة مستند يمكنك طلب الاطلاع عليه.",,
254,"Fifteen days is common, and it is short if funds have to move across borders. Establish the notice period before you sign rather than discovering it with a payment demand.","خمسة عشر يوماً أمر معتاد، وهي مدة قصيرة إذا كان المال يعبر الحدود. حدّد مهلة الإشعار قبل التوقيع بدل أن تكتشفها مع مطالبة الدفع.",,
255,"Contracts vary widely: interest, a cure period, and in some cases termination with retention of part of what you have paid. This is one of the clauses worth reading closely, because it is the one that costs the most when it applies.","تتفاوت العقود كثيراً: فوائد، ومهلة تدارُك، وأحياناً فسخ مع احتجاز جزء مما دفعته. وهو من البنود التي تستحق قراءة متأنية، لأنه الأغلى ثمناً حين يُطبَّق.",,
256,"Occasionally offered, and worth weighing carefully: paying ahead of the schedule increases what you have at risk before delivery, and the guarantee covers what you have paid rather than what you were promised in return.","يُعرض أحياناً، ويستحق تقديراً متأنياً: فالدفع قبل الجدول يزيد ما هو معرّض للخطر قبل التسليم، والضمان يغطي ما دفعته لا ما وُعدت به مقابله.",,
257,"They should go to the special account named in your contract, held apart from the developer's other funds, once the guarantee regime applies. Compare the account on the contract against the one on the payment instruction each time.","ينبغي أن تذهب إلى الحساب الخاص المذكور في عقدك، منفصلاً عن أموال المطوّر الأخرى، متى انطبق نظام الضمان. وقارن في كل مرة الحساب في العقد بالحساب في أمر الدفع.",,
258,"Not by itself. Spreading payments helps your cash flow and increases the period over which you are exposed to the build completing. Which matters more depends on your own position, not on the shape of the schedule.","ليس بحد ذاته. فتوزيع الدفعات يخفف على سيولتك ويطيل المدة التي تبقى فيها معرّضاً لاكتمال البناء. وأيهما أهم يتوقف على وضعك أنت لا على شكل الجدول.",,
259,"How much does property cost in Marbella?","كم يبلغ سعر العقار في ماربيا؟",,
260,"How much does property cost in Estepona?","كم يبلغ سعر العقار في إستيبونا؟",,
261,"How much does property cost in Casares?","كم يبلغ سعر العقار في كاساريس؟",,
262,"How much does property cost in Benahavís?","كم يبلغ سعر العقار في بيناهابيس؟",,
263,"How much does property cost in Nueva Andalucía?","كم يبلغ سعر العقار في نويفا أندالوسيا؟",,
264,"How much does property cost in Mijas and Fuengirola?","كم يبلغ سعر العقار في ميخاس وفوينخيرولا؟",,
265,"How much does property cost in San Pedro de Alcántara?","كم يبلغ سعر العقار في سان بيدرو دي ألكانتارا؟",,
266,"It depends on what you are paying for. Guadalmina Baja and the beachside strip between the A-7 and the sea carry the highest prices and the shortest walk to the sand. Guadalmina Alta and the pueblo cost materially less and give you the town instead. Which side of the A-7 you end up on changes daily life more than the price gap suggests.","يعتمد على ما تدفع مقابله. غوادالمينا باخا والشريط الساحلي بين A-7 والبحر يحملان أعلى الأسعار وأقصر مسافة مشي إلى الرمل. أما غوادالمينا ألتا والبلدة القديمة فتكلفان أقل بكثير وتمنحانك البلدة بدلاً من ذلك. والجهة التي تستقر فيها من A-7 تغيّر الحياة اليومية أكثر مما يوحي فارق السعر.",,
267,"The NIE","رقم NIE",,
268,"Power of Attorney","التوكيل",,
269,"How off-plan payments are staged","كيف تُجدوَل دفعات الشراء على المخطط",,
270,"When do I need the NIE?","متى أحتاج إلى رقم NIE؟",,
271,"Do I need a Spanish bank account to buy?","هل أحتاج إلى حساب مصرفي إسباني للشراء؟",,
272,"Why is my lawyer asking where my money came from?","لماذا يسألني محاميّ عن مصدر أموالي؟",,
273,"Can my lawyer apply for the NIE for me?","هل يمكن لمحاميّ التقدّم بطلب NIE نيابةً عني؟",,
274,"Does buying property in Spain make me a tax resident?","هل يجعلني شراء عقار في إسبانيا مقيماً ضريبياً؟",,
275,"A tax identifier for foreign nationals, required for the purchase to be registered in your name. Not a residence permit, and not a declaration of tax residency.","معرّف ضريبي للأجانب، لازم لتسجيل الشراء باسمك. وهو ليس تصريح إقامة ولا إقراراً بالإقامة الضريبية.",,
276,"Before the private purchase contract, which on an off-plan purchase comes weeks after reservation rather than months.","قبل عقد الشراء الخاص، الذي يأتي في الشراء على المخطط بعد الحجز بأسابيع لا بأشهر.",,
277,"You, in person, or a representative holding a power of attorney that covers it. Both routes are ordinary; the choice is usually about timing.","أنت شخصياً، أو ممثّل يحمل توكيلاً يشمل ذلك. كلا الطريقين معتاد، والاختيار عادةً مسألة توقيت.",,
278,"Before a Spanish notary, in one appointment, usually on the same trip as a viewing.","أمام موثّق إسباني، في موعد واحد، وغالباً في الرحلة نفسها التي تتم فيها المعاينة.",,
279,"Before a notary where you live, then legalised for use in Spain and translated. Plan for it rather than around it.","أمام موثّق في بلد إقامتك، ثم يُصدَّق للاستخدام في إسبانيا ويُترجَم. خطّط له بدل الالتفاف حوله.",,
280,"Yes, with a power of attorney authorising someone in Spain to sign for you. It is ordinary practice rather than a workaround. Whether it is the right choice is a separate question, and it usually turns on whether you have seen the setting rather than on the paperwork.","نعم، بتوكيل يخوّل شخصاً في إسبانيا التوقيع نيابةً عنك. وهي ممارسة معتادة لا التفافاً. أما إن كان الخيار الصائب فمسألة أخرى، وتتوقف عادةً على ما إذا كنت قد رأيت المحيط لا على الأوراق.",,
281,"Before the private purchase contract, not at the deed. On an off-plan purchase that contract follows the reservation by a matter of weeks, so the application is worth starting as soon as you reserve rather than once the contract is drafted.","قبل عقد الشراء الخاص، لا عند التوقيع لدى الموثّق. وفي الشراء على المخطط يتبع ذلك العقدُ الحجزَ بأسابيع قليلة، فيُستحسن بدء الطلب فور الحجز لا بعد صياغة العقد.",,
282,"Not to complete the purchase itself. You will want one afterwards, because community fees, IBI and utilities are collected by direct debit from a Spanish account. Opening one requires an NIE, which is why the two run in that order.","ليس لإتمام الشراء نفسه. لكنك ستحتاجه لاحقاً، لأن رسوم المجمّع وضريبة IBI والمرافق تُحصَّل بالخصم المباشر من حساب إسباني. وفتحه يتطلب رقم NIE، ولهذا يجريان بهذا الترتيب.",,
283,"Because they are required to establish it, as are the notary and the bank. It applies to every buyer and says nothing about you. The only real risk is leaving it late, since the evidence often has to come from an institution in another country on their schedule rather than yours.","لأنه ملزم بإثباته، وكذلك الموثّق والمصرف. ينطبق ذلك على كل مشترٍ ولا يقول شيئاً عنك. والخطر الحقيقي الوحيد هو التأخير، إذ كثيراً ما تأتي المستندات من مؤسسة في بلد آخر ووفق جدولها لا جدولك.",,
284,"A representative holding a power of attorney that covers it can apply on your behalf. Which route is faster, that or an appointment at your own consulate, depends on the consulate rather than on any general rule, so it is worth asking before choosing.","يمكن لممثّل يحمل توكيلاً يشمل ذلك أن يتقدّم نيابةً عنك. وأيّ الطريقين أسرع، هذا أم موعد في قنصليتك، يعتمد على القنصلية لا على قاعدة عامة، فيُستحسن السؤال قبل الاختيار.",,
285,"No. An NIE is an identifier, not a residence permit, and owning a home does not by itself make you resident. Tax residency turns on your own circumstances and is a question for a tax adviser rather than for a property page.","لا. رقم NIE معرّف لا تصريح إقامة، وامتلاك منزل لا يجعلك مقيماً بحد ذاته. أما الإقامة الضريبية فتتوقف على ظروفك الخاصة وهي مسألة لمستشار ضريبي لا لصفحة عقارية.",,
286,"Comparing projects, reviewing floorplans and prices, even a private presentation of a development, all happen remotely. What cannot happen by email is the part that involves the Spanish state and your bank: a tax number, a signature the notary will accept, and money that arrives from a source you can evidence. Each of those has a lead time, and each of them delays a purchase when it is started late rather than early.","مقارنة المشاريع، ومراجعة المخططات والأسعار، بل حتى عرض خاص لمشروع ما — كل ذلك يجري عن بُعد. أما ما لا يجري بالبريد الإلكتروني فهو الجزء الذي تدخل فيه الدولة الإسبانية ومصرفك: رقم ضريبي، وتوقيع يقبله الموثّق، ومال يصل من مصدر يمكنك إثباته. لكل واحد من هذه مهلة زمنية، وكل واحد منها يؤخّر الشراء متى بُدئ به متأخراً بدل أن يُبدأ مبكراً.",,
287,"An NIE, N&uacute;mero de Identificaci&oacute;n de Extranjero, is a tax identification number required for any property purchase in Spain by a non-Spanish national. It is not a residence permit and it does not make you a tax resident. It is an identifier, and without one the purchase cannot be registered in your name.","رقم NIE، أي Número de Identificación de Extranjero، هو رقم تعريف ضريبي لازم لأي شراء عقاري في إسبانيا من غير الإسبان. وهو ليس تصريح إقامة ولا يجعلك مقيماً ضريبياً. إنه معرّف، وبدونه لا يمكن تسجيل الشراء باسمك.",,
288,"It is needed before you sign the private purchase contract, not at the deed, which is earlier than most buyers assume. Applications are made in person, either at a Spanish consulate in your own country or in Spain, and a representative acting under a power of attorney can apply on your behalf. Which of those routes is quickest depends on your consulate rather than on any general rule, so the sequence to follow is: ask what your consulate currently requires, then start.","يُطلَب قبل توقيع عقد الشراء الخاص، لا عند التوقيع لدى الموثّق، وهو أبكر مما يفترضه معظم المشترين. ويُقدَّم الطلب شخصياً، إمّا في قنصلية إسبانية في بلدك أو داخل إسبانيا، ويمكن لممثّل بموجب توكيل أن يقدّمه نيابةً عنك. وأيّ الطريقين أسرع يعتمد على قنصليتك لا على قاعدة عامة، فالتسلسل هو: اسأل عمّا تطلبه قنصليتك اليوم، ثم ابدأ.",,
289,"A power of attorney, a poder , authorises someone in Spain to act for you within limits you set. In a property purchase that is usually your lawyer, and it is what allows a contract to be signed and a deed to be completed while you are elsewhere. It is the single document that decides whether the purchase needs you in the country.","التوكيل، أو poder ، يخوّل شخصاً في إسبانيا التصرّف نيابةً عنك ضمن حدود تضعها أنت. وفي شراء العقار يكون ذلك عادةً محاميك، وهو ما يتيح توقيع عقد وإتمام التوثيق بينما أنت في مكان آخر. إنه المستند الوحيد الذي يقرّر ما إذا كان الشراء يستدعي وجودك في البلد.",,
290,"Spanish banks, notaries and lawyers are required to establish the origin of the funds in a property purchase. This is routine, it applies to everyone, and it is not a judgement about you. It becomes a problem only when it is left until the week of the deed, because the evidence often has to come from institutions in another country and on their timetable.","المصارف والموثّقون والمحامون في إسبانيا ملزَمون بإثبات مصدر الأموال في أي شراء عقاري. وهذا إجراء روتيني ينطبق على الجميع وليس حكماً عليك. ولا يصير مشكلة إلا إذا تُرك حتى أسبوع التوقيع، لأن المستندات كثيراً ما تأتي من مؤسسات في بلد آخر ووفق جداولها.",,
291,"The practical version: whatever the money's history is, it should be documentable from the account it leaves. A sale, a transfer between your own accounts, an inheritance, a bonus. Assemble that early, and the question is answered when it is asked rather than sending you back to a bank abroad at the worst possible moment.","الصيغة العملية: أياً كان تاريخ هذا المال، ينبغي أن يكون موثّقاً ابتداءً من الحساب الذي يغادر منه. بيعٌ، أو تحويل بين حساباتك، أو ميراث، أو مكافأة. اجمع ذلك مبكراً، فيُجاب السؤال حين يُطرح بدل أن يعيدك إلى مصرف في الخارج في أسوأ لحظة ممكنة.",,
292,"With a power of attorney in place, a purchase can complete without you setting foot in Spain. That is worth knowing, and it is not always worth doing. Two moments repay a trip more than any document does.","مع وجود توكيل، يمكن إتمام الشراء دون أن تطأ قدمك إسبانيا. يجدر أن تعرف ذلك، ولا يجدر دائماً أن تفعله. فثمة لحظتان تستحقان رحلة أكثر مما يستحقها أي مستند.",,
293,"This page describes how a purchase from abroad is structured, not the current paperwork of any one consulate. Requirements, appointment availability and the exact documents differ between countries and change without much notice, and the only reliable version is the one your own consulate publishes today. Nueva Living confirms what a specific purchase requires and coordinates the sequence with your lawyer.","تصف هذه الصفحة كيف تُبنى عملية شراء من الخارج، لا الإجراءات الراهنة لقنصلية بعينها. فالمتطلبات وتوافر المواعيد والمستندات الدقيقة تختلف بين البلدان وتتغيّر دون إشعار كبير، والنسخة الموثوقة الوحيدة هي ما تنشره قنصليتك اليوم. وتؤكد Nueva Living ما تتطلبه عملية شراء بعينها وتنسّق التسلسل مع محاميك.",,
294,"Two things matter here and they are separate. The first is where the money goes. On an off-plan purchase, payments made before completion must reach the special account named in your contract, not a general company account. That is a legal requirement rather than an administrative preference, and it is covered in full in","أمران يهمّان هنا وهما منفصلان. الأول هو إلى أين تذهب الأموال. ففي الشراء على المخطط يجب أن تصل الدفعات السابقة للتسليم إلى الحساب الخاص المسمّى في عقدك، لا إلى حساب عام للشركة. وهذا مقتضى قانوني لا تفضيل إداري، وهو مشروح بالكامل في",,
295,"The second is what it costs to get there. A staged purchase paid from a currency other than the euro is a series of conversions rather than one, spread across the build, and the schedule says nothing about that.","والثاني هو كلفة إيصالها. فالشراء على دفعات مسدَّدة بعملة غير اليورو هو سلسلة من عمليات التحويل لا عملية واحدة، موزّعة على مدة البناء، ولا يقول الجدول شيئاً عن ذلك.",,
296,"A Spanish bank account is not strictly required to complete a purchase, which surprises people. It becomes necessary afterwards, because community fees, IBI and utilities are collected by direct debit from a Spanish account. Opening one takes an NIE, so the sequence runs in the order this page does.","الحساب المصرفي الإسباني ليس شرطاً صارماً لإتمام الشراء، وهو ما يفاجئ الكثيرين. لكنه يصبح ضرورياً بعد ذلك، لأن رسوم المجمّع وضريبة IBI والمرافق تُحصَّل بالخصم المباشر من حساب إسباني. وفتحه يستلزم رقم NIE، ومن ثم يسير التسلسل بالترتيب نفسه الذي تسير به هذه الصفحة.",,
297,"Buying from Abroad: NIE and Power of Attorney","الشراء من الخارج: رقم NIE والتوكيل",,
298,"Bank Guarantees Explained","الضمانات المصرفية، بوضوح",,
299,"Off-Plan Payment Schedules","جداول الدفع على المخطط",,
300,"What a purchase actually needs you present for: when the NIE is required, what a power of attorney covers, and how the money reaches the developer.","ما الذي يستدعي حضوركم فعلاً: متى يُطلب رقم NIE، وما الذي يغطيه التوكيل، وكيف يصل المال إلى المطوّر.",,
301,"What actually protects an off-plan deposit under Spanish law, and the point in the timeline at which the statutory guarantee has not started yet.","ما الذي يحمي فعلاً الدفعة المقدمة في الشراء على المخطط بموجب القانون الإسباني، واللحظة التي لا يكون فيها الضمان القانوني قد بدأ بعد.",,
302,"The staged payment structures the developers on this site have supplied in writing, from reservation through to the balance at deed.","هياكل الدفع على مراحل التي قدّمها مطوّرو هذا الموقع كتابةً، من الحجز حتى الرصيد عند التوثيق.",,
303,"Figures reflect currently published developments matching this search and are reconfirmed by Nueva Living before any viewing or reservation.","تعكس الأرقام المشاريع المنشورة حاليًا والمطابقة لهذا البحث، وتقوم Nueva Living بإعادة تأكيدها قبل أي معاينة أو حجز.",,
304,"Nueva Living confirms current availability, price list and payment terms directly with the developer.","تقوم Nueva Living بتأكيد التوفر الحالي وقائمة الأسعار وشروط الدفع مباشرة مع المطوّر.",,
305,"Usually, yes. Service charges are typically calculated on built size or a fixed per-unit share, and a penthouse’s larger terrace or solarium generally puts it in a higher share than a mid-floor apartment in the same building. Nueva Living confirms the exact community fee structure for any development before you reserve.","عادةً نعم. تُحسب رسوم الخدمة عادةً بناءً على المساحة المبنية أو حصة ثابتة لكل وحدة، وعادةً ما تضع التراس أو السطح الشمسي الأكبر للبنتهاوس في حصة أعلى مقارنة بشقة في طابق متوسط بنفس المبنى. تؤكد Nueva Living هيكل رسوم الخدمة الدقيق لأي مشروع قبل الحجز.",,
306,"New-build apartments and penthouses here are typically sold off-plan or under construction, with staged payments through to completion. Nueva Living reconfirms the current price list, floorplans and payment schedule for any development before you shortlist it.","تُباع الشقق والبنتهاوس الجديدة هنا عادةً على المخطط أو قيد الإنشاء، مع دفعات مجدولة حتى التسليم. تعيد Nueva Living تأكيد قائمة الأسعار الحالية والمخططات وجدول الدفع لأي مشروع قبل إدراجه في قائمتك المختارة.",,
307,"Most current releases are off-plan or under construction, sold with staged payments.","معظم الإطلاقات الحالية على المخطط أو قيد الإنشاء، وتُباع بدفعات مرحلية.",,
308,"Current releases are off-plan, sold with staged payments through to completion.","الإطلاقات الحالية على المخطط، وتُباع بدفعات مرحلية حتى التسليم.",,
309,"New-build apartments and penthouses here are typically sold off-plan, with staged payments through to completion. Nueva Living reconfirms the current price list, floorplans and payment schedule for any development before you shortlist it.","تُباع الشقق والبنتهاوس الجديدة هنا عادةً على المخطط، مع دفعات مجدولة حتى التسليم. تعيد Nueva Living تأكيد قائمة الأسعار الحالية والمخططات وجدول الدفع لأي مشروع قبل إدراجه في قائمتك المختارة.",,
310,"Current releases are under construction, sold with staged payments through to completion.","الإطلاقات الحالية قيد الإنشاء، وتُباع بدفعات مرحلية حتى التسليم.",,
311,"What a new-build in Andalucia costs on top of the price: IVA at 10%, AJD at 1.2%, and the notary, registry and legal fees around them.","ما يكلّفه العقار الجديد في الأندلس فوق سعر الشراء: ضريبة IVA بنسبة 10%، وAJD بنسبة 1.2%، إضافة إلى أتعاب التوثيق والسجل والمحاماة.",,
312,"New-Build Purchase Costs","تكاليف شراء العقارات الجديدة",,
313,"How buying off-plan and buying a completed resale home actually compare, across price, risk, payment terms and appreciation.","كيف تتم المقارنة الفعلية بين الشراء على المخطط وشراء منزل معاد بيعه جاهز، من حيث السعر والمخاطر وشروط الدفع وارتفاع القيمة.",,
314,"Spanish banks lend differently to non-resident buyers than to Spanish residents. Where a resident might get financing up to 80% of a property's value, non-residents are typically capped closer to 70%, and the exact rate, term and how much of your income counts all vary by bank and by your personal financial profile. On top of the mortgage itself, budget for taxes and purchase costs &mdash; transfer tax or VAT, notary, land registry and legal fees &mdash; which typically add another 10-13% on top of the purchase price in Spain.","تُقرض البنوك الإسبانية المشترين غير المقيمين بشكل مختلف عن المقيمين في إسبانيا. فبينما قد يحصل المقيم على تمويل يصل إلى 80% من قيمة العقار، عادةً ما يكون الحد الأقصى للمقيمين غير الإقامة أقرب إلى 70%، ويختلف السعر الدقيق والمدة ونسبة الدخل المحتسبة حسب البنك والملف المالي الشخصي. بالإضافة إلى الرهن العقاري نفسه، خصص ميزانية للضرائب وتكاليف الشراء &mdash; ضريبة النقل أو ضريبة القيمة المضافة، والتوثيق، والسجل العقاري، والأتعاب القانونية &mdash; والتي تضيف عادةً 10-13% أخرى فوق سعر الشراء في إسبانيا.",,
315,"Use the calculator below for a realistic starting estimate of your deposit, monthly payment and total cost of buying, based on typical non-resident lending terms. It is a planning tool, not a mortgage offer &mdash; Nueva Living and your mortgage broker will confirm the real numbers once you have a specific property in mind.","استخدم الحاسبة أدناه للحصول على تقدير أولي واقعي للدفعة المقدمة والقسط الشهري والتكلفة الإجمالية للشراء، استنادًا إلى شروط التمويل المعتادة لغير المقيمين. إنها أداة تخطيط وليست عرض رهن عقاري &mdash; ستؤكد Nueva Living ووسيط الرهن العقاري الخاص بك الأرقام الحقيقية بمجرد تحديد عقار معين.",,
316,"Set to 30% by default &mdash; as a non-Spanish resident, lenders typically finance up to 70% of the property value. Your own maximum will depend on your bank and financial profile.","مضبوط افتراضيًا على 30% &mdash; بصفتك غير مقيم في إسبانيا، عادةً ما تموّل الجهات المقرضة حتى 70% من قيمة العقار. سيعتمد الحد الأقصى الخاص بك على بنكك وملفك المالي.",,
317,"Mortgage term","مدة الرهن العقاري",,
318,"Taxes &amp; purchase costs","الضرائب وتكاليف الشراء",,
319,"Indicative only &mdash; ITP/VAT, notary, registry and legal fees vary by case. Confirm exact costs with your lawyer.","إرشادي فقط &mdash; تختلف ضريبة نقل الملكية/ضريبة القيمة المضافة والتوثيق والتسجيل والأتعاب القانونية حسب الحالة. تأكد من التكاليف الدقيقة مع محاميك.",,
320,"Estimated monthly payment","القسط الشهري التقديري",,
321,"Cash needed without a mortgage","السيولة النقدية اللازمة بدون رهن عقاري",,
322,"Cash needed with a mortgage (deposit + costs)","السيولة النقدية اللازمة مع رهن عقاري (الدفعة المقدمة + التكاليف)",,
323,"Mortgage principal","أصل مبلغ الرهن العقاري",,
324,"Current releases are off-plan or under construction, sold with staged payments through to completion.","المشاريع المطروحة حاليًا على المخطط أو قيد الإنشاء، وتُباع بدفعات مرحلية حتى التسليم.",,
325,"What you trade is prestige, not access. Malaga airport is closer from here than it is from Marbella, the train line runs to Fuengirola, and the golf courses at Mijas sit minutes inland. Current releases here are under construction or off-plan with staged payments, and Nueva Living reconfirms the price list, floorplans and payment schedule before you shortlist anything.","ما تتنازل عنه هو الوجاهة، لا سهولة الوصول. مطار مالقة أقرب من هنا مما هو من ماربيا، وخط القطار يصل إلى فوينخيرولا، وملاعب الغولف في ميخاس على بعد دقائق نحو الداخل. المشاريع الحالية قيد الإنشاء أو على المخطط بدفعات مرحلية، وتؤكد نويفا ليفينغ قائمة الأسعار والمخططات وجدول الدفع قبل أن ترشّح أي مشروع.",,
326,"Every current release is under construction or off-plan, sold with staged payments through to completion.","جميع المشاريع الحالية قيد الإنشاء أو على المخطط، وتُباع بدفعات مرحلية حتى التسليم.",,
327,"Land costs less on this stretch than it does between Marbella and Estepona, and that carries through to the finished price rather than reflecting a difference in build quality. Current releases here run from around EUR 390,000, against EUR 527,500 for the equivalent in Marbella.","تكلفة الأرض على هذا الامتداد أقل منها بين ماربيا وإستيبونا، وهذا ينعكس على السعر النهائي دون أن يعني فرقًا في جودة البناء. تبدأ المشاريع الحالية هنا من نحو 390,000 يورو، مقابل 527,500 يورو للمعادل في ماربيا.",,
328,"The largest terrace or solarium in the building and the best of the sea or golf view, at a premium over a mid-floor unit. On this coast a penthouse still frequently lands under what a mid-floor apartment costs further west.","أكبر تراس أو سولاريوم في المبنى وأفضل إطلالة على البحر أو الغولف، بعلاوة سعرية على وحدة في طابق متوسط. وعلى هذا الساحل، كثيرًا ما يظل سعر البنتهاوس دون سعر شقة في طابق متوسط غربًا.",,
329,"It is also unusually mixed. Within a few minutes of each other you will find beachside apartment releases from EUR 695,000 and golf-side villa collections up to EUR 3,500,000, which is why this page covers both rather than splitting them. Every current release here is off-plan or under construction with staged payments.","كما أنه متنوع بشكل غير معتاد. على بُعد دقائق قليلة من بعضها تجد شققًا قرب الشاطئ من 695,000 يورو ومجموعات فلل قرب الغولف حتى 3,500,000 يورو، ولهذا تغطي هذه الصفحة النوعين معًا بدل الفصل بينهما. وجميع المشاريع الحالية على المخطط أو قيد الإنشاء بدفعات مرحلية.",,
330,"All current releases are off-plan or under construction, sold with staged payments through to completion.","جميع المشاريع الحالية على المخطط أو قيد الإنشاء، وتُباع بدفعات مرحلية حتى التسليم.",,
331,"Almost all of it falls within the municipality of Estepona, with the Bel Air end closest to the Marbella boundary. For practical purposes -- taxes, licences, town hall -- treat it as Estepona.","يقع معظمها ضمن بلدية إستيبونا، فيما يقع طرف بيل إير الأقرب إلى حدود ماربيا. ولأغراض عملية — الضرائب والتراخيص والبلدية — تعامل معها على أنها إستيبونا.",,
332,"They are different in kind rather than degree. An apartment carries a community charge covering shared pools, gardens and lighting. A villa usually carries a smaller community charge but takes on its own pool and garden maintenance directly, which often costs more in total once you add it up.","الفرق في النوع لا في الدرجة. تتحمّل الشقة رسم اتحاد مُلّاك يغطي المسابح والحدائق والإنارة المشتركة. أما الفيلا فرسمها المشترك أصغر عادةً لكنها تتولى صيانة مسبحها وحديقتها مباشرة، وهو ما يكلّف أكثر إجمالًا في الغالب.",,
333,"It also holds the largest concentration of new-build stock on this side of Marbella. The three current releases here run from EUR 690,000, which is roughly where Marbella starts, and they cover apartments, townhouses and villas rather than one format. All are under construction or off-plan with staged payments.","كما تضم أكبر تجمّع للعقارات الجديدة في هذا الجانب من ماربيا. تبدأ المشاريع الثلاثة الحالية من 690,000 يورو، وهو تقريبًا حيث تبدأ ماربيا، وتشمل شققًا ومنازل متلاصقة وفللًا لا صيغة واحدة. وجميعها قيد الإنشاء أو على المخطط بدفعات مرحلية.",,
334,">Mortgage Calculator",">حاسبة التمويل العقاري",,
335,">Legal Notice",">إشعار قانوني",,
336,"Information presented on this website is for general marketing purposes only and does not constitute legal, financial or investment advice. Development details, prices and delivery dates are subject to change without notice.","المعلومات المعروضة على هذا الموقع هي لأغراض تسويقية عامة فقط ولا تشكل استشارة قانونية أو مالية أو استثمارية. تفاصيل المشاريع والأسعار ومواعيد التسليم قابلة للتغيير دون إشعار مسبق.",,
337,"Completion soonest","الأقرب إنجازًا",,
338,"Which homes are available, their reservation status, current prices and expected delivery.","ما هي المساكن المتاحة، وحالة حجزها، والأسعار الحالية، وموعد التسليم المتوقع.",,
