id,english,current_nl,suggested_edit,note
1,"dev-fact-value"">Completion Q4 2027 - Q1 2028<","dev-fact-value"">Oplevering K4 2027 - K1 2028<",,
2,"dev-fact-value"">Completion to be confirmed<","dev-fact-value"">Oplevering nog te bevestigen<",,
3,"dev-fact-value"">Completion Q2 2029<","dev-fact-value"">Oplevering K2 2029<",,
4,"dev-fact-value"">Completion Q4 2027<","dev-fact-value"">Oplevering K4 2027<",,
5,"dev-fact-value"">Completion Q3 2027<","dev-fact-value"">Oplevering K3 2027<",,
6,"dev-fact-value"">Completion Q1 2029<","dev-fact-value"">Oplevering K1 2029<",,
7,"dev-fact-value"">Completion Q3 2029<","dev-fact-value"">Oplevering K3 2029<",,
8,"What is an NIE number and do I need one?","Wat is een NIE-nummer en heb ik er een nodig?",,
9,"An NIE (Numero de Identificacion de Extranjero) is a tax ID number required for any property purchase in Spain by a non-Spanish national. Nueva Living can guide you through obtaining one before you reserve.","Een NIE (Número de Identificación de Extranjero) is een fiscaal identificatienummer dat vereist is voor elke aankoop van onroerend goed in Spanje door een niet-Spaans onderdaan. Nueva Living begeleidt u graag bij het aanvragen ervan voordat u reserveert.",,
10,"What costs should I budget for on top of the purchase price?","Met welke kosten moet ik naast de aankoopprijs rekening houden?",,
11,"Buyers typically budget for transfer tax or VAT, notary fees, land registry fees and legal fees on top of the purchase price. Nueva Living provides a full, current cost breakdown for your chosen residence before you reserve.","Kopers houden doorgaans rekening met overdrachtsbelasting of btw, notariskosten, kosten van het kadaster en juridische kosten bovenop de aankoopprijs. Nueva Living verstrekt een volledig, actueel kostenoverzicht voor uw gekozen woning voordat u reserveert.",,
12,"Can I get a mortgage in Spain as a non-resident?","Kan ik als niet-ingezetene een hypotheek krijgen in Spanje?",,
13,"Many Spanish banks offer mortgages to non-resident buyers, typically financing a portion of the purchase price. Exact terms depend on the bank and your personal financial profile.","Veel Spaanse banken bieden hypotheken aan niet-ingezeten kopers, waarbij doorgaans een deel van de aankoopprijs wordt gefinancierd. De exacte voorwaarden zijn afhankelijk van de bank en uw persoonlijke financiële profiel.",,
14,"Off-plan means the development is still under construction and is usually sold with staged payments through to completion. A completed property is ready to view and move into now.","Op plan betekent dat het project nog in aanbouw is en meestal wordt verkocht met gefaseerde betalingen tot aan de oplevering. Een opgeleverde woning is klaar om te bezichtigen en direct te betrekken.",,
15,"How does the reservation and payment process work?","Hoe verloopt het reserverings- en betalingsproces?",,
16,"Reservation and payment structures vary by development and are set out in full before you reserve. Nueva Living reconfirms the current schedule for your chosen residence at every step.","Reserverings- en betalingsstructuren variëren per project en worden volledig toegelicht voordat u reserveert. Nueva Living bevestigt bij elke stap opnieuw het actuele schema voor uw gekozen woning.",,
17,"Do I need a lawyer?","Heb ik een advocaat nodig?",,
18,"Yes, we strongly recommend independent legal representation for any property purchase in Spain. Nueva Living can put you in touch with independent lawyers experienced in Costa del Sol property.","Ja, wij raden onafhankelijke juridische bijstand sterk aan bij elke aankoop van onroerend goed in Spanje. Nueva Living kan u in contact brengen met onafhankelijke advocaten met ervaring in onroerend goed aan de Costa del Sol.",,
19,"A sea-view render can make almost any development look perfect. We look past the presentation: the exact setting, the developer, the payment terms, the compromises and whether the property will still suit you years from now.","Een render met zeezicht kan bijna elk project er perfect laten uitzien. Wij kijken verder dan de presentatie: de exacte ligging, de projectontwikkelaar, de betalingsvoorwaarden, de compromissen en of de woning ook over jaren nog bij u past.",,
20,"From your brief and viewings to negotiation and handover, we keep the moving parts together and coordinate with your independent lawyer.","Van uw wensen en bezichtigingen tot onderhandeling en oplevering: wij houden alle bewegende delen bij elkaar en stemmen af met uw onafhankelijke advocaat.",,
21,"From first enquiry to reservation","Van eerste aanvraag tot reservering",,
22,"We arrange viewings, share the project documents and explain the reservation process.","Wij regelen bezichtigingen, delen de projectdocumenten en leggen het reserveringsproces uit.",,
23,"We help you check the location, developer, finishes, payment plan and future resale appeal before you choose a home.","Wij helpen u de locatie, de projectontwikkelaar, de afwerking, het betalingsplan en de toekomstige aantrekkelijkheid bij doorverkoop te controleren voordat u een woning kiest.",,
24,"We compare prices, orientation, amenities, completion dates and nearby alternatives side by side.","Wij vergelijken prijzen, oriëntatie, voorzieningen, opleveringsdata en nabijgelegen alternatieven naast elkaar.",,
25,"We organise project documents, viewings, reservation details and an introduction to an independent lawyer.","Wij regelen projectdocumenten, bezichtigingen, reserveringsdetails en een introductie bij een onafhankelijke advocaat.",,
26,"We only flag urgency when availability, pricing or a reservation deadline genuinely changes.","Wij wijzen alleen op urgentie wanneer de beschikbaarheid, de prijs of een reserveringstermijn daadwerkelijk verandert.",,
27,"A genuine share of our commission, not a flat finder's fee.","Een echt aandeel in onze commissie, geen vast bemiddelingstarief.",,
28,"How buying off-plan and buying a completed resale home actually compare on the Costa del Sol, across price, risk, payment terms and appreciation.","Hoe kopen op plan en kopen van een bestaande woning aan de Costa del Sol zich werkelijk tot elkaar verhouden: prijs, risico, betalingsvoorwaarden en waardeontwikkeling.",,
29,"Bank Guarantees on Off-Plan Property · 2026 Guide","Bankgaranties bij kopen op plan · Gids 2026",,
30,"New-Build Purchase Costs in Andalucia · 2026 Guide","Aankoopkosten van nieuwbouw in Andalusië · Gids 2026",,
31,"What the areas cost","Wat de gebieden kosten",,
32,"New-build and off-plan purchases follow a different sequence from a resale purchase: staged payments, a private purchase contract, and a developer's construction timeline rather than an immediate move-in date. Seven steps, start to finish.","Nieuwbouw- en aankopen op plan volgen een andere volgorde dan een aankoop van een bestaande woning: gefaseerde betalingen, een particulier koopcontract en de bouwplanning van de ontwikkelaar in plaats van een directe verhuisdatum. Zeven stappen, van begin tot eind.",,
33,"Steps, Reservation to Keys","Stappen, van Reservering tot Sleutels",,
34,"People Involved: You, Nueva Living, Your Lawyer","Betrokken partijen: u, Nueva Living, uw advocaat",,
35,"Weeks, Reservation to Contract","Weken, van Reservering tot Contract",,
36,"Off-plan usually means a lower entry price and payments staged over the build period, at the cost of waiting. A completed home costs more upfront but you can see and move into it now. See our full off-plan vs resale comparison for the detail.","Kopen op plan betekent meestal een lagere instapprijs en gefaseerde betalingen over de bouwperiode, ten koste van wachttijd. Een opgeleverde woning kost vooraf meer, maar u kunt haar nu bezichtigen en er direct in trekken. Bekijk onze volledige vergelijking tussen kopen op plan en reventa voor meer details.",,
37,"A reservation takes the specific residence off the market while your private purchase contract is prepared, typically within two to four weeks.","Een reservering haalt de specifieke woning van de markt terwijl uw particuliere koopcontract wordt opgesteld, doorgaans binnen twee tot vier weken.",,
38,"Pay the reservation amount, which is later credited against the purchase price.","Betaal het reserveringsbedrag, dat later wordt verrekend met de koopprijs.",,
39,"Confirms the reservation terms and what happens to the amount if you do not proceed.","Bevestigt de reserveringsvoorwaarden en wat er met het bedrag gebeurt als u niet doorgaat.",,
40,"Good to know: how much is the reservation?","Goed om te weten: hoeveel bedraagt de reservering?",,
41,"It varies by developer and project, from a few thousand euros up to around 1% of the price on some developments. A reservation is not the point of no return, but it is a real commitment -- confirm the terms before you pay it.","Dit varieert per ontwikkelaar en project, van enkele duizenden euro's tot ongeveer 1% van de prijs bij sommige projecten. Een reservering is geen point of no return, maar wel een echte verbintenis -- bevestig de voorwaarden voordat u betaalt.",,
42,"Sign the Private Purchase Contract","Onderteken het particuliere koopcontract",,
43,"The binding agreement setting out price, payment schedule, specification and delivery terms. You will need an NIE before or shortly after this stage.","De bindende overeenkomst waarin prijs, betalingsschema, specificaties en leveringsvoorwaarden worden vastgelegd. U heeft een NIE nodig vóór of kort na deze fase.",,
44,"Obtain your NIE if you do not already have one, and review the contract.","Vraag uw NIE aan als u er nog geen heeft en bekijk het contract.",,
45,"What Your Lawyer Does","Wat uw advocaat doet",,
46,"Reviews the contract terms and confirms the bank guarantee before you sign.","Beoordeelt de contractvoorwaarden en bevestigt de bankgarantie voordat u tekent.",,
47,"For off-plan purchases, payments from this point are usually staged across construction milestones. Spanish law requires developers to bank-guarantee off-plan payments made before completion, so staged payments are protected if the development is not delivered -- confirming that guarantee is in place is one of the checks your lawyer carries out.","Bij aankopen op plan worden betalingen vanaf dit punt doorgaans gefaseerd over de bouwmijlpalen. De Spaanse wet verplicht ontwikkelaars om betalingen op plan die vóór oplevering worden gedaan, bancair te garanderen, zodat gefaseerde betalingen beschermd zijn als het project niet wordt opgeleverd -- controleren of die garantie aanwezig is, is een van de controles die uw advocaat uitvoert.",,
48,"Legal Checks and Independent Representation","Juridische controles en onafhankelijke vertegenwoordiging",,
49,"We strongly recommend independent legal representation -- a lawyer acting for you, not the developer or the selling agency.","Wij raden ten zeerste onafhankelijke juridische vertegenwoordiging aan -- een advocaat die voor u optreedt, niet voor de ontwikkelaar of het verkoopkantoor.",,
50,"Instruct an independent lawyer before signing anything binding.","Schakel een onafhankelijke advocaat in voordat u iets bindends ondertekent.",,
51,"Checks the developer's registration and track record, the building licence, land registry status and the bank guarantee.","Controleert de registratie en het trackrecord van de ontwikkelaar, de bouwvergunning, de status in het kadaster en de bankgarantie.",,
52,"Many non-resident buyers arrange a mortgage at this stage. Spanish banks do lend to non-residents, usually financing a portion of the price, though exact terms depend on the bank and your financial profile.","Veel niet-ingezeten kopers regelen in deze fase een hypotheek. Spaanse banken verstrekken wel degelijk leningen aan niet-ingezetenen, doorgaans voor een deel van de prijs, al zijn de exacte voorwaarden afhankelijk van de bank en uw financiële profiel.",,
53,"Completion and Handover","Afronding en overdracht",,
54,"Completion happens at the notary, where the final balance is paid and the deed of sale is signed and registered in your name.","De afronding vindt plaats bij de notaris, waar het resterende bedrag wordt betaald en de koopakte wordt ondertekend en op uw naam wordt geregistreerd.",,
55,"Pay the final balance and sign at the notary.","Betaal het resterende bedrag en teken bij de notaris.",,
56,"Confirms the deed of sale and its registration.","Bevestigt de koopakte en de registratie ervan.",,
57,"Good to know: warranties and ongoing costs","Goed om te weten: garanties en doorlopende kosten",,
58,"Spanish building law generally provides for a structural warranty, a shorter warranty on installations, and a one-year warranty on finishes. After completion, budgeting for ongoing costs such as community fees and annual property tax (IBI) becomes part of owning the home.","De Spaanse bouwwetgeving voorziet doorgaans in een structurele garantie, een kortere garantie op installaties en een garantie van één jaar op afwerkingen. Na de afronding maakt het begroten van doorlopende kosten zoals gemeenschapskosten en de jaarlijkse onroerendezaakbelasting (IBI) deel uit van het bezit van de woning.",,
59,"Apply for your NIE","Vraag uw NIE aan",,
60,"Select an independent lawyer","Selecteer een onafhankelijke advocaat",,
61,"Consider a Spanish bank account","Overweeg een Spaanse bankrekening",,
62,"NIE","NIE",,
63,"Numero de Identificacion de Extranjero -- a Spanish tax ID number required for any property purchase by a non-Spanish national.","Numero de Identificacion de Extranjero -- een Spaans fiscaal identificatienummer dat vereist is voor elke vastgoedaankoop door een niet-Spaans onderdaan.",,
64,"Reservation Agreement","Reserveringsovereenkomst",,
65,"The document and payment that takes a specific residence off the market while your private purchase contract is prepared.","Het document en de betaling die een specifieke woning van de markt halen terwijl uw particuliere koopcontract wordt opgesteld.",,
66,"Private Purchase Contract","Particulier koopcontract",,
67,"Contrato de compraventa -- the binding agreement setting out price, payment schedule, specification and delivery terms.","Contrato de compraventa -- de bindende overeenkomst waarin prijs, betalingsschema, specificaties en leveringsvoorwaarden worden vastgelegd.",,
68,"Bank Guarantee","Bankgarantie",,
69,"Legally required protection for off-plan payments made before completion, covering you if the development is not delivered.","Wettelijk verplichte bescherming voor betalingen op plan die vóór oplevering worden gedaan, die u dekt als het project niet wordt opgeleverd.",,
70,"Notary","Notaris",,
71,"The public official before whom the final deed of sale is signed at completion.","De openbare ambtenaar ten overstaan van wie de definitieve koopakte bij afronding wordt ondertekend.",,
72,"The deed of sale signed at the notary and registered in your name at completion.","De koopakte die bij de notaris wordt ondertekend en bij afronding op uw naam wordt geregistreerd.",,
73,"Land Registry","Kadaster",,
74,"The official record of property ownership and charges, checked by your lawyer before you sign.","Het officiële register van eigendom en lasten op de woning, dat door uw advocaat wordt gecontroleerd voordat u tekent.",,
75,"This guide is general information about the typical off-plan buying process on the Costa del Sol. It is not legal, tax or financial advice, and does not replace independent professional advice tailored to your situation.","Deze gids bevat algemene informatie over het gebruikelijke aankoopproces op plan aan de Costa del Sol. Het betreft geen juridisch, fiscaal of financieel advies en vervangt geen onafhankelijk professioneel advies dat is afgestemd op uw situatie.",,
76,"Payment","Betaling",,
77,"Completion","Overdracht",,
78,"Staged: a reservation, a larger payment on signing the private purchase contract, further payments at construction milestones, and the balance on completion.","Gefaseerd: een reservering, een grotere betaling bij ondertekening van het koopcontract, verdere betalingen bij bouwfases, en het restant bij oplevering.",,
79,"Construction and delivery risk: the project could be delayed or, worst case, not completed. Payments made before completion are required by law to be bank-guaranteed.","Bouw- en opleveringsrisico: het project kan vertraging oplopen of, in het ergste geval, niet worden afgerond. Betalingen vóór oplevering moeten wettelijk door een bankgarantie zijn gedekt.",,
80,"Buying early sometimes means a genuine say in finishes -- flooring, kitchen options, occasionally layout -- depending how far along construction is. That window closes near completion.","Vroeg kopen betekent soms echte inspraak in de afwerking — vloeren, keukenopties, soms de indeling — afhankelijk van hoe ver de bouw is. Dat venster sluit tegen de oplevering.",,
81,"The case is buying below completed-market price and the value closing that gap by delivery. This depends on the specific project and area performing as expected -- it is not a guarantee.","Het idee is kopen onder de marktprijs van een opgeleverde woning, waarbij de waarde dat gat tegen oplevering dicht. Dat hangt af van het specifieke project en gebied — het is geen garantie.",,
82,"Completion depends on the developer obtaining the first occupation license and certificate of completion before the deed can be signed at the notary. Your lawyer confirms these are in place before you complete.","De overdracht hangt ervan af dat de ontwikkelaar de eerste bewoningsvergunning en het opleveringscertificaat verkrijgt voordat de akte bij de notaris kan worden getekend. Uw advocaat bevestigt dat deze er zijn voordat u afneemt.",,
83,"Costs more upfront, but you are paying for a known quantity: the actual finish, the actual view, the actual noise level, none of which you can fully judge from a floorplan and a render.","Kost vooraf meer, maar u betaalt voor een bekende grootheid: de werkelijke afwerking, het werkelijke uitzicht, het werkelijke geluidsniveau — geen daarvan volledig te beoordelen op een plattegrond en een render.",,
84,"Simpler: reserve, sign, pay the balance, usually within 30 to 60 days. No construction-linked schedule, and no way to spread the cost over time.","Eenvoudiger: reserveren, tekenen, restbedrag betalen, meestal binnen 30 tot 60 dagen. Geen bouwgebonden schema, en geen mogelijkheid om de kosten te spreiden.",,
85,"Can generate rental income or be lived in immediately after completion, with no construction timeline in the way.","Kan direct na de overdracht huurinkomsten opleveren of bewoond worden, zonder bouwplanning ertussen.",,
86,"Already issued and checkable: your lawyer verifies the existing title, license history and any charges on the property at the Land Registry before you sign.","Al afgegeven en controleerbaar: uw advocaat verifieert de bestaande eigendomstitel, de vergunninghistorie en eventuele lasten bij het Kadaster voordat u tekent.",,
87,"Does the bank guarantee cover everything I pay?","Dekt de bankgarantie alles wat ik betaal?",,
88,"It covers payments made ahead of completion specifically. The exact scope and validity of the guarantee for a given project is something to confirm in writing before signing, not something to assume.","Zij dekt specifiek de betalingen die vóór oplevering worden gedaan. De precieze reikwijdte en geldigheid van de garantie voor een bepaald project bevestigt u schriftelijk vóór ondertekening — niet iets om aan te nemen.",,
89,"Off-plan tends to suit buyers who do not need the property immediately, want to spread payments over time, and are comfortable with construction-stage risk in exchange for a lower entry price and, in some cases, a say in the finish.","Nieuwbouw op plan past doorgaans bij kopers die de woning niet meteen nodig hebben, de betalingen willen spreiden en het bouwrisico aanvaarden in ruil voor een lagere instapprijs en soms inspraak in de afwerking.",,
90,"A completed home tends to suit buyers who want to move in, rent out, or simply see exactly what they are buying without waiting or without taking on delivery risk -- often at a higher upfront cost for that certainty.","Een opgeleverde woning past doorgaans bij kopers die willen intrekken, verhuren of gewoon precies willen zien wat ze kopen zonder te wachten of opleveringsrisico te dragen — vaak tegen hogere kosten vooraf voor die zekerheid.",,
91,"Private Purchase Contract Contrato de compraventa -- the binding agreement setting out price, payment schedule, specification and delivery terms, signed after reservation.","Particulier koopcontract Contrato de compraventa — de bindende overeenkomst met prijs, betalingsschema, specificatie en opleveringsvoorwaarden, getekend na reservering.",,
92,"Bank Guarantee Legally required protection for off-plan payments made before completion, covering you if the development is not delivered.","Bankgarantie Wettelijk verplichte bescherming voor betalingen op plan vóór oplevering, die u dekt als het project niet wordt opgeleverd.",,
93,"First Occupation License Licencia de primera ocupacion -- the official confirmation a newly built home is fit to be lived in, required before completion.","Eerste bewoningsvergunning Licencia de primera ocupación — de officiële bevestiging dat een nieuwbouwwoning bewoonbaar is, vereist vóór de overdracht.",,
94,"Escritura The deed of sale signed at the notary and registered in your name at completion.","Escritura De koopakte die bij de notaris wordt getekend en bij de overdracht op uw naam wordt ingeschreven.",,
95,"This guide is general information to help you compare off-plan and resale purchases on the Costa del Sol. It is not legal, tax or financial advice, and does not replace independent professional advice tailored to your situation.","Deze gids biedt algemene informatie om nieuwbouw en bestaande bouw aan de Costa del Sol te vergelijken. Het is geen juridisch, fiscaal of financieel advies en vervangt geen onafhankelijk professioneel advies dat op uw situatie is afgestemd.",,
96,"What does it cost to use Nueva Living?","Wat kost het om Nueva Living in te schakelen?",,
97,"Yes. What we add is the comparison: the availability list as the seller issued it, the purchase costs on top of the asking price, and the checks worth making before you reserve.","Ja. Wat wij toevoegen is de vergelijking: de beschikbaarheidslijst zoals de verkoper die heeft uitgegeven, de aankoopkosten boven op de vraagprijs en de controles die de moeite waard zijn voordat u reserveert.",,
98,"Whether it changes what we show you is not something we can settle by claiming otherwise. Read a project page instead: the empty cells where a seller gave us no figure, the purchase costs added on top of the asking price, the two sources printed side by side when they disagree. That is the evidence, and it is the same on every development we publish.","Of dat verandert wat wij u laten zien, kunnen wij niet beslechten door het tegendeel te beweren. Lees liever een projectpagina: de lege velden waar een verkoper ons geen cijfer gaf, de aankoopkosten boven op de vraagprijs, de twee bronnen naast elkaar wanneer ze elkaar tegenspreken. Dat is het bewijs, en het is hetzelfde bij elk project dat wij publiceren.",,
99,"Whether the building licence is granted, whether your payments sit behind a bank guarantee, and whether the completion date is contractual or merely indicative.","Of de bouwvergunning is verleend, of uw betalingen door een bankgarantie zijn gedekt en of de opleverdatum contractueel of slechts indicatief is.",,
100,"Including the parts that cost you money. Where tax adds six figures to the asking price, that is on the page and not left for the notary to mention.","Inclusief de delen die u geld kosten. Waar belasting zes cijfers aan de vraagprijs toevoegt, staat dat op de pagina en wordt het niet aan de notaris overgelaten.",,
101,"Enquiry details may be processed in Nueva Living's customer relationship management system and shared with developers, legal advisers or other service providers only where necessary for a requested enquiry, viewing, reservation or service step. Website measurement events may be processed by Nueva Living's CRM and hosting providers for analytics and technical operation.","Aanvraaggegevens kunnen worden verwerkt in het klantrelatiebeheersysteem (CRM) van Nueva Living en gedeeld worden met ontwikkelaars, juridisch adviseurs of andere dienstverleners, uitsluitend wanneer dit noodzakelijk is voor een gevraagde aanvraag, bezichtiging, reservering of servicestap. Websitemeting-gebeurtenissen kunnen worden verwerkt door de CRM- en hostingproviders van Nueva Living voor analyse- en technische doeleinden.",,
102,"Legal Notice","Juridische kennisgeving",,
103,"Legal notice draft for Nueva Living.","Concept juridische kennisgeving van Nueva Living.",,
104,"No Legal Or Financial Advice","Geen juridisch of financieel advies",,
105,"This website is presented under the Nueva Living brand and operated by LIORA LIVING SL., Tax ID (NIF) B88827472.","Deze website wordt gepresenteerd onder de merknaam Nueva Living en wordt beheerd door LIORA LIVING SL., fiscaal identificatienummer (NIF) B88827472.",,
106,"Information on this website does not constitute legal, financial, tax or investment advice. Buyers should seek independent professional advice before making any property decision.","De informatie op deze website vormt geen juridisch, financieel, fiscaal of beleggingsadvies. Kopers dienen onafhankelijk professioneel advies in te winnen voordat zij een beslissing over vastgoed nemen.",,
107,"This page explains the main terms in plain language. It should be reviewed by qualified legal counsel before any future material change.","Deze pagina legt de belangrijkste voorwaarden uit in eenvoudige taal. Zij dient te worden beoordeeld door gekwalificeerd juridisch advies voordat er in de toekomst wezenlijke wijzigingen worden doorgevoerd.",,
108,"Legal","Juridisch",,
109,"For the one-off taxes and fees due at purchase, see our breakdown of new-build purchase costs in Andalucia .","Voor de eenmalige belastingen en kosten bij aankoop, zie ons overzicht van de aankoopkosten voor nieuwbouw in Andalusië .",,
110,"The two routes are also taxed differently: new-build carries IVA and AJD, resale carries ITP. See what a new-build actually costs in Andalucia for the figures.","Beide routes worden ook anders belast: nieuwbouw valt onder IVA en AJD, bestaande bouw onder ITP. Zie wat nieuwbouw in Andalusië werkelijk kost voor de cijfers.",,
111,"New-build in Andalucia in 2026: IVA at 10%, AJD at 1.2%, plus notary, land registry and legal fees, and the reduced stamp-duty rates that can apply.","Nieuwbouw in Andalusië in 2026: 10% IVA, 1,2% AJD, plus notaris, kadaster en juridische kosten, en de verlaagde AJD-tarieven die kunnen gelden.",,
112,"Every competitor writes a Spain-wide cost guide quoting 8 to 13 per cent. New-build in Andalucia is a specific number, and it is knowable before you offer.","Elke kostengids voor heel Spanje noemt 8 tot 13 procent. Nieuwbouw in Andalusië is een concreet getal, en dat is bekend vóórdat u een bod doet.",,
113,"Most cost guides for Spain quote a single national range, usually somewhere between 8 and 13 per cent. That range exists because it is averaging two different purchases across seventeen regions. For a new-build in Andaluc&iacute;a the tax side is not a range at all -- it is two fixed rates, and you can work out the number exactly.","De meeste kostengidsen voor Spanje noemen één landelijke marge, meestal tussen 8 en 13 procent. Die marge bestaat omdat zij twee verschillende soorten aankoop over zeventien regio’s middelt. Bij nieuwbouw in Andalusië is de fiscale kant helemaal geen marge: het zijn twee vaste tarieven, en het bedrag is exact te berekenen.",,
114,"A new-build bought from the developer is a first transmission, so it carries VAT rather than the transfer tax that applies to a resale. In Andaluc&iacute;a that means two separate taxes on the same purchase.","Een nieuwbouwwoning die u van de ontwikkelaar koopt is een eerste overdracht en valt daarom onder btw in plaats van de overdrachtsbelasting die bij bestaande bouw geldt. In Andalusië betekent dat twee afzonderlijke belastingen op dezelfde aankoop.",,
115,"11.2% on a new-build. For comparison, a resale in Andaluc&iacute;a carries ITP at 7% and no AJD -- so the tax on a new home is roughly four points higher than on an equivalent resale.","11,2% bij nieuwbouw. Ter vergelijking: bij bestaande bouw in Andalusië geldt 7% ITP en geen AJD — de belasting op een nieuwe woning ligt dus ongeveer vier punten hoger dan bij een vergelijkbare bestaande woning.",,
116,"Andaluc&iacute;a applies reduced AJD rates in specific circumstances. They are worth checking before you assume the general rate, though most purchases on this coast fall outside them.","Andalusië hanteert in specifieke gevallen verlaagde AJD-tarieven. Het loont ze te controleren voordat u van het algemene tarief uitgaat, al vallen de meeste aankopen aan deze kust erbuiten.",,
117,"Notary and Land Registry fees are set by national tariff, so they do not vary between providers. Legal fees do.","Notaris- en kadasterkosten liggen vast in een landelijk tarief en verschillen dus niet per aanbieder. Juridische kosten wel.",,
118,"Roughly &euro;600 to &euro;1,200 on a typical residential purchase, scaling with the price and the length of the deed. Regulated, so shopping around does not change it.","Ongeveer € 600 tot € 1.200 bij een gebruikelijke woningaankoop, afhankelijk van de prijs en de omvang van de akte. Gereguleerd, dus vergelijken verandert er niets aan.",,
119,"Typically 1% of the price plus 21% IVA on the fee, or a fixed quote in the &euro;1,500 to &euro;3,000 range for a straightforward purchase. This one is negotiable, and it is the line worth comparing quotes on.","Meestal 1% van de prijs plus 21% IVA over het honorarium, of een vaste offerte van € 1.500 tot € 3.000 bij een eenvoudige aankoop. Deze post is onderhandelbaar en de enige waarbij offertes vergelijken loont.",,
120,"Roughly &euro;4,500 plus IVA at 1%, or a fixed quote","Ongeveer € 4.500 plus IVA bij 1%, of een vaste offerte",,
121,"Around &euro;57,000, or about 12.5% over the price. Taxes are the fixed &euro;50,400 of that; the rest moves with who you instruct.","Ongeveer € 57.000, oftewel zo’n 12,5% bovenop de prijs. Daarvan is € 50.400 vaste belasting; de rest hangt af van wie u inschakelt.",,
122,"That is the acquisition cost. It does not include mortgage arrangement and valuation fees if you are borrowing, furnishing, or the running costs that start after completion -- IBI, community fees and utilities.","Dat zijn de verwervingskosten. Niet inbegrepen zijn afsluit- en taxatiekosten als u financiert, de inrichting, en de doorlopende lasten die na oplevering beginnen: IBI, servicekosten en nutsvoorzieningen.",,
123,"The IVA rate is national and the AJD rate is set by Andaluc&iacute;a; both can change, and the reduced rates carry conditions that depend on your circumstances. This page is general information about how the costs are structured, not tax or legal advice. Confirm the figures for your own purchase with your lawyer or tax adviser before you commit to anything. Nueva Living provides a written cost breakdown for a specific residence on request.","Het IVA-tarief is landelijk en het AJD-tarief wordt door Andalusië vastgesteld; beide kunnen wijzigen, en aan de verlaagde tarieven zijn voorwaarden verbonden die van uw situatie afhangen. Deze pagina is algemene informatie over hoe de kosten zijn opgebouwd, geen fiscaal of juridisch advies. Laat de cijfers voor uw eigen aankoop bevestigen door uw advocaat of belastingadviseur voordat u zich ergens aan verbindt. Nueva Living verstrekt op verzoek een schriftelijke kostenopgave voor een specifieke woning.",,
124,"IVA and AJD, not transfer tax","IVA en AJD, geen overdrachtsbelasting",,
125,"What a new-build costs on top of the price","Wat nieuwbouw kost bovenop de prijs",,
126,"When AJD is lower than 1.2%","Wanneer AJD lager is dan 1,2%",,
127,"Notary, registry and legal fees","Notaris, kadaster en juridische kosten",,
128,"New-Build Purchase Costs in Andalucia","Aankoopkosten nieuwbouw in Andalusië",,
129,"Request a Cost Breakdown","Vraag een kostenoverzicht aan",,
130,"AJD (stamp duty)","AJD (zegelrecht)",,
131,"The Two Taxes","De twee belastingen",,
132,"IVA at 10%","IVA van 10%",,
133,"AJD at 1.2%","AJD van 1,2%",,
134,"Notary and registry","Notaris en kadaster",,
135,"On Top of Tax","Boven op de belasting",,
136,"IVA (VAT)","IVA (btw)",,
137,"Total tax","Totale belasting",,
138,"This guide is general information about buying a new-build home on the Costa del Sol. It is not legal, tax or financial advice, and does not replace independent professional advice tailored to your situation.","Deze gids bevat algemene informatie over het kopen van een nieuwbouwwoning aan de Costa del Sol. Het betreft geen juridisch, fiscaal of financieel advies en vervangt geen onafhankelijk professioneel advies dat is afgestemd op uw situatie.",,
139,"Bank Guarantees on Off-Plan Property in Spain","Bankgaranties bij aankoop op plan in Spanje",,
140,"Disclosure in the contract","Vermelding in het contract",,
141,"Advance payments must be received through a credit institution and deposited in a special account, kept separate from any other class of funds. Money may only leave that account for costs arising directly from the construction of those homes. It is not the developer's working capital.","Vooruitbetalingen moeten via een kredietinstelling worden ontvangen en op een aparte rekening worden gestort, gescheiden van alle andere middelen. Er mag alleen geld af voor kosten die rechtstreeks voortvloeien uit de bouw van die woningen. Het is niet het werkkapitaal van de ontwikkelaar.",,
142,"The purchase contract itself must state the developer's obligation to repay, identify the insurer or guarantor, and identify the credit institution and the account. At signing you should also be handed the document evidencing the guarantee attached to your particular payments.","De koopovereenkomst zelf moet de terugbetalingsplicht van de ontwikkelaar vermelden en de verzekeraar of borg, de kredietinstelling en de rekening benoemen. Bij ondertekening hoort u ook het document te krijgen waaruit de waarborg op úw betalingen blijkt.",,
143,"Failing to put the guarantee in place is treated as a consumer-protection infringement, carrying a penalty of up to 25% of the amounts that should have been secured, on top of anything the regional building rules impose.","Het achterwege laten van de waarborg geldt als een inbreuk op de consumentenbescherming, met een boete tot 25% van de bedragen die gedekt hadden moeten zijn, boven op wat de regionale bouwregels opleggen.",,
144,"The obligation to guarantee repayment runs from the point the building licence is obtained -- not from the moment you first pay. This is one of the substantive differences between the current regime and the 1968 law it replaced, and it is the single most practical thing to understand before you reserve.","De plicht om terugbetaling te waarborgen gaat in bij het verkrijgen van de bouwvergunning --niet bij uw eerste betaling. Dat is een van de inhoudelijke verschillen met de wet van 1968 die zij verving, en het praktisch belangrijkste om te begrijpen vóór u reserveert.",,
145,"In plain terms: if you pay a reservation fee on a project whose licence has not yet been granted, that money is not sitting behind the statutory guarantee. It may well be protected by what your contract says instead -- many reservation agreements make the fee refundable during a due-diligence window, and that is a contractual protection, not a legal one. The two are not interchangeable, and only one of them is the same at every developer.","Onomwonden: betaalt u een reserveringsvergoeding voor een project waarvan de vergunning nog niet is verleend, dan staat dat geld niet achter de wettelijke waarborg. Het kan heel goed beschermd zijn door wat uw contract bepaalt --veel reserveringsovereenkomsten maken het bedrag terugvorderbaar binnen een due-diligenceperiode, en dat is contractuele bescherming, geen wettelijke. De twee zijn niet uitwisselbaar, en slechts één ervan is bij elke ontwikkelaar hetzelfde.",,
146,"This is not a reason to avoid pre-licence projects. It is a reason to know which category a project is in before you transfer anything, and to have your lawyer read the reservation terms rather than assume the statute covers you. Every project on this site states its licence status in its own trust dossier, in those words, because the distinction changes what your money is standing on.","Dit is geen reden om projecten zonder vergunning te mijden. Het is een reden om te weten in welke categorie een project valt vóór u iets overmaakt, en om uw advocaat de reserveringsvoorwaarden te laten lezen in plaats van aan te nemen dat de wet u dekt. Elk project op deze site vermeldt zijn vergunningsstatus in het eigen trust dossier, in die bewoordingen, omdat het onderscheid bepaalt waarop uw geld rust.",,
147,"If construction does not begin, is not finished within the agreed period, or the habitation certificate is not obtained, you may claim back the amounts paid on account -- including the taxes applied to them -- plus statutory interest. You can either terminate the contract or grant the developer an extension, which is recorded as an additional clause setting the new delivery date.","Begint de bouw niet, wordt hij niet binnen de afgesproken termijn voltooid, of wordt de bewoonbaarheidsverklaring niet verkregen, dan kunt u de vooruitbetaalde bedragen terugvorderen --inclusief de daarover geheven belastingen-- vermeerderd met de wettelijke rente. U kunt het contract ontbinden of de ontwikkelaar uitstel verlenen, vastgelegd in een aanvullende clausule met de nieuwe opleverdatum.",,
148,"The practical lesson is that the guarantee is only as useful as the paperwork behind it. Ask for the guarantee document at signing, check it names you and your specific payments, and keep it. A guarantee that exists in principle but was never issued to you is the failure mode this provision was written to prevent.","De praktische les is dat een waarborg niet meer waard is dan het papierwerk erachter. Vraag bij ondertekening het waarborgdocument, controleer of het op uw naam en op uw specifieke betalingen staat, en bewaar het. Een waarborg die in beginsel bestaat maar u nooit is afgegeven, is precies het faalgeval dat deze bepaling moet voorkomen.",,
149,"The obligations described on this page are taken from the first additional provision of Ley 38/1999 as consolidated after Ley 20/2015, and are current as of August 2026. This is general information about how the protection is structured; it is not legal advice, and how it applies to a particular contract is a question for your own lawyer. Nueva Living confirms licence status and guarantee arrangements in writing for a specific project on request.","De op deze pagina beschreven verplichtingen komen uit de eerste aanvullende bepaling van Ley 38/1999 zoals geconsolideerd na Ley 20/2015, en zijn actueel per augustus 2026. Dit is algemene informatie over hoe de bescherming is opgebouwd; het is geen juridisch advies, en hoe zij op een concreet contract uitwerkt is een vraag voor uw eigen advocaat. Nueva Living bevestigt op verzoek schriftelijk de vergunningsstatus en de waarborgregeling van een specifiek project.",,
150,"Spanish law guarantees the money you pay during construction. It does not guarantee all of it, from the moment you pay it, and the gap is where buyers get caught.","Het Spaanse recht waarborgt het geld dat u tijdens de bouw betaalt. Niet alles ervan, en niet vanaf de eerste euro -- en juist in dat gat lopen kopers vast.",,
151,"The guarantee starts at the building licence","De waarborg begint bij de bouwvergunning",,
152,"A guarantee","Een waarborg",,
153,"How Payments Are Staged","Hoe de betalingen gefaseerd zijn",,
154,"Off-Plan Payment Schedules on the Costa del Sol","Betaalschema's bij kopen op plan, Costa del Sol",,
155,"Real staged payment schedules from Costa del Sol developers: reservation fees, the 30% contract stage, construction milestones and the balance at deed.","Echte betaalschema's van ontwikkelaars aan de Costa del Sol: reservering, 30% bij contract, bouwmijlpalen en het saldo bij de akte.",,
156,"Reservation Agreements","Reserveringsovereenkomsten",,
157,"Private purchase contract","Onderhandse koopovereenkomst",,
158,"Request a Payment Structure","Vraag een betaalstructuur aan",,
159,"How off-plan payments are actually staged","Hoe betalingen op plan echt gefaseerd zijn",,
160,"Reservation, contract, build, deed","Reservering, contract, bouw, akte",,
161,"Typically bringing the total paid to 30%, with the reservation usually counted towards it. Some developers stage this as 25% at contract with the balance spread across the build. Signing windows are short -- 15 to 30 days from reservation is normal.","Brengt het betaalde doorgaans op 30%, waarbij de reservering meestal meetelt. Sommige ontwikkelaars maken er 25% bij contract van, met het saldo gespreid over de bouw. Tekentermijnen zijn kort --15 tot 30 dagen na reservering is normaal.",,
162,"Highly variable. Some projects take nothing between contract and completion; others take 10% at a fixed date, or tie payments to certified milestones such as completion of the foundation and of the structure. One project on this site spreads 50% across fifteen monthly payments from the start of works.","Zeer wisselend. Sommige projecten innen niets tussen contract en oplevering; andere 10% op een vaste datum, of koppelen betalingen aan gecertificeerde mijlpalen zoals afronding van fundering en ruwbouw. Eén project op deze site spreidt 50% over vijftien maandtermijnen vanaf de start van de bouw.",,
163,"The balance at the deed of sale, most often 50% to 70%. This is also where the bulk of the tax falls due.","Het saldo bij de notariële akte, meestal 50% tot 70%. Hier valt ook het grootste deel van de belasting.",,
164,"Note that stage payments are quoted plus VAT in most schedules, so the cash required at each stage is higher than the headline percentage. See","Let op: in de meeste schema's staan de termijnen exclusief btw, dus het benodigde bedrag per fase ligt hoger dan het genoemde percentage. Zie",,
165,"what a new-build costs on top of the price","wat nieuwbouw bovenop de prijs kost",,
166,"for how IVA and AJD land across the timeline.","voor hoe IVA en AJD over de tijdlijn vallen.",,
167,"This is worth stating plainly, because it is often blurred: there is no Spanish statute governing reservation agreements. What your reservation fee does, whether it is refundable, and for how long, is whatever your particular reservation document says. It is a contract, and its terms vary between developers.","Dit hoort onomwonden gezegd, want het wordt vaak vaag gehouden: er is geen Spaanse wet over reserveringsovereenkomsten. Wat uw reserveringsvergoeding doet, of zij terugvorderbaar is en hoelang, staat uitsluitend in úw reserveringsdocument. Het is een contract, en de voorwaarden verschillen per ontwikkelaar.",,
168,"That matters more than it sounds, because the statutory guarantee over advance payments only begins once the building licence has been obtained. A reservation paid before that point rests on the contract wording alone. Some agreements make the fee refundable for a defined due-diligence window; others do not. Read it, or have your lawyer read it, before transferring anything -- and see","Dat weegt zwaarder dan het klinkt, want de wettelijke waarborg op vooruitbetalingen ontstaat pas zodra de bouwvergunning is verleend. Een reservering die daarvóór is betaald, rust alleen op de contracttekst. Sommige overeenkomsten maken het bedrag terugvorderbaar binnen een vastgestelde due-diligenceperiode, andere niet. Lees het, of laat uw advocaat het lezen, vóór u iets overmaakt --en zie",,
169,"how the bank guarantee works","hoe de bankgarantie werkt",,
170,"Once the guarantee regime applies, amounts you pay on account must be received through a credit institution and held in a special account, separate from any other class of funds, and may only be drawn for costs arising directly from building those homes. If a developer proposes any other arrangement for staged payments, that is the point to stop and take advice.","Zodra het waarborgregime geldt, moeten uw vooruitbetalingen via een kredietinstelling binnenkomen en op een aparte rekening staan, gescheiden van alle andere middelen, en mogen ze alleen worden aangewend voor kosten die rechtstreeks voortvloeien uit de bouw van die woningen. Stelt een ontwikkelaar een andere constructie voor de termijnen voor, dan is dat het moment om te stoppen en advies in te winnen.",,
171,"The ranges above describe the written schedules held for the projects listed on this site as of August 2026. They are not a rule, and they are not an offer -- an individual developer can and does structure payments differently, and terms change between releases. Nueva Living reconfirms the current payment structure in writing for a specific residence before any reservation.","De bovenstaande marges beschrijven de schriftelijke schema's die per augustus 2026 voor de projecten op deze site beschikbaar zijn. Het is geen regel en geen aanbod --een individuele ontwikkelaar kan de betalingen anders structureren, en voorwaarden wijzigen per fase. Nueva Living bevestigt vóór elke reservering schriftelijk de actuele betaalstructuur van een specifieke woning.",,
172,"Reservation","Reservering",,
173,"Off-Plan Payment Schedules · 2026 Guide","Betaalschema's op plan · Gids 2026",,
174,"At the deed","Bij de akte",,
175,"That depends on their severity and on your contract, and it is a question for your lawyer rather than a rule. What is generally available is completing with reservations recorded, which shifts the start of the periods until those are put right.","Dat hangt af van de ernst ervan en van uw contract, en is eerder een vraag voor uw advocaat dan een regel. Wat doorgaans mogelijk is, is passeren met vastgelegde voorbehouden, waardoor de termijnen pas gaan lopen als die zijn verholpen.",,
176,"IVA at 10% plus AJD at 1.2%, so 11.2% of the price in tax. Both are set by law and neither is negotiable.","10% IVA plus 1,2% AJD, dus 11,2% van de prijs aan belasting. Beide zijn wettelijk vastgelegd en geen van beide is onderhandelbaar.",,
177,"IVA at 10% is charged on each stage payment as you make it, not held back to completion. This is the line most budgets get wrong: the cash required at each stage is the percentage plus a tenth of it again.","De 10% IVA wordt op elke termijn geheven op het moment dat u die betaalt, en niet uitgesteld tot de oplevering. Dit is de post die de meeste budgetten verkeerd inschatten: het benodigde geld per fase is het percentage plus een tiende daarvan.",,
178,"The balance of the price, the AJD in full, notary, Land Registry and your lawyer's fee. This is where the largest single transfer happens.","Het restant van de prijs, de AJD volledig, notaris, Kadaster en het honorarium van uw advocaat. Hier vindt de grootste enkele overboeking plaats.",,
179,"How the Bank Guarantee Works","Hoe de bankgarantie werkt",,
180,"A new-build comes with statutory cover against defects, and it is not one warranty but three, each running for a different length of time and each pointing at a different party. Knowing which clock applies to a given problem is what turns a snagging list from a favour the developer might do into a claim with a legal basis.","Nieuwbouw komt met wettelijke dekking tegen gebreken, en dat is geen enkele garantie maar drie, elk met een eigen looptijd en elk gericht op een andere partij. Weten welke termijn op een bepaald probleem slaat, maakt van een lijst opleverpunten een vordering met rechtsgrond in plaats van een gunst die de ontwikkelaar misschien verleent.",,
181,"All three periods run from the date the works are formally received without reservations -- or, where reservations were made, from the date those are put right. Not from when you move in, and not from the deed.","Alle drie de termijnen lopen vanaf de datum van formele oplevering zonder voorbehoud --of, als er voorbehouden zijn gemaakt, vanaf de datum waarop die zijn verholpen. Niet vanaf uw verhuizing en niet vanaf de akte.",,
182,"The periods and liabilities described here are taken from articles 17 and 19 of Ley 38/1999 and its second additional provision, as consolidated, and are current as of August 2026. This page is general information about how the cover is structured, not legal advice. Whether a particular defect falls in a particular period is a question of fact for your lawyer and, usually, a surveyor. Nueva Living can provide the warranty and insurance documentation held for a specific project on request.","De hier beschreven termijnen en aansprakelijkheden komen uit de artikelen 17 en 19 van Ley 38/1999 en haar tweede aanvullende bepaling, geconsolideerd, en zijn actueel per augustus 2026. Deze pagina is algemene informatie over hoe de dekking is opgebouwd, geen juridisch advies. Of een bepaald gebrek in een bepaalde termijn valt, is een feitelijke vraag voor uw advocaat en meestal een bouwkundige. Nueva Living kan op verzoek de garantie- en verzekeringsdocumentatie van een specifiek project verstrekken.",,
183,"Independent help comparing Costa del Sol developers, contracts, payment schedules and bank guarantees before you reserve an off-plan home.","Onafhankelijke hulp bij het vergelijken van ontwikkelaars, contracten, betaalschema's en bankgaranties vóór u op plan reserveert.",,
184,"With a Mortgage","Met hypotheek",,
185,"After Completion","Na oplevering",,
186,"What a mortgage adds to the total","Wat een hypotheek aan het totaal toevoegt",,
187,"The costs do not arrive together","De kosten komen niet tegelijk",,
188,"The costs that start rather than stop","De kosten die beginnen in plaats van stoppen",,
189,"What buyers ask us about cost","Wat kopers ons over kosten vragen",,
190,"Arrangement fee","Afsluitprovisie",,
191,"AJD on the mortgage","AJD op de hypotheek",,
192,"Community fees","Servicekosten",,
193,"Non-resident income tax","Inkomstenbelasting niet-ingezetenen",,
194,"At reservation","Bij reservering",,
195,"Is the IVA paid in one payment at the end?","Wordt de btw in één keer aan het eind betaald?",,
196,"Can I reclaim the IVA?","Kan ik de btw terugvorderen?",,
197,"If you are borrowing, three of the four costs below fall on you and one does not. The one that does not is the one older guides still list as yours.","Als u leent, komen drie van de vier kosten hieronder voor uw rekening en één niet. Juist die ene noemen oudere gidsen nog altijd de uwe.",,
198,"The tasaci&oacute;n, &euro;300 to &euro;600, paid before the bank will issue a binding offer. The report is valid for six months, and the bank lends against the lower of valuation and price.","De tasaci&oacute;n, € 300 tot € 600, betaalt u voordat de bank een bindend aanbod doet. Het rapport is zes maanden geldig en de bank leent op de laagste van taxatie en prijs.",,
199,"Nothing. The lender has paid the stamp duty on the mortgage deed since Real Decreto-ley 17/2018. Any guide still listing it as a buyer cost predates that change.","Niets. De geldverstrekker betaalt de zegelbelasting op de hypotheekakte sinds Real Decreto-ley 17/2018. Elke gids die dit nog bij de koper legt, dateert van vóór die wijziging.",,
200,"0.5% to 1% of the loan, or a fixed fee, if you use one. Worth it where a broker reaches lenders that price non-resident files differently.","0,5% tot 1% van de lening, of een vast bedrag, als u er een inschakelt. De moeite waard waar een adviseur banken bereikt die dossiers van niet-ingezetenen anders beprijzen.",,
201,"A single percentage makes it sound like one bill at the end. In practice the tax arrives in instalments and the professional fees arrive at the deed.","Eén percentage klinkt als één rekening aan het eind. In de praktijk komt de belasting in termijnen en komen de honoraria bij de akte.",,
202,"Nothing beyond the reservation fee itself, and that counts towards the price rather than sitting on top of it.","Niets meer dan de reserveringsvergoeding zelf, en die telt mee met de prijs in plaats van erbovenop te komen.",,
203,"Acquisition cost is the number people compare. Running cost is the number they live with, and it is knowable before you reserve.","Aanschafkosten zijn het getal dat mensen vergelijken. Vaste lasten zijn het getal waarmee ze leven, en dat is vóór de reservering te kennen.",,
204,"Municipal property tax, charged on the valor catastral rather than the market price, broadly 0.4% to 1.1% of it a year. Because the catastral value is a fraction of what you paid, the bill is usually a few hundred to a couple of thousand euros.","Gemeentelijke onroerendezaakbelasting over de kadastrale waarde in plaats van de marktprijs, grofweg 0,4% tot 1,1% daarvan per jaar. Omdat de kadastrale waarde een fractie is van wat u betaalde, ligt de aanslag meestal tussen enkele honderden en tweeduizend euro.",,
205,"Set per home by participation quota. A development with a spa, heated pools and a concierge costs more to run than a small block, and the community budget exists before you reserve. Ask for it.","Vastgesteld per woning naar breukdeel. Een project met spa, verwarmde zwembaden en conciërge kost meer om te draaien dan een klein blok, en de begroting bestaat vóór u reserveert. Vraag ernaar.",,
206,"Spain taxes an imputed income on a second home even when it is never let, declared on Modelo 210. Residents of the EU and EEA are taxed at 19%, others at 24%.","Spanje belast een fictief inkomen op een tweede woning, ook als die nooit wordt verhuurd, aangegeven via Modelo 210. Inwoners van de EU en EER betalen 19%, anderen 24%.",,
207,"No. IVA is set nationally and AJD by Andaluc&iacute;a, and neither moves on a private purchase. What is negotiable is the legal fee, and the arrangement fee if you borrow.","Nee. De btw wordt landelijk vastgesteld en de AJD door Andalusië, en geen van beide beweegt bij een particuliere aankoop. Onderhandelbaar zijn het advocatenhonorarium en, als u leent, de afsluitprovisie.",,
208,"No. That tax falls on the seller, and on a new-build the seller is the developer. It is a resale question that follows buyers into new-build guides where it does not belong.","Nee. Die belasting valt op de verkoper, en bij nieuwbouw is de verkoper de ontwikkelaar. Het is een doorverkoopvraag die kopers volgt tot in nieuwbouwgidsen waar zij niet thuishoort.",,
209,"No. It is charged on each stage payment as that payment is made. A schedule quoting 30% at contract means 30% plus IVA on that 30%, and the same at every stage after it.","Nee. Zij wordt geheven op elke termijn op het moment dat u die betaalt. Een schema met 30% bij contract betekent 30% plus btw over die 30%, en zo bij elke volgende fase.",,
210,"The Tax Gap","Het belastingverschil",,
211,"Can I get a mortgage on an off-plan purchase?","Kan ik een hypotheek krijgen bij kopen op plan?",,
212,"Can I sell an off-plan unit before completion?","Kan ik een woning op plan vóór oplevering doorverkopen?",,
213,"ITP at 7% and no AJD. Four points lower, on the same price.","ITP van 7% en geen AJD. Vier punten lager, op dezelfde prijs.",,
214,"A resale at the same headline price costs roughly &euro;18,000 less in tax on a &euro;450,000 purchase. An off-plan unit has to be priced meaningfully below the finished comparable before it is the cheaper transaction, not merely the cheaper number.","Bestaande bouw tegen dezelfde vraagprijs kost bij een aankoop van € 450.000 ongeveer € 18.000 minder aan belasting. Een woning op plan moet merkbaar onder het afgebouwde vergelijkingsobject liggen om de goedkopere transactie te zijn, en niet alleen het lagere getal.",,
215,"Unpaid community charges attach to the property itself for the current year and the three preceding ones, and unpaid IBI attaches to it without a time limit of that kind. Your lawyer asks for a certificate of no debt from the community and checks the IBI receipts before you sign.","Onbetaalde servicekosten kleven aan het pand zelf voor het lopende jaar en de drie daaraan voorafgaande, en onbetaalde IBI kleeft eraan zonder zo'n termijn. Uw advocaat vraagt de vereniging om een schuldvrijverklaring en controleert de IBI-aanslagen vóór ondertekening.",,
216,"Where the seller is not resident in Spain, the buyer withholds 3% of the price and pays it to the tax office on the seller's account. It is the buyer's obligation, not the seller's courtesy, and it does not arise at all buying from a developer.","Woont de verkoper niet in Spanje, dan houdt de koper 3% van de prijs in en draagt die voor rekening van de verkoper af aan de fiscus. Het is een plicht van de koper, geen hoffelijkheid van de verkoper, en bij aankoop van een ontwikkelaar speelt zij niet.",,
217,"Extensions, glazed terraces and pool houses added without permission are common and do not always appear in the deed. What is registered, what is built and what was licensed have to agree, and only a search establishes that.","Aanbouwen, beglaasde terrassen en poolhouses zonder vergunning komen vaak voor en staan niet altijd in de akte. Wat geregistreerd is, wat gebouwd is en wat vergund is moeten overeenkomen, en alleen onderzoek stelt dat vast.",,
218,"At the same headline price, no, because the tax is four points higher. Off-plan is cheaper where the price genuinely sits below the finished comparable by more than that, which is a project-by-project question rather than a rule.","Bij dezelfde vraagprijs niet, want de belasting ligt vier punten hoger. Kopen op plan is goedkoper waar de prijs werkelijk méér dan dat onder het afgebouwde vergelijkingsobject ligt, en dat is een vraag per project, geen regel.",,
219,"Yes, but the loan is normally drawn at completion rather than during construction, so the stage payments come out of your own funds. That changes the cash profile more than the total, and it is worth modelling before you reserve.","Ja, maar de lening wordt normaal bij de akte opgenomen en niet tijdens de bouw, dus de termijnen komen uit eigen middelen. Dat verandert het kasprofiel meer dan het totaal, en is het doorrekenen waard vóór u reserveert.",,
220,"Delays of a few months against the original estimate are common. Your contract sets the delivery date and what happens if it is missed, including whether you may terminate or grant an extension, and that clause is worth reading before you sign rather than after.","Vertragingen van enkele maanden ten opzichte van de oorspronkelijke schatting komen vaak voor. Uw contract legt de opleverdatum vast en wat er gebeurt als die niet wordt gehaald, inclusief ontbinding of uitstel, en die clausule leest u vóór de handtekening, niet erna.",,
221,"Sometimes. Whether the contract can be assigned to another buyer, and on what terms and fee, is set by the developer and varies widely. If that is part of your plan, establish it in writing before reserving, not later.","Soms. Of het contract aan een andere koper kan worden overgedragen, tegen welke voorwaarden en vergoeding, bepaalt de ontwikkelaar en dat verschilt sterk. Hoort dat bij uw plan, leg het dan schriftelijk vast vóór de reservering, niet later.",,
222,"What the guarantee actually returns","Wat de waarborg werkelijk teruggeeft",,
223,"Is my reservation fee guaranteed?","Is mijn reserveringsvergoeding gewaarborgd?",,
224,"Who pays for the guarantee?","Wie betaalt de waarborg?",,
225,"Does the guarantee cover a delay, or only non-delivery?","Dekt de waarborg vertraging, of alleen niet-oplevering?",,
226,"Does it transfer if I assign the contract?","Gaat zij over als ik het contract overdraag?",,
227,"A guarantee is not compensation for a purchase that went wrong. It is a return of what you handed over, and knowing its edges is what stops it being mistaken for something wider.","Een waarborg is geen schadevergoeding voor een aankoop die misging. Het is teruggave van wat u afdroeg, en de grenzen ervan kennen voorkomt dat u er meer in leest.",,
228,"The amounts paid on account, the taxes charged on those amounts, and statutory interest from the date each payment was made.","De vooruitbetaalde bedragen, de daarover geheven belastingen en de wettelijke rente vanaf de datum van elke betaling.",,
229,"The gain you expected. If the finished market moved while you waited, the guarantee returns your money and not the difference. It restores your position; it does not deliver the bargain.","De winst die u verwachtte. Bewoog de markt voor afgebouwde woningen terwijl u wachtte, dan geeft de waarborg uw geld terug en niet het verschil. Hij herstelt uw positie; hij levert de koopje niet.",,
230,"Costs you incurred around the purchase -- legal fees, travel, a mortgage arrangement fee already paid. Those sit outside the statutory guarantee and belong to whatever your contract says about them.","Kosten die u rond de aankoop maakte --advocaatkosten, reizen, een al betaalde afsluitprovisie. Die vallen buiten de wettelijke waarborg en hangen af van wat uw contract erover zegt.",,
231,"A guarantee that exists at the level of the development is not the same as one issued for your payments. These are the four things to establish, in this order, and none of them requires taking anyone's word for it.","Een waarborg die op projectniveau bestaat is niet hetzelfde als een die voor úw betalingen is afgegeven. Dit zijn de vier dingen om vast te stellen, in deze volgorde, en geen ervan vraagt u iemand op zijn woord te geloven.",,
232,"Ask whether the building licence has been granted, and for the date. Before that point the statutory guarantee has not yet arisen, however the reservation is described.","Vraag of de bouwvergunning is verleend, en naar de datum. Vóór dat moment is de wettelijke waarborg nog niet ontstaan, hoe de reservering ook wordt genoemd.",,
233,"The contract should identify the credit institution and the special account, and your payments should go there rather than to a general company account. Compare the account on the contract with the one on the payment instruction.","Het contract moet de kredietinstelling en de aparte rekening benoemen, en uw betalingen horen daarheen te gaan in plaats van naar een algemene bedrijfsrekening. Vergelijk de rekening in het contract met die op de betaalopdracht.",,
234,"Ask for the certificate or policy that covers your payments specifically. It should name you, name the unit, and state the amounts. A master policy for the development is the frame, not the cover.","Vraag om het certificaat of de polis die specifiek úw betalingen dekt. Die moet u noemen, de woning benoemen en de bedragen vermelden. Een raampolis voor het project is het kader, niet de dekking.",,
235,"Check the insurer or bank named on it is authorised to operate in Spain. This takes one search and it is the step people skip.","Controleer of de genoemde verzekeraar of bank in Spanje is toegelaten. Dat kost één zoekopdracht, en het is de stap die men overslaat.",,
236,"A guaranteed buyer is not in that queue. The claim runs against the insurer or the bank that issued the guarantee, which is a solvent third party with its own obligation to you, and it does not depend on what the developer has left. That is the difference the paperwork buys, and it is why a guarantee held in your own name matters more than a reassurance that the development is covered.","Een gewaarborgde koper staat niet in die rij. De vordering richt zich tegen de verzekeraar of de bank die de waarborg afgaf, een solvabele derde met een eigen verplichting jegens u, en zij hangt niet af van wat de ontwikkelaar nog heeft. Dat is het verschil dat het papierwerk koopt, en daarom weegt een waarborg op uw naam zwaarder dan de verzekering dat het project gedekt is.",,
237,"Only once the building licence has been granted. Paid before that, it rests on the wording of your reservation agreement instead, which is a contractual protection rather than a statutory one, and it differs between developers.","Pas zodra de bouwvergunning is verleend. Daarvóór betaald berust zij op de tekst van uw reserveringsovereenkomst, een contractuele en geen wettelijke bescherming, en die verschilt per ontwikkelaar.",,
238,"The developer. It is their obligation and their cost, and it should not appear as a charge added to your payments. If it does, ask what it is.","De ontwikkelaar. Het is zijn verplichting en zijn kosten, en het hoort niet als opslag op uw betalingen te verschijnen. Gebeurt dat toch, vraag dan wat het is.",,
239,"It is triggered where construction does not begin, is not finished within the agreed period, or the habitation certificate is not obtained. A delay that runs past the agreed period reaches it; a delay inside that period is a contract question.","Zij wordt geactiveerd als de bouw niet begint, niet binnen de afgesproken termijn klaar is, of de bewoonbaarheidsverklaring uitblijft. Een vertraging voorbij de afgesproken termijn bereikt haar; een vertraging binnen die termijn is een contractvraag.",,
240,"Not automatically in the sense that matters. Where a contract is assigned, the guarantee has to follow the new buyer in writing, and that is a step to confirm rather than assume.","Niet automatisch in de zin die ertoe doet. Bij overdracht van het contract moet de waarborg schriftelijk meegaan naar de nieuwe koper, en dat is een stap om te bevestigen, niet om aan te nemen.",,
241,"What 30% at contract actually costs","Wat 30% bij contract werkelijk kost",,
242,"The cost that is not in the schedule","De kosten die niet in het schema staan",,
243,"What buyers ask us about payments","Wat kopers ons over betalingen vragen",,
244,"At contract, 30%","Bij contract, 30%",,
245,"At the deed, 70%","Bij de akte, 70%",,
246,"Can I negotiate the payment schedule?","Kan ik over het betaalschema onderhandelen?",,
247,"What if I cannot make a stage payment?","Wat als ik een termijn niet kan betalen?",,
248,"Do stage payments go to the developer directly?","Gaan de termijnen rechtstreeks naar de ontwikkelaar?",,
249,"Schedules are quoted net of VAT, so every percentage on them understates the transfer by a tenth. On a &euro;600,000 home the difference is not academic.","Schema's worden exclusief btw opgegeven, dus elk percentage onderschat de overboeking met een tiende. Bij een woning van € 600.000 is dat verschil niet theoretisch.",,
250,"&euro;180,000 net, less the &euro;10,000 already paid, plus 10% IVA on the &euro;180,000. The transfer is &euro;188,000, not &euro;170,000.","€ 180.000 netto, minus de al betaalde € 10.000, plus 10% btw over de € 180.000. De overboeking is € 188.000, niet € 170.000.",,
251,"&euro;420,000 net plus IVA on that, plus the AJD on the full price, plus notary, registry and legal. Around &euro;476,000 before fees.","€ 420.000 netto plus de btw daarover, plus de AJD over de volledige prijs, plus notaris, register en advocaat. Ongeveer € 476.000 vóór honoraria.",,
252,"Two schedules can quote identical percentages and behave completely differently, because what triggers a payment is set by wording rather than by the number beside it.","Twee schema's kunnen dezelfde percentages noemen en zich totaal anders gedragen, omdat wat een betaling in gang zet door de formulering wordt bepaald en niet door het getal ernaast.",,
253,"Where payments follow milestones, the schedule should say who confirms one has been reached. In practice that is the project's technical architect, and the certificate is a document you can ask to see.","Volgen betalingen mijlpalen, dan moet het schema zeggen wie bevestigt dat er één is bereikt. In de praktijk is dat de technisch architect van het project, en het certificaat is een document dat u mag inzien.",,
254,"Fifteen days is common, and it is short if funds have to move across borders. Establish the notice period before you sign rather than discovering it with a payment demand.","Vijftien dagen is gebruikelijk, en dat is kort als geld grenzen over moet. Stel de opzegtermijn vast vóór u tekent in plaats van hem te ontdekken bij een betaalverzoek.",,
255,"Contracts vary widely: interest, a cure period, and in some cases termination with retention of part of what you have paid. This is one of the clauses worth reading closely, because it is the one that costs the most when it applies.","Contracten verschillen sterk: rente, een hersteltermijn en soms ontbinding met inhouding van een deel van wat u betaalde. Dit is een van de clausules om nauwkeurig te lezen, want zij kost het meest wanneer zij van toepassing is.",,
256,"Occasionally offered, and worth weighing carefully: paying ahead of the schedule increases what you have at risk before delivery, and the guarantee covers what you have paid rather than what you were promised in return.","Wordt soms aangeboden en verdient afweging: vooruitlopen op het schema vergroot wat u vóór oplevering in risico heeft, en de waarborg dekt wat u betaalde, niet wat u in ruil is beloofd.",,
257,"They should go to the special account named in your contract, held apart from the developer's other funds, once the guarantee regime applies. Compare the account on the contract against the one on the payment instruction each time.","Ze horen naar de in uw contract genoemde aparte rekening te gaan, gescheiden van de overige middelen van de ontwikkelaar, zodra het waarborgregime geldt. Vergelijk telkens de rekening in het contract met die op de betaalopdracht.",,
258,"Not by itself. Spreading payments helps your cash flow and increases the period over which you are exposed to the build completing. Which matters more depends on your own position, not on the shape of the schedule.","Niet op zichzelf. Betalingen spreiden helpt uw kasstroom en verlengt de periode waarin u afhankelijk bent van de voltooiing. Wat zwaarder weegt hangt af van uw eigen positie, niet van de vorm van het schema.",,
259,"How much does property cost in Marbella?","Wat kost een woning in Marbella?",,
260,"How much does property cost in Estepona?","Wat kost een woning in Estepona?",,
261,"How much does property cost in Casares?","Wat kost een woning in Casares?",,
262,"How much does property cost in Benahavís?","Wat kost een woning in Benahavís?",,
263,"How much does property cost in Nueva Andalucía?","Wat kost een woning in Nueva Andalucía?",,
264,"How much does property cost in Mijas and Fuengirola?","Wat kost een woning in Mijas en Fuengirola?",,
265,"How much does property cost in San Pedro de Alcántara?","Wat kost een woning in San Pedro de Alcántara?",,
266,"It depends on what you are paying for. Guadalmina Baja and the beachside strip between the A-7 and the sea carry the highest prices and the shortest walk to the sand. Guadalmina Alta and the pueblo cost materially less and give you the town instead. Which side of the A-7 you end up on changes daily life more than the price gap suggests.","Dat hangt af van waarvoor u betaalt. Guadalmina Baja en de strook tussen de A-7 en de zee kennen de hoogste prijzen en de kortste wandeling naar het zand. Guadalmina Alta en het oude centrum kosten aanmerkelijk minder en geven u in plaats daarvan de stad. Aan welke kant van de A-7 u terechtkomt verandert het dagelijks leven meer dan het prijsverschil doet vermoeden.",,
267,"The NIE","Het NIE",,
268,"Power of Attorney","Volmacht",,
269,"How off-plan payments are staged","Hoe betalingen op plan worden gefaseerd",,
270,"When do I need the NIE?","Wanneer heb ik het NIE nodig?",,
271,"Do I need a Spanish bank account to buy?","Heb ik een Spaanse bankrekening nodig om te kopen?",,
272,"Why is my lawyer asking where my money came from?","Waarom vraagt mijn advocaat waar mijn geld vandaan komt?",,
273,"Can my lawyer apply for the NIE for me?","Kan mijn advocaat het NIE voor mij aanvragen?",,
274,"Does buying property in Spain make me a tax resident?","Word ik fiscaal inwoner door in Spanje een woning te kopen?",,
275,"A tax identifier for foreign nationals, required for the purchase to be registered in your name. Not a residence permit, and not a declaration of tax residency.","Een fiscaal identificatienummer voor buitenlanders, nodig om de aankoop op uw naam te laten registreren. Geen verblijfsvergunning en geen verklaring van fiscaal inwonerschap.",,
276,"Before the private purchase contract, which on an off-plan purchase comes weeks after reservation rather than months.","Vóór het private koopcontract, dat bij een aankoop op plan weken na de reservering komt en niet maanden.",,
277,"You, in person, or a representative holding a power of attorney that covers it. Both routes are ordinary; the choice is usually about timing.","U, persoonlijk, of een vertegenwoordiger met een volmacht die dit dekt. Beide routes zijn gebruikelijk; de keuze gaat meestal over timing.",,
278,"Before a Spanish notary, in one appointment, usually on the same trip as a viewing.","Bij een Spaanse notaris, in één afspraak, meestal tijdens dezelfde reis als een bezichtiging.",,
279,"Before a notary where you live, then legalised for use in Spain and translated. Plan for it rather than around it.","Bij een notaris waar u woont, daarna gelegaliseerd voor gebruik in Spanje en vertaald. Plan het in in plaats van eromheen.",,
280,"Yes, with a power of attorney authorising someone in Spain to sign for you. It is ordinary practice rather than a workaround. Whether it is the right choice is a separate question, and it usually turns on whether you have seen the setting rather than on the paperwork.","Ja, met een volmacht die iemand in Spanje machtigt namens u te tekenen. Dat is gangbare praktijk, geen omweg. Of het de juiste keuze is, is een andere vraag, en die hangt meestal af van of u de omgeving hebt gezien en niet van het papierwerk.",,
281,"Before the private purchase contract, not at the deed. On an off-plan purchase that contract follows the reservation by a matter of weeks, so the application is worth starting as soon as you reserve rather than once the contract is drafted.","Vóór het private koopcontract, niet bij de akte. Bij een aankoop op plan volgt dat contract de reservering binnen enkele weken, dus start de aanvraag zodra u reserveert en niet pas als het contract is opgesteld.",,
282,"Not to complete the purchase itself. You will want one afterwards, because community fees, IBI and utilities are collected by direct debit from a Spanish account. Opening one requires an NIE, which is why the two run in that order.","Niet om de aankoop zelf af te ronden. U wilt er daarna wel een, omdat servicekosten, IBI en nutsvoorzieningen via automatische incasso van een Spaanse rekening worden geïnd. Openen vereist een NIE, vandaar die volgorde.",,
283,"Because they are required to establish it, as are the notary and the bank. It applies to every buyer and says nothing about you. The only real risk is leaving it late, since the evidence often has to come from an institution in another country on their schedule rather than yours.","Omdat hij dat moet vaststellen, net als de notaris en de bank. Het geldt voor elke koper en zegt niets over u. Het enige echte risico is het laat aanpakken, want het bewijs moet vaak komen van een instelling in een ander land, op hun tempo en niet het uwe.",,
284,"A representative holding a power of attorney that covers it can apply on your behalf. Which route is faster, that or an appointment at your own consulate, depends on the consulate rather than on any general rule, so it is worth asking before choosing.","Een vertegenwoordiger met een volmacht die dit dekt, kan het namens u aanvragen. Welke route sneller is, die of een afspraak bij uw eigen consulaat, hangt af van het consulaat en niet van een algemene regel; vraag het dus voordat u kiest.",,
285,"No. An NIE is an identifier, not a residence permit, and owning a home does not by itself make you resident. Tax residency turns on your own circumstances and is a question for a tax adviser rather than for a property page.","Nee. Een NIE is een identificatienummer, geen verblijfsvergunning, en een woning bezitten maakt u op zichzelf geen inwoner. Fiscaal inwonerschap hangt af van uw eigen situatie en is een vraag voor een belastingadviseur, niet voor een vastgoedpagina.",,
286,"Comparing projects, reviewing floorplans and prices, even a private presentation of a development, all happen remotely. What cannot happen by email is the part that involves the Spanish state and your bank: a tax number, a signature the notary will accept, and money that arrives from a source you can evidence. Each of those has a lead time, and each of them delays a purchase when it is started late rather than early.","Projecten vergelijken, plattegronden en prijzen bekijken, zelfs een privépresentatie van een project: dat gebeurt allemaal op afstand. Wat niet per e-mail gaat, is het deel waar de Spaanse staat en uw bank bij betrokken zijn: een fiscaal nummer, een handtekening die de notaris aanvaardt, en geld dat komt uit een herkomst die u kunt aantonen. Elk daarvan heeft een doorlooptijd, en elk vertraagt de aankoop als het laat in plaats van vroeg wordt gestart.",,
287,"An NIE, N&uacute;mero de Identificaci&oacute;n de Extranjero, is a tax identification number required for any property purchase in Spain by a non-Spanish national. It is not a residence permit and it does not make you a tax resident. It is an identifier, and without one the purchase cannot be registered in your name.","Het NIE, Número de Identificación de Extranjero, is een fiscaal identificatienummer dat vereist is voor elke vastgoedaankoop in Spanje door een niet-Spaanse onderdaan. Het is geen verblijfsvergunning en maakt u geen fiscaal inwoner. Het is een identificatienummer, en zonder dat kan de aankoop niet op uw naam worden geregistreerd.",,
288,"It is needed before you sign the private purchase contract, not at the deed, which is earlier than most buyers assume. Applications are made in person, either at a Spanish consulate in your own country or in Spain, and a representative acting under a power of attorney can apply on your behalf. Which of those routes is quickest depends on your consulate rather than on any general rule, so the sequence to follow is: ask what your consulate currently requires, then start.","Het is nodig vóór de ondertekening van het private koopcontract, niet bij de akte, en dat is eerder dan de meeste kopers aannemen. De aanvraag gebeurt persoonlijk, bij een Spaans consulaat in uw eigen land of in Spanje, en een vertegenwoordiger met volmacht kan die namens u indienen. Welke route het snelst is, hangt af van uw consulaat en niet van een algemene regel: vraag dus eerst wat uw consulaat nu vereist en begin dan.",,
289,"A power of attorney, a poder , authorises someone in Spain to act for you within limits you set. In a property purchase that is usually your lawyer, and it is what allows a contract to be signed and a deed to be completed while you are elsewhere. It is the single document that decides whether the purchase needs you in the country.","Een volmacht, een poder , machtigt iemand in Spanje om binnen de door u gestelde grenzen voor u te handelen. Bij een vastgoedaankoop is dat meestal uw advocaat, en het is wat het mogelijk maakt een contract te tekenen en een akte te passeren terwijl u elders bent. Het is het ene document dat bepaalt of de aankoop u in het land nodig heeft.",,
290,"Spanish banks, notaries and lawyers are required to establish the origin of the funds in a property purchase. This is routine, it applies to everyone, and it is not a judgement about you. It becomes a problem only when it is left until the week of the deed, because the evidence often has to come from institutions in another country and on their timetable.","Spaanse banken, notarissen en advocaten zijn verplicht de herkomst van de middelen bij een vastgoedaankoop vast te stellen. Dat is routine, geldt voor iedereen en is geen oordeel over u. Het wordt pas een probleem als het tot de week van de akte blijft liggen, omdat het bewijs vaak van instellingen in een ander land moet komen en op hún tijdschema.",,
291,"The practical version: whatever the money's history is, it should be documentable from the account it leaves. A sale, a transfer between your own accounts, an inheritance, a bonus. Assemble that early, and the question is answered when it is asked rather than sending you back to a bank abroad at the worst possible moment.","De praktische versie: wat de geschiedenis van het geld ook is, ze moet documenteerbaar zijn vanaf de rekening waar het vandaan komt. Een verkoop, een overboeking tussen uw eigen rekeningen, een erfenis, een bonus. Verzamel dat vroeg, dan is de vraag beantwoord op het moment dat ze wordt gesteld in plaats van u op het slechtst denkbare moment terug te sturen naar een bank in het buitenland.",,
292,"With a power of attorney in place, a purchase can complete without you setting foot in Spain. That is worth knowing, and it is not always worth doing. Two moments repay a trip more than any document does.","Met een volmacht kan een aankoop worden afgerond zonder dat u voet in Spanje zet. Dat is goed om te weten, en het is niet altijd goed om te doen. Twee momenten lonen een reis meer dan welk document ook.",,
293,"This page describes how a purchase from abroad is structured, not the current paperwork of any one consulate. Requirements, appointment availability and the exact documents differ between countries and change without much notice, and the only reliable version is the one your own consulate publishes today. Nueva Living confirms what a specific purchase requires and coordinates the sequence with your lawyer.","Deze pagina beschrijft hoe een aankoop vanuit het buitenland is opgebouwd, niet het actuele papierwerk van één bepaald consulaat. Vereisten, beschikbaarheid van afspraken en de exacte documenten verschillen per land en veranderen zonder veel aankondiging; de enige betrouwbare versie is wat uw eigen consulaat vandaag publiceert. Nueva Living bevestigt wat een specifieke aankoop vereist en stemt de volgorde af met uw advocaat.",,
294,"Two things matter here and they are separate. The first is where the money goes. On an off-plan purchase, payments made before completion must reach the special account named in your contract, not a general company account. That is a legal requirement rather than an administrative preference, and it is covered in full in","Twee dingen tellen hier, en ze staan los van elkaar. Het eerste is waar het geld heen gaat. Bij een aankoop op plan moeten betalingen vóór oplevering terechtkomen op de in uw contract genoemde bijzondere rekening, niet op een algemene bedrijfsrekening. Dat is een wettelijke eis en geen administratieve voorkeur, en het wordt volledig behandeld in",,
295,"The second is what it costs to get there. A staged purchase paid from a currency other than the euro is a series of conversions rather than one, spread across the build, and the schedule says nothing about that.","Het tweede is wat het kost om er te komen. Een gefaseerde aankoop betaald in een andere valuta dan de euro is een reeks omwisselingen in plaats van één, verspreid over de bouw, en het schema zegt daar niets over.",,
296,"A Spanish bank account is not strictly required to complete a purchase, which surprises people. It becomes necessary afterwards, because community fees, IBI and utilities are collected by direct debit from a Spanish account. Opening one takes an NIE, so the sequence runs in the order this page does.","Een Spaanse bankrekening is strikt genomen niet nodig om de aankoop af te ronden, wat mensen verrast. Ze wordt daarna nodig, omdat servicekosten, IBI en nutsvoorzieningen via automatische incasso van een Spaanse rekening worden geïnd. Openen vereist een NIE, dus de volgorde loopt zoals op deze pagina.",,
297,"Buying from Abroad: NIE and Power of Attorney","Kopen vanuit het buitenland: NIE en volmacht",,
298,"Bank Guarantees Explained","Bankgaranties uitgelegd",,
299,"Off-Plan Payment Schedules","Betaalschema’s bij kopen op plan",,
300,"What a purchase actually needs you present for: when the NIE is required, what a power of attorney covers, and how the money reaches the developer.","Waarvoor uw aanwezigheid werkelijk nodig is: wanneer het NIE vereist is, wat een volmacht dekt en hoe het geld bij de ontwikkelaar komt.",,
301,"What actually protects an off-plan deposit under Spanish law, and the point in the timeline at which the statutory guarantee has not started yet.","Wat een aanbetaling bij kopen op plan werkelijk beschermt volgens Spaans recht, en het moment in het traject waarop de wettelijke waarborg nog niet geldt.",,
302,"The staged payment structures the developers on this site have supplied in writing, from reservation through to the balance at deed.","De gefaseerde betaalstructuren die de ontwikkelaars op deze site schriftelijk hebben aangeleverd, van reservering tot het restant bij de akte.",,
303,"Figures reflect currently published developments matching this search and are reconfirmed by Nueva Living before any viewing or reservation.","De cijfers hebben betrekking op de momenteel gepubliceerde projecten die overeenkomen met deze zoekopdracht en worden door Nueva Living opnieuw bevestigd voorafgaand aan elke bezichtiging of reservering.",,
304,"Nueva Living confirms current availability, price list and payment terms directly with the developer.","Nueva Living bevestigt de actuele beschikbaarheid, prijslijst en betalingsvoorwaarden rechtstreeks bij de projectontwikkelaar.",,
305,"Usually, yes. Service charges are typically calculated on built size or a fixed per-unit share, and a penthouse’s larger terrace or solarium generally puts it in a higher share than a mid-floor apartment in the same building. Nueva Living confirms the exact community fee structure for any development before you reserve.","Meestal wel. De gemeenschapskosten worden doorgaans berekend op basis van de bebouwde oppervlakte of een vast aandeel per woning, en het grotere terras of dakterras van een penthouse resulteert over het algemeen in een hoger aandeel dan bij een appartement op een middenverdieping in hetzelfde gebouw. Nueva Living bevestigt de exacte structuur van de gemeenschapskosten voor elk project voordat u reserveert.",,
306,"New-build apartments and penthouses here are typically sold off-plan or under construction, with staged payments through to completion. Nueva Living reconfirms the current price list, floorplans and payment schedule for any development before you shortlist it.","Nieuwbouwappartementen en penthouses worden hier doorgaans op plan of in aanbouw verkocht, met gefaseerde betalingen tot aan de oplevering. Nueva Living bevestigt opnieuw de actuele prijslijst, plattegronden en het betalingsschema van elk project voordat u dit in uw selectie opneemt.",,
307,"Most current releases are off-plan or under construction, sold with staged payments.","De meeste actuele lanceringen zijn op plan of in aanbouw en worden verkocht met gefaseerde betalingen.",,
308,"Current releases are off-plan, sold with staged payments through to completion.","De actuele lanceringen zijn op plan en worden verkocht met gefaseerde betalingen tot aan de oplevering.",,
309,"New-build apartments and penthouses here are typically sold off-plan, with staged payments through to completion. Nueva Living reconfirms the current price list, floorplans and payment schedule for any development before you shortlist it.","Nieuwbouwappartementen en penthouses worden hier doorgaans op plan verkocht, met gefaseerde betalingen tot aan de oplevering. Nueva Living bevestigt opnieuw de actuele prijslijst, plattegronden en het betalingsschema van elk project voordat u dit in uw selectie opneemt.",,
310,"Current releases are under construction, sold with staged payments through to completion.","De actuele lanceringen zijn in aanbouw en worden verkocht met gefaseerde betalingen tot aan de oplevering.",,
311,"What a new-build in Andalucia costs on top of the price: IVA at 10%, AJD at 1.2%, and the notary, registry and legal fees around them.","Wat nieuwbouw in Andalusië bovenop de prijs kost: 10% IVA, 1,2% AJD, en de notaris-, kadaster- en advocaatkosten daaromheen.",,
312,"New-Build Purchase Costs","Aankoopkosten nieuwbouw",,
313,"How buying off-plan and buying a completed resale home actually compare, across price, risk, payment terms and appreciation.","Hoe kopen op plan zich werkelijk verhoudt tot het kopen van een opgeleverde doorverkoopwoning, op het gebied van prijs, risico, betalingsvoorwaarden en waardestijging.",,
314,"Spanish banks lend differently to non-resident buyers than to Spanish residents. Where a resident might get financing up to 80% of a property's value, non-residents are typically capped closer to 70%, and the exact rate, term and how much of your income counts all vary by bank and by your personal financial profile. On top of the mortgage itself, budget for taxes and purchase costs &mdash; transfer tax or VAT, notary, land registry and legal fees &mdash; which typically add another 10-13% on top of the purchase price in Spain.","Spaanse banken verstrekken leningen op een andere manier aan niet-ingezeten kopers dan aan Spaanse ingezetenen. Waar een ingezetene mogelijk financiering krijgt tot 80% van de waarde van een woning, ligt de grens voor niet-ingezetenen doorgaans dichter bij 70%, en het exacte tarief, de looptijd en welk deel van uw inkomen meetelt, variëren per bank en per persoonlijk financieel profiel. Naast de hypotheek zelf dient u rekening te houden met belastingen en aankoopkosten &mdash; overdrachtsbelasting of btw, notaris, kadaster en juridische kosten &mdash; die doorgaans nog eens 10-13% bovenop de aankoopprijs in Spanje toevoegen.",,
315,"Use the calculator below for a realistic starting estimate of your deposit, monthly payment and total cost of buying, based on typical non-resident lending terms. It is a planning tool, not a mortgage offer &mdash; Nueva Living and your mortgage broker will confirm the real numbers once you have a specific property in mind.","Gebruik de rekenmachine hieronder voor een realistische eerste schatting van uw aanbetaling, maandelijkse betaling en totale kosten van de aankoop, gebaseerd op typische leenvoorwaarden voor niet-ingezetenen. Het is een planningsinstrument, geen hypotheekaanbod &mdash; Nueva Living en uw hypotheekadviseur bevestigen de werkelijke cijfers zodra u een specifieke woning op het oog heeft.",,
316,"Set to 30% by default &mdash; as a non-Spanish resident, lenders typically finance up to 70% of the property value. Your own maximum will depend on your bank and financial profile.","Standaard ingesteld op 30% &mdash; als niet-ingezetene in Spanje financieren geldverstrekkers doorgaans tot 70% van de waarde van de woning. Uw eigen maximum hangt af van uw bank en financiële profiel.",,
317,"Mortgage term","Hypotheeklooptijd",,
318,"Taxes &amp; purchase costs","Belastingen en Aankoopkosten",,
319,"Indicative only &mdash; ITP/VAT, notary, registry and legal fees vary by case. Confirm exact costs with your lawyer.","Alleen indicatief &mdash; overdrachtsbelasting/btw, notaris, registratie en juridische kosten variëren per geval. Bevestig de exacte kosten bij uw advocaat.",,
320,"Estimated monthly payment","Geschatte maandelijkse betaling",,
321,"Cash needed without a mortgage","Benodigd Contant Geld zonder Hypotheek",,
322,"Cash needed with a mortgage (deposit + costs)","Benodigd Contant Geld met Hypotheek (aanbetaling + kosten)",,
323,"Mortgage principal","Hoofdsom hypotheek",,
324,"Current releases are off-plan or under construction, sold with staged payments through to completion.","De huidige projecten zijn op plan of in aanbouw en worden verkocht met gespreide betalingen tot aan de oplevering.",,
325,"What you trade is prestige, not access. Malaga airport is closer from here than it is from Marbella, the train line runs to Fuengirola, and the golf courses at Mijas sit minutes inland. Current releases here are under construction or off-plan with staged payments, and Nueva Living reconfirms the price list, floorplans and payment schedule before you shortlist anything.","Wat u inlevert is prestige, geen bereikbaarheid. De luchthaven van Malaga ligt hiervandaan dichterbij dan vanaf Marbella, de trein rijdt tot Fuengirola, en de golfbanen van Mijas liggen minuten landinwaarts. De actuele projecten zijn in aanbouw of op plan met gespreide betaling, en Nueva Living bevestigt prijslijst, plattegronden en betaalschema voordat u iets op uw lijst zet.",,
326,"Every current release is under construction or off-plan, sold with staged payments through to completion.","Alle actuele projecten zijn in aanbouw of op plan, met gespreide betaling tot aan oplevering.",,
327,"Land costs less on this stretch than it does between Marbella and Estepona, and that carries through to the finished price rather than reflecting a difference in build quality. Current releases here run from around EUR 390,000, against EUR 527,500 for the equivalent in Marbella.","Grond kost op dit deel minder dan tussen Marbella en Estepona, en dat werkt door in de eindprijs zonder een verschil in bouwkwaliteit te weerspiegelen. Actuele projecten starten hier rond € 390.000, tegenover € 527.500 voor het equivalent in Marbella.",,
328,"The largest terrace or solarium in the building and the best of the sea or golf view, at a premium over a mid-floor unit. On this coast a penthouse still frequently lands under what a mid-floor apartment costs further west.","Het grootste terras of solarium in het gebouw en het beste zee- of golfzicht, met een premie ten opzichte van een middenverdieping. Aan deze kust blijft een penthouse vaak nog onder wat een appartement op een middenverdieping verder westelijk kost.",,
329,"It is also unusually mixed. Within a few minutes of each other you will find beachside apartment releases from EUR 695,000 and golf-side villa collections up to EUR 3,500,000, which is why this page covers both rather than splitting them. Every current release here is off-plan or under construction with staged payments.","Het is ook ongewoon gemengd. Op enkele minuten van elkaar vindt u appartementen aan zee vanaf € 695.000 en villacollecties aan de golfbaan tot € 3.500.000, en daarom behandelt deze pagina beide in plaats van ze te splitsen. Alle actuele projecten zijn op plan of in aanbouw met gespreide betaling.",,
330,"All current releases are off-plan or under construction, sold with staged payments through to completion.","Alle actuele projecten zijn op plan of in aanbouw, met gespreide betaling tot aan oplevering.",,
331,"Almost all of it falls within the municipality of Estepona, with the Bel Air end closest to the Marbella boundary. For practical purposes -- taxes, licences, town hall -- treat it as Estepona.","Vrijwel alles valt binnen de gemeente Estepona, met het Bel Air-uiteinde het dichtst bij de grens met Marbella. Voor praktische zaken — belastingen, vergunningen, gemeentehuis — behandelt u het als Estepona.",,
332,"They are different in kind rather than degree. An apartment carries a community charge covering shared pools, gardens and lighting. A villa usually carries a smaller community charge but takes on its own pool and garden maintenance directly, which often costs more in total once you add it up.","Ze verschillen in aard, niet in gradatie. Een appartement draagt servicekosten voor gedeelde zwembaden, tuinen en verlichting. Een villa heeft doorgaans lagere servicekosten maar neemt het onderhoud van eigen zwembad en tuin zelf op zich, wat opgeteld vaak meer kost.",,
333,"It also holds the largest concentration of new-build stock on this side of Marbella. The three current releases here run from EUR 690,000, which is roughly where Marbella starts, and they cover apartments, townhouses and villas rather than one format. All are under construction or off-plan with staged payments.","Het herbergt ook de grootste concentratie nieuwbouw aan deze kant van Marbella. De drie huidige projecten starten vanaf € 690.000, ongeveer waar Marbella begint, en omvatten appartementen, rijwoningen en villa’s in plaats van één type. Alle zijn in aanbouw of op plan met gespreide betaling.",,
334,">Mortgage Calculator",">Hypotheekcalculator",,
335,">Legal Notice",">Juridische kennisgeving",,
336,"Information presented on this website is for general marketing purposes only and does not constitute legal, financial or investment advice. Development details, prices and delivery dates are subject to change without notice.","Informatie op deze website is uitsluitend bedoeld voor algemene marketingdoeleinden en vormt geen juridisch, financieel of beleggingsadvies. Projectdetails, prijzen en opleverdata kunnen zonder voorafgaande kennisgeving wijzigen.",,
337,"Completion soonest","Eerstvolgende oplevering",,
338,"Which homes are available, their reservation status, current prices and expected delivery.","Welke woningen beschikbaar zijn, hun reserveringsstatus, actuele prijzen en verwachte oplevering.",,
