id,english,current_sv,suggested_edit,note
1,"dev-fact-value"">Completion Q4 2027 - Q1 2028<","dev-fact-value"">Färdigställande K4 2027 - K1 2028<",,
2,"dev-fact-value"">Completion to be confirmed<","dev-fact-value"">Färdigställande ej bekräftat<",,
3,"dev-fact-value"">Completion Q2 2029<","dev-fact-value"">Färdigställande K2 2029<",,
4,"dev-fact-value"">Completion Q4 2027<","dev-fact-value"">Färdigställande K4 2027<",,
5,"dev-fact-value"">Completion Q3 2027<","dev-fact-value"">Färdigställande K3 2027<",,
6,"dev-fact-value"">Completion Q1 2029<","dev-fact-value"">Färdigställande K1 2029<",,
7,"dev-fact-value"">Completion Q3 2029<","dev-fact-value"">Färdigställande K3 2029<",,
8,"What is an NIE number and do I need one?","Vad är ett NIE-nummer och behöver jag ett?",,
9,"An NIE (Numero de Identificacion de Extranjero) is a tax ID number required for any property purchase in Spain by a non-Spanish national. Nueva Living can guide you through obtaining one before you reserve.","Ett NIE (Número de Identificación de Extranjero) är ett skatteregistreringsnummer som krävs vid alla fastighetsköp i Spanien av en icke-spansk medborgare. Nueva Living kan hjälpa er att skaffa ett innan ni bokar.",,
10,"What costs should I budget for on top of the purchase price?","Vilka kostnader bör jag budgetera för utöver köpeskillingen?",,
11,"Buyers typically budget for transfer tax or VAT, notary fees, land registry fees and legal fees on top of the purchase price. Nueva Living provides a full, current cost breakdown for your chosen residence before you reserve.","Köpare bör vanligtvis budgetera för överlåtelseskatt eller annan skatt, notarieavgifter, avgifter till fastighetsregistret och juridiska kostnader utöver köpeskillingen. Nueva Living tillhandahåller en fullständig, aktuell kostnadsspecifikation för er valda bostad innan ni bokar.",,
12,"Can I get a mortgage in Spain as a non-resident?","Kan jag få bolån i Spanien som icke bosatt?",,
13,"Many Spanish banks offer mortgages to non-resident buyers, typically financing a portion of the purchase price. Exact terms depend on the bank and your personal financial profile.","Många spanska banker erbjuder bolån till icke bosatta köpare och finansierar vanligtvis en del av köpeskillingen. De exakta villkoren beror på banken och er personliga ekonomiska profil.",,
14,"Off-plan means the development is still under construction and is usually sold with staged payments through to completion. A completed property is ready to view and move into now.","Att köpa på ritning innebär att projektet fortfarande är under uppförande och vanligtvis säljs med etappvisa betalningar fram till färdigställandet. En färdigställd bostad är redo att visas och flytta in i direkt.",,
15,"How does the reservation and payment process work?","Hur går boknings- och betalningsprocessen till?",,
16,"Reservation and payment structures vary by development and are set out in full before you reserve. Nueva Living reconfirms the current schedule for your chosen residence at every step.","Bokning- och betalningsstrukturer varierar mellan projekt och redovisas fullständigt innan ni bokar. Nueva Living bekräftar det aktuella schemat för er valda bostad i varje steg.",,
17,"Do I need a lawyer?","Behöver jag en advokat?",,
18,"Yes, we strongly recommend independent legal representation for any property purchase in Spain. Nueva Living can put you in touch with independent lawyers experienced in Costa del Sol property.","Ja, vi rekommenderar starkt oberoende juridisk representation vid alla fastighetsköp i Spanien. Nueva Living kan förmedla kontakt med oberoende advokater med erfarenhet av fastigheter på Costa del Sol.",,
19,"A sea-view render can make almost any development look perfect. We look past the presentation: the exact setting, the developer, the payment terms, the compromises and whether the property will still suit you years from now.","En havsutsiktsrendering kan få nästan vilket projekt som helst att se perfekt ut. Vi ser bortom presentationen: den exakta placeringen, byggherren, betalningsvillkoren, kompromisserna och om bostaden fortfarande kommer att passa er om flera år.",,
20,"From your brief and viewings to negotiation and handover, we keep the moving parts together and coordinate with your independent lawyer.","Från er kravspecifikation och visningar till förhandling och överlämning håller vi samman alla rörliga delar och samordnar med er oberoende advokat.",,
21,"From first enquiry to reservation","Från första förfrågan till bokning",,
22,"We arrange viewings, share the project documents and explain the reservation process.","Vi ordnar visningar, delar projektdokumenten och förklarar bokningsprocessen.",,
23,"We help you check the location, developer, finishes, payment plan and future resale appeal before you choose a home.","Vi hjälper er att granska läget, byggherren, ytskikten, betalningsplanen och den framtida attraktionskraften vid vidareförsäljning innan ni väljer ett hem.",,
24,"We compare prices, orientation, amenities, completion dates and nearby alternatives side by side.","Vi jämför priser, orientering, bekvämligheter, färdigställandedatum och närliggande alternativ sida vid sida.",,
25,"We organise project documents, viewings, reservation details and an introduction to an independent lawyer.","Vi ordnar projektdokument, visningar, bokningsdetaljer och en introduktion till en oberoende advokat.",,
26,"We only flag urgency when availability, pricing or a reservation deadline genuinely changes.","Vi flaggar bara för brådska när tillgänglighet, pris eller en bokningsfrist verkligen förändras.",,
27,"A genuine share of our commission, not a flat finder's fee.","En verklig andel av vår provision, inte ett fast förmedlingsarvode.",,
28,"How buying off-plan and buying a completed resale home actually compare on the Costa del Sol, across price, risk, payment terms and appreciation.","Hur köp på ritning och köp av en färdig begagnad bostad på Costa del Sol faktiskt står sig mot varandra: pris, risk, betalningsvillkor och värdeutveckling.",,
29,"Bank Guarantees on Off-Plan Property · 2026 Guide","Bankgarantier vid köp på ritning · Guide 2026",,
30,"New-Build Purchase Costs in Andalucia · 2026 Guide","Köpkostnader för nyproduktion i Andalusien · Guide 2026",,
31,"What the areas cost","Vad områdena kostar",,
32,"New-build and off-plan purchases follow a different sequence from a resale purchase: staged payments, a private purchase contract, and a developer's construction timeline rather than an immediate move-in date. Seven steps, start to finish.","Nybyggnation och köp av projekt under uppförande följer en annan ordning än ett andrahandsköp: etappvisa betalningar, ett privat köpekontrakt och byggherrens byggtidsplan i stället för ett omedelbart inflyttningsdatum. Sju steg, från start till mål.",,
33,"Steps, Reservation to Keys","Steg, från bokning till nycklar",,
34,"People Involved: You, Nueva Living, Your Lawyer","Inblandade parter: ni, Nueva Living, er advokat",,
35,"Weeks, Reservation to Contract","Veckor, från bokning till kontrakt",,
36,"Off-plan usually means a lower entry price and payments staged over the build period, at the cost of waiting. A completed home costs more upfront but you can see and move into it now. See our full off-plan vs resale comparison for the detail.","Att köpa under uppförande innebär oftast ett lägre startpris och etappvisa betalningar under byggtiden, till priset av väntan. En färdigställd bostad kostar mer i förväg, men ni kan se den och flytta in redan nu. Se vår fullständiga jämförelse mellan köp under uppförande och andrahandsköp för detaljerna.",,
37,"A reservation takes the specific residence off the market while your private purchase contract is prepared, typically within two to four weeks.","En bokning tar bort den specifika bostaden från marknaden medan ert privata köpekontrakt förbereds, vanligtvis inom två till fyra veckor.",,
38,"Pay the reservation amount, which is later credited against the purchase price.","Betala bokningsbeloppet, som senare räknas av mot köpeskillingen.",,
39,"Confirms the reservation terms and what happens to the amount if you do not proceed.","Bekräftar bokningsvillkoren och vad som händer med beloppet om ni inte fullföljer köpet.",,
40,"Good to know: how much is the reservation?","Bra att veta: hur mycket kostar bokningen?",,
41,"It varies by developer and project, from a few thousand euros up to around 1% of the price on some developments. A reservation is not the point of no return, but it is a real commitment -- confirm the terms before you pay it.","Det varierar mellan olika byggherrar och projekt, från några tusen euro upp till omkring 1 % av priset i vissa projekt. En bokning är ingen punkt utan återvändo, men det är ett verkligt åtagande -- bekräfta villkoren innan ni betalar.",,
42,"Sign the Private Purchase Contract","Skriv under det privata köpekontraktet",,
43,"The binding agreement setting out price, payment schedule, specification and delivery terms. You will need an NIE before or shortly after this stage.","Det bindande avtalet som anger pris, betalningsplan, specifikation och leveransvillkor. Ni kommer att behöva ett NIE-nummer före eller strax efter det här steget.",,
44,"Obtain your NIE if you do not already have one, and review the contract.","Skaffa ert NIE-nummer om ni inte redan har ett, och granska kontraktet.",,
45,"What Your Lawyer Does","Vad er advokat gör",,
46,"Reviews the contract terms and confirms the bank guarantee before you sign.","Granskar kontraktsvillkoren och bekräftar bankgarantin innan ni skriver under.",,
47,"For off-plan purchases, payments from this point are usually staged across construction milestones. Spanish law requires developers to bank-guarantee off-plan payments made before completion, so staged payments are protected if the development is not delivered -- confirming that guarantee is in place is one of the checks your lawyer carries out.","Vid köp under uppförande sker betalningar från och med denna punkt vanligtvis etappvis i takt med byggmilstolpar. Spansk lag kräver att byggherrar bankgaranterar betalningar under uppförande som görs före färdigställandet, så etappvisa betalningar är skyddade om projektet inte levereras -- att bekräfta att garantin finns på plats är en av de kontroller er advokat utför.",,
48,"Legal Checks and Independent Representation","Juridiska kontroller och oberoende representation",,
49,"We strongly recommend independent legal representation -- a lawyer acting for you, not the developer or the selling agency.","Vi rekommenderar starkt oberoende juridisk representation -- en advokat som agerar för er, inte för byggherren eller säljande mäklare.",,
50,"Instruct an independent lawyer before signing anything binding.","Anlita en oberoende advokat innan ni skriver under något bindande.",,
51,"Checks the developer's registration and track record, the building licence, land registry status and the bank guarantee.","Kontrollerar byggherrens registrering och meritlista, bygglovet, lagfartsstatus och bankgarantin.",,
52,"Many non-resident buyers arrange a mortgage at this stage. Spanish banks do lend to non-residents, usually financing a portion of the price, though exact terms depend on the bank and your financial profile.","Många icke-bosatta köpare ordnar ett bolån i det här skedet. Spanska banker lånar faktiskt ut till icke-bosatta, vanligtvis genom att finansiera en del av priset, även om de exakta villkoren beror på banken och er ekonomiska profil.",,
53,"Completion and Handover","Slutförande och överlämning",,
54,"Completion happens at the notary, where the final balance is paid and the deed of sale is signed and registered in your name.","Slutförandet sker hos notarien, där slutbetalningen görs och köpebrevet undertecknas och registreras i ert namn.",,
55,"Pay the final balance and sign at the notary.","Betala slutbeloppet och skriv under hos notarien.",,
56,"Confirms the deed of sale and its registration.","Bekräftar köpebrevet och dess registrering.",,
57,"Good to know: warranties and ongoing costs","Bra att veta: garantier och löpande kostnader",,
58,"Spanish building law generally provides for a structural warranty, a shorter warranty on installations, and a one-year warranty on finishes. After completion, budgeting for ongoing costs such as community fees and annual property tax (IBI) becomes part of owning the home.","Spansk byggnadslagstiftning föreskriver i allmänhet en garanti för byggnadskonstruktionen, en kortare garanti för installationer och en ettårig garanti för ytskikt. Efter slutförandet blir det en del av att äga bostaden att budgetera för löpande kostnader som samfällighetsavgifter och årlig fastighetsskatt (IBI).",,
59,"Apply for your NIE","Ansök om ert NIE-nummer",,
60,"Select an independent lawyer","Välj en oberoende advokat",,
61,"Consider a Spanish bank account","Överväg ett spanskt bankkonto",,
62,"NIE","NIE",,
63,"Numero de Identificacion de Extranjero -- a Spanish tax ID number required for any property purchase by a non-Spanish national.","Numero de Identificacion de Extranjero -- ett spanskt skatteregistreringsnummer som krävs för alla fastighetsköp av en person som inte är spansk medborgare.",,
64,"Reservation Agreement","Bokningsavtal",,
65,"The document and payment that takes a specific residence off the market while your private purchase contract is prepared.","Dokumentet och betalningen som tar en specifik bostad från marknaden medan ert privata köpekontrakt förbereds.",,
66,"Private Purchase Contract","Privat köpekontrakt",,
67,"Contrato de compraventa -- the binding agreement setting out price, payment schedule, specification and delivery terms.","Contrato de compraventa -- det bindande avtalet som anger pris, betalningsplan, specifikation och leveransvillkor.",,
68,"Bank Guarantee","Bankgaranti",,
69,"Legally required protection for off-plan payments made before completion, covering you if the development is not delivered.","Lagstadgat skydd för betalningar under uppförande som görs före färdigställandet, som skyddar er om projektet inte levereras.",,
70,"Notary","Notarie",,
71,"The public official before whom the final deed of sale is signed at completion.","Den offentliga tjänstemannen inför vilken det slutliga köpebrevet undertecknas vid slutförandet.",,
72,"The deed of sale signed at the notary and registered in your name at completion.","Köpebrevet som undertecknas hos notarien och registreras i ert namn vid slutförandet.",,
73,"Land Registry","Fastighetsregistret",,
74,"The official record of property ownership and charges, checked by your lawyer before you sign.","Det officiella registret över fastighetsägande och belastningar, som kontrolleras av er advokat innan ni skriver under.",,
75,"This guide is general information about the typical off-plan buying process on the Costa del Sol. It is not legal, tax or financial advice, and does not replace independent professional advice tailored to your situation.","Den här guiden är allmän information om den vanliga köpprocessen för objekt under uppförande på Costa del Sol. Den utgör inte juridisk, skattemässig eller finansiell rådgivning och ersätter inte oberoende professionell rådgivning anpassad efter er situation.",,
76,"Payment","Betalning",,
77,"Completion","Tillträde",,
78,"Staged: a reservation, a larger payment on signing the private purchase contract, further payments at construction milestones, and the balance on completion.","I etapper: en reservation, en större betalning när köpekontraktet skrivs, fler betalningar vid byggetapper, och resten vid tillträdet.",,
79,"Construction and delivery risk: the project could be delayed or, worst case, not completed. Payments made before completion are required by law to be bank-guaranteed.","Bygg- och tillträdesrisk: projektet kan bli försenat eller, i värsta fall, inte färdigställas. Betalningar före tillträdet ska enligt lag vara bankgaranterade.",,
80,"Buying early sometimes means a genuine say in finishes -- flooring, kitchen options, occasionally layout -- depending how far along construction is. That window closes near completion.","Att köpa tidigt ger ibland verkligt inflytande över ytskikten — golv, köksval, ibland planlösning — beroende på hur långt bygget kommit. Det fönstret stängs mot slutet.",,
81,"The case is buying below completed-market price and the value closing that gap by delivery. This depends on the specific project and area performing as expected -- it is not a guarantee.","Tanken är att köpa under marknadspriset för en färdig bostad, och att värdet sluter det gapet till tillträdet. Det förutsätter att just det projektet och området utvecklas som väntat — det är ingen garanti.",,
82,"Completion depends on the developer obtaining the first occupation license and certificate of completion before the deed can be signed at the notary. Your lawyer confirms these are in place before you complete.","Tillträdet förutsätter att byggherren fått inflyttningstillstånd och slutbevis innan köpebrevet kan skrivas hos notarien. Er jurist bekräftar att de finns på plats innan ni tillträder.",,
83,"Costs more upfront, but you are paying for a known quantity: the actual finish, the actual view, the actual noise level, none of which you can fully judge from a floorplan and a render.","Kostar mer i förskott, men ni betalar för något känt: den faktiska finishen, den faktiska utsikten, den faktiska ljudnivån — inget av det går att bedöma fullt ut från en planlösning och en rendering.",,
84,"Simpler: reserve, sign, pay the balance, usually within 30 to 60 days. No construction-linked schedule, and no way to spread the cost over time.","Enklare: reservera, skriv på, betala resten, oftast inom 30 till 60 dagar. Ingen byggkopplad plan, och ingen möjlighet att sprida kostnaden över tid.",,
85,"Can generate rental income or be lived in immediately after completion, with no construction timeline in the way.","Kan ge hyresintäkter eller bebos direkt efter tillträdet, utan byggtid emellan.",,
86,"Already issued and checkable: your lawyer verifies the existing title, license history and any charges on the property at the Land Registry before you sign.","Redan utfärdade och kontrollerbara: er jurist granskar befintlig lagfart, tillståndshistorik och eventuella belastningar i fastighetsregistret innan ni skriver på.",,
87,"Does the bank guarantee cover everything I pay?","Täcker bankgarantin allt jag betalar?",,
88,"It covers payments made ahead of completion specifically. The exact scope and validity of the guarantee for a given project is something to confirm in writing before signing, not something to assume.","Den täcker specifikt betalningar som görs före tillträdet. Exakt omfattning och giltighet för ett visst projekt är något att få skriftligt före undertecknandet, inte något att förutsätta.",,
89,"Off-plan tends to suit buyers who do not need the property immediately, want to spread payments over time, and are comfortable with construction-stage risk in exchange for a lower entry price and, in some cases, a say in the finish.","Att köpa på ritning passar oftast köpare som inte behöver bostaden direkt, vill sprida betalningarna över tid och är bekväma med risken under byggskedet i utbyte mot ett lägre ingångspris och ibland inflytande över finishen.",,
90,"A completed home tends to suit buyers who want to move in, rent out, or simply see exactly what they are buying without waiting or without taking on delivery risk -- often at a higher upfront cost for that certainty.","En färdig bostad passar oftast köpare som vill flytta in, hyra ut eller helt enkelt se exakt vad de köper utan att vänta eller ta tillträdesrisk — ofta till en högre kostnad i förskott för den vissheten.",,
91,"Private Purchase Contract Contrato de compraventa -- the binding agreement setting out price, payment schedule, specification and delivery terms, signed after reservation.","Privat köpekontrakt Contrato de compraventa — det bindande avtalet med pris, betalningsplan, specifikation och tillträdesvillkor, som skrivs efter reservationen.",,
92,"Bank Guarantee Legally required protection for off-plan payments made before completion, covering you if the development is not delivered.","Bankgaranti Lagstadgat skydd för betalningar på ritning som görs före tillträdet, som täcker er om projektet inte levereras.",,
93,"First Occupation License Licencia de primera ocupacion -- the official confirmation a newly built home is fit to be lived in, required before completion.","Inflyttningstillstånd Licencia de primera ocupación — det officiella beskedet att en nybyggd bostad är godkänd att bo i, som krävs före tillträdet.",,
94,"Escritura The deed of sale signed at the notary and registered in your name at completion.","Escritura Köpebrevet som undertecknas hos notarien och registreras i ert namn vid tillträdet.",,
95,"This guide is general information to help you compare off-plan and resale purchases on the Costa del Sol. It is not legal, tax or financial advice, and does not replace independent professional advice tailored to your situation.","Den här guiden är allmän information för att jämföra köp på ritning och begagnat på Costa del Sol. Den är inte juridisk, skattemässig eller finansiell rådgivning och ersätter inte oberoende professionell rådgivning anpassad till er situation.",,
96,"What does it cost to use Nueva Living?","Vad kostar det att anlita Nueva Living?",,
97,"Yes. What we add is the comparison: the availability list as the seller issued it, the purchase costs on top of the asking price, and the checks worth making before you reserve.","Ja. Det vi tillför är jämförelsen: tillgänglighetslistan så som säljaren utfärdat den, köpkostnaderna ovanpå utropspriset och de kontroller som är värda att göra innan ni bokar.",,
98,"Whether it changes what we show you is not something we can settle by claiming otherwise. Read a project page instead: the empty cells where a seller gave us no figure, the purchase costs added on top of the asking price, the two sources printed side by side when they disagree. That is the evidence, and it is the same on every development we publish.","Om det ändrar vad vi visar er är inte något vi kan avgöra genom att påstå motsatsen. Läs hellre en projektsida: de tomma cellerna där säljaren inte gav oss en siffra, köpkostnaderna ovanpå begärt pris, de två källorna bredvid varandra när de säger olika. Det är bevisningen, och den är densamma i varje projekt vi publicerar.",,
99,"Whether the building licence is granted, whether your payments sit behind a bank guarantee, and whether the completion date is contractual or merely indicative.","Om bygglovet är beviljat, om era betalningar täcks av en bankgaranti och om färdigställandedatumet är avtalat eller bara vägledande.",,
100,"Including the parts that cost you money. Where tax adds six figures to the asking price, that is on the page and not left for the notary to mention.","Inklusive det som kostar er pengar. När skatter lägger ett sexsiffrigt belopp på begärt pris står det på sidan, och lämnas inte åt notarien att nämna.",,
101,"Enquiry details may be processed in Nueva Living's customer relationship management system and shared with developers, legal advisers or other service providers only where necessary for a requested enquiry, viewing, reservation or service step. Website measurement events may be processed by Nueva Living's CRM and hosting providers for analytics and technical operation.","Uppgifter om förfrågningar kan behandlas i Nueva Livings CRM-system (kundrelationshantering) och delas med byggherrar, juridiska rådgivare eller andra tjänsteleverantörer endast när det är nödvändigt för en begärd förfrågan, visning, bokning eller servicesteg. Händelser från webbplatsmätning kan behandlas av Nueva Livings CRM- och värdtjänstleverantörer för analys och teknisk drift.",,
102,"Legal Notice","Juridisk information",,
103,"Legal notice draft for Nueva Living.","Utkast till juridisk information för Nueva Living.",,
104,"No Legal Or Financial Advice","Ingen juridisk eller ekonomisk rådgivning",,
105,"This website is presented under the Nueva Living brand and operated by LIORA LIVING SL., Tax ID (NIF) B88827472.","Denna webbplats presenteras under varumärket Nueva Living och drivs av LIORA LIVING SL., organisationsnummer (NIF) B88827472.",,
106,"Information on this website does not constitute legal, financial, tax or investment advice. Buyers should seek independent professional advice before making any property decision.","Informationen på denna webbplats utgör inte juridisk, finansiell, skatte- eller investeringsrådgivning. Köpare bör inhämta oberoende professionell rådgivning innan de fattar beslut om en fastighet.",,
107,"This page explains the main terms in plain language. It should be reviewed by qualified legal counsel before any future material change.","Denna sida förklarar de viktigaste villkoren i vanligt språk. Den bör granskas av kvalificerad juridisk rådgivare innan någon framtida väsentlig ändring görs.",,
108,"Legal","Juridiskt",,
109,"For the one-off taxes and fees due at purchase, see our breakdown of new-build purchase costs in Andalucia .","De engångsskatter och avgifter som betalas vid köpet går vi igenom i vår genomgång av köpkostnaderna för nyproduktion i Andalusien .",,
110,"The two routes are also taxed differently: new-build carries IVA and AJD, resale carries ITP. See what a new-build actually costs in Andalucia for the figures.","De två vägarna beskattas också olika: nyproduktion belastas med IVA och AJD, andrahandsköp med ITP. Se vad nyproduktion faktiskt kostar i Andalusien för siffrorna.",,
111,"New-build in Andalucia in 2026: IVA at 10%, AJD at 1.2%, plus notary, land registry and legal fees, and the reduced stamp-duty rates that can apply.","Nyproduktion i Andalusien 2026: IVA 10%, AJD 1,2%, plus notarie, fastighetsregister och juridiska arvoden, samt de reducerade AJD-satser som kan gälla.",,
112,"Every competitor writes a Spain-wide cost guide quoting 8 to 13 per cent. New-build in Andalucia is a specific number, and it is knowable before you offer.","Alla kostnadsguider för Spanien som helhet anger 8 till 13 procent. Nyproduktion i Andalusien är en bestämd siffra, och den går att räkna ut innan ni lägger bud.",,
113,"Most cost guides for Spain quote a single national range, usually somewhere between 8 and 13 per cent. That range exists because it is averaging two different purchases across seventeen regions. For a new-build in Andaluc&iacute;a the tax side is not a range at all -- it is two fixed rates, and you can work out the number exactly.","De flesta kostnadsguider för Spanien anger ett enda nationellt intervall, oftast mellan 8 och 13 procent. Intervallet finns eftersom det slår ihop två olika slags köp över sjutton regioner. För nyproduktion i Andalusien är skattedelen inget intervall alls — det är två fasta satser, och beloppet går att räkna ut exakt.",,
114,"A new-build bought from the developer is a first transmission, so it carries VAT rather than the transfer tax that applies to a resale. In Andaluc&iacute;a that means two separate taxes on the same purchase.","En nyproducerad bostad som köps av byggherren är en första överlåtelse och beskattas därför med moms i stället för den överlåtelseskatt som gäller vid andrahandsköp. I Andalusien innebär det två separata skatter på samma köp.",,
115,"11.2% on a new-build. For comparison, a resale in Andaluc&iacute;a carries ITP at 7% and no AJD -- so the tax on a new home is roughly four points higher than on an equivalent resale.","11,2% på nyproduktion. Som jämförelse betalar ett andrahandsköp i Andalusien 7% ITP och ingen AJD — skatten på en ny bostad är alltså ungefär fyra punkter högre än på en motsvarande begagnad.",,
116,"Andaluc&iacute;a applies reduced AJD rates in specific circumstances. They are worth checking before you assume the general rate, though most purchases on this coast fall outside them.","Andalusien tillämpar reducerade AJD-satser i vissa fall. Det är värt att kontrollera dem innan man utgår från den allmänna satsen, även om de flesta köp på den här kusten hamnar utanför.",,
117,"Notary and Land Registry fees are set by national tariff, so they do not vary between providers. Legal fees do.","Notarie- och fastighetsregisteravgifter är fastställda i en nationell taxa och varierar därför inte mellan olika aktörer. Juridiska arvoden gör det.",,
118,"Roughly &euro;600 to &euro;1,200 on a typical residential purchase, scaling with the price and the length of the deed. Regulated, so shopping around does not change it.","Ungefär 600–1 200 € vid ett vanligt bostadsköp, beroende på pris och handlingens omfattning. Reglerat, så det går inte att förhandla ned.",,
119,"Typically 1% of the price plus 21% IVA on the fee, or a fixed quote in the &euro;1,500 to &euro;3,000 range for a straightforward purchase. This one is negotiable, and it is the line worth comparing quotes on.","Vanligtvis 1% av priset plus 21% IVA på arvodet, eller en fast offert på 1 500–3 000 € vid ett okomplicerat köp. Den här posten är förhandlingsbar, och den enda där det lönar sig att jämföra offerter.",,
120,"Roughly &euro;4,500 plus IVA at 1%, or a fixed quote","Ungefär 4 500 € plus IVA vid 1%, eller en fast offert",,
121,"Around &euro;57,000, or about 12.5% over the price. Taxes are the fixed &euro;50,400 of that; the rest moves with who you instruct.","Cirka 57 000 €, eller ungefär 12,5% utöver priset. Av det är 50 400 € fasta skatter; resten beror på vilka ni anlitar.",,
122,"That is the acquisition cost. It does not include mortgage arrangement and valuation fees if you are borrowing, furnishing, or the running costs that start after completion -- IBI, community fees and utilities.","Det är förvärvskostnaden. Den omfattar inte uppläggnings- och värderingsavgifter om ni lånar, möblering eller de löpande kostnader som börjar efter tillträdet: IBI, samfällighetsavgifter och el, vatten och avlopp.",,
123,"The IVA rate is national and the AJD rate is set by Andaluc&iacute;a; both can change, and the reduced rates carry conditions that depend on your circumstances. This page is general information about how the costs are structured, not tax or legal advice. Confirm the figures for your own purchase with your lawyer or tax adviser before you commit to anything. Nueva Living provides a written cost breakdown for a specific residence on request.","IVA-satsen är nationell och AJD-satsen bestäms av Andalusien; båda kan ändras, och de reducerade satserna är förenade med villkor som beror på er situation. Den här sidan är allmän information om hur kostnaderna är uppbyggda, inte skatte- eller juridisk rådgivning. Bekräfta siffrorna för ert eget köp med er advokat eller skatterådgivare innan ni binder er. Nueva Living tar på begäran fram en skriftlig kostnadsspecifikation för en bestämd bostad.",,
124,"IVA and AJD, not transfer tax","IVA och AJD, inte överlåtelseskatt",,
125,"What a new-build costs on top of the price","Vad nyproduktion kostar utöver priset",,
126,"When AJD is lower than 1.2%","När AJD är lägre än 1,2%",,
127,"Notary, registry and legal fees","Notarie, register och juridiska arvoden",,
128,"New-Build Purchase Costs in Andalucia","Köpkostnader för nyproduktion i Andalusien",,
129,"Request a Cost Breakdown","Begär en kostnadsspecifikation",,
130,"AJD (stamp duty)","AJD (stämpelskatt)",,
131,"The Two Taxes","De två skatterna",,
132,"IVA at 10%","IVA på 10%",,
133,"AJD at 1.2%","AJD på 1,2%",,
134,"Notary and registry","Notarie och register",,
135,"On Top of Tax","Utöver skatten",,
136,"IVA (VAT)","IVA (moms)",,
137,"Total tax","Total skatt",,
138,"This guide is general information about buying a new-build home on the Costa del Sol. It is not legal, tax or financial advice, and does not replace independent professional advice tailored to your situation.","Den här guiden är allmän information om att köpa en nyproducerad bostad på Costa del Sol. Den utgör inte juridisk, skattemässig eller finansiell rådgivning och ersätter inte oberoende professionell rådgivning anpassad efter er situation.",,
139,"Bank Guarantees on Off-Plan Property in Spain","Bankgarantier vid köp på ritning i Spanien",,
140,"Disclosure in the contract","Uppgift i avtalet",,
141,"Advance payments must be received through a credit institution and deposited in a special account, kept separate from any other class of funds. Money may only leave that account for costs arising directly from the construction of those homes. It is not the developer's working capital.","Förskottsbetalningar ska tas emot via ett kreditinstitut och sättas in på ett särskilt konto, skilt från alla andra medel. Uttag får bara ske för kostnader som uppstår direkt ur byggandet av just dessa bostäder. Det är inte byggherrens rörelsekapital.",,
142,"The purchase contract itself must state the developer's obligation to repay, identify the insurer or guarantor, and identify the credit institution and the account. At signing you should also be handed the document evidencing the guarantee attached to your particular payments.","Själva köpeavtalet ska ange byggherrens återbetalningsskyldighet och identifiera försäkringsgivaren eller garanten, liksom kreditinstitutet och kontot. Vid signering ska ni också få den handling som styrker garantin för just era betalningar.",,
143,"Failing to put the guarantee in place is treated as a consumer-protection infringement, carrying a penalty of up to 25% of the amounts that should have been secured, on top of anything the regional building rules impose.","Att inte ställa garantin behandlas som en konsumentskyddsöverträdelse och kan straffas med upp till 25 % av de belopp som skulle ha säkrats, utöver vad de regionala byggreglerna föreskriver.",,
144,"The obligation to guarantee repayment runs from the point the building licence is obtained -- not from the moment you first pay. This is one of the substantive differences between the current regime and the 1968 law it replaced, and it is the single most practical thing to understand before you reserve.","Skyldigheten att garantera återbetalning löper från det att bygglovet beviljas --inte från er första betalning. Det är en av de sakliga skillnaderna mot 1968 års lag som ersattes, och det praktiskt viktigaste att förstå innan ni reserverar.",,
145,"In plain terms: if you pay a reservation fee on a project whose licence has not yet been granted, that money is not sitting behind the statutory guarantee. It may well be protected by what your contract says instead -- many reservation agreements make the fee refundable during a due-diligence window, and that is a contractual protection, not a legal one. The two are not interchangeable, and only one of them is the same at every developer.","Rakt på sak: betalar ni en reservationsavgift i ett projekt vars bygglov ännu inte beviljats står de pengarna inte bakom den lagstadgade garantin. De kan mycket väl skyddas av vad ert avtal säger i stället --många reservationsavtal gör avgiften återbetalningsbar under en due diligence-period, och det är ett avtalsskydd, inte ett lagskydd. De två är inte utbytbara, och bara det ena är likadant hos varje byggherre.",,
146,"This is not a reason to avoid pre-licence projects. It is a reason to know which category a project is in before you transfer anything, and to have your lawyer read the reservation terms rather than assume the statute covers you. Every project on this site states its licence status in its own trust dossier, in those words, because the distinction changes what your money is standing on.","Det här är inget skäl att undvika projekt utan bygglov. Det är ett skäl att veta vilken kategori ett projekt tillhör innan ni för över något, och att låta er jurist läsa reservationsvillkoren i stället för att utgå från att lagen täcker er. Varje projekt på den här sajten anger sin bygglovsstatus i sitt eget förtroendedossier, med just de orden, eftersom skillnaden avgör vad era pengar vilar på.",,
147,"If construction does not begin, is not finished within the agreed period, or the habitation certificate is not obtained, you may claim back the amounts paid on account -- including the taxes applied to them -- plus statutory interest. You can either terminate the contract or grant the developer an extension, which is recorded as an additional clause setting the new delivery date.","Om bygget inte påbörjas, inte färdigställs inom avtalad tid eller om boendecertifikatet inte erhålls kan ni kräva tillbaka de belopp ni betalat i förskott --inklusive skatterna på dem-- jämte lagstadgad ränta. Ni kan antingen häva avtalet eller ge byggherren anstånd, vilket antecknas i en tilläggsklausul med det nya tillträdesdatumet.",,
148,"The practical lesson is that the guarantee is only as useful as the paperwork behind it. Ask for the guarantee document at signing, check it names you and your specific payments, and keep it. A guarantee that exists in principle but was never issued to you is the failure mode this provision was written to prevent.","Den praktiska lärdomen är att en garanti är värd precis så mycket som pappersarbetet bakom den. Begär garantihandlingen vid signering, kontrollera att den anger er och just era betalningar, och spara den. En garanti som finns i princip men aldrig utfärdats till er är precis det haveri bestämmelsen skrevs för att förhindra.",,
149,"The obligations described on this page are taken from the first additional provision of Ley 38/1999 as consolidated after Ley 20/2015, and are current as of August 2026. This is general information about how the protection is structured; it is not legal advice, and how it applies to a particular contract is a question for your own lawyer. Nueva Living confirms licence status and guarantee arrangements in writing for a specific project on request.","Skyldigheterna som beskrivs på den här sidan är hämtade ur första tilläggsbestämmelsen i Ley 38/1999 i dess konsoliderade lydelse efter Ley 20/2015 och är aktuella per augusti 2026. Detta är allmän information om hur skyddet är uppbyggt; det är inte juridisk rådgivning, och hur det slår mot ett enskilt avtal är en fråga för er egen jurist. Nueva Living bekräftar på begäran skriftligt bygglovsstatus och garantiupplägg för ett bestämt projekt.",,
150,"Spanish law guarantees the money you pay during construction. It does not guarantee all of it, from the moment you pay it, and the gap is where buyers get caught.","Spansk lag garanterar pengarna ni betalar under byggtiden. Inte alla, och inte från första betalningen -- och det är i den luckan köpare fastnar.",,
151,"The guarantee starts at the building licence","Garantin börjar vid bygglovet",,
152,"A guarantee","En garanti",,
153,"How Payments Are Staged","Så fördelas betalningarna",,
154,"Off-Plan Payment Schedules on the Costa del Sol","Betalningsplaner vid köp på ritning",,
155,"Real staged payment schedules from Costa del Sol developers: reservation fees, the 30% contract stage, construction milestones and the balance at deed.","Verkliga betalningsplaner från byggherrar på Costa del Sol: reservation, 30 % vid avtal, byggetapper och resten vid lagfart.",,
156,"Reservation Agreements","Reservationsavtal",,
157,"Private purchase contract","Privat köpeavtal",,
158,"Request a Payment Structure","Begär en betalningsplan",,
159,"How off-plan payments are actually staged","Så fördelas betalningarna vid köp på ritning",,
160,"Reservation, contract, build, deed","Reservation, avtal, bygge, lagfart",,
161,"Typically bringing the total paid to 30%, with the reservation usually counted towards it. Some developers stage this as 25% at contract with the balance spread across the build. Signing windows are short -- 15 to 30 days from reservation is normal.","För normalt upp det betalda till 30 %, där reservationen oftast räknas av. Vissa byggherrar lägger 25 % vid avtal och sprider resten över byggtiden. Signeringsfönstren är korta --15 till 30 dagar från reservation är vanligt.",,
162,"Highly variable. Some projects take nothing between contract and completion; others take 10% at a fixed date, or tie payments to certified milestones such as completion of the foundation and of the structure. One project on this site spreads 50% across fifteen monthly payments from the start of works.","Mycket varierande. Vissa projekt tar ingenting mellan avtal och tillträde; andra tar 10 % på ett fast datum, eller knyter betalningar till besiktigade etapper som färdig grund och stomme. Ett projekt här fördelar 50 % över femton månadsbetalningar från byggstart.",,
163,"The balance at the deed of sale, most often 50% to 70%. This is also where the bulk of the tax falls due.","Resten vid köpebrevet, oftast 50 % till 70 %. Det är också då merparten av skatten förfaller.",,
164,"Note that stage payments are quoted plus VAT in most schedules, so the cash required at each stage is higher than the headline percentage. See","Observera att delbetalningarna i de flesta planer anges exklusive moms, så det kontantbehov varje steg kräver är högre än den angivna procentsatsen. Se",,
165,"what a new-build costs on top of the price","vad en nyproduktion kostar utöver priset",,
166,"for how IVA and AJD land across the timeline.","för hur IVA och AJD fördelar sig över tiden.",,
167,"This is worth stating plainly, because it is often blurred: there is no Spanish statute governing reservation agreements. What your reservation fee does, whether it is refundable, and for how long, is whatever your particular reservation document says. It is a contract, and its terms vary between developers.","Det här bör sägas rakt ut, eftersom det ofta suddas ut: det finns ingen spansk lag om reservationsavtal. Vad er reservationsavgift gör, om den återbetalas och under hur lång tid, är vad just ert reservationsdokument säger. Det är ett avtal, och villkoren skiljer sig mellan byggherrar.",,
168,"That matters more than it sounds, because the statutory guarantee over advance payments only begins once the building licence has been obtained. A reservation paid before that point rests on the contract wording alone. Some agreements make the fee refundable for a defined due-diligence window; others do not. Read it, or have your lawyer read it, before transferring anything -- and see","Det väger tyngre än det låter, för det lagstadgade skyddet för förskott uppstår först när bygglovet beviljats. En reservation som betalats dessförinnan vilar enbart på avtalstexten. Vissa avtal gör avgiften återbetalningsbar under en bestämd due diligence-period, andra inte. Läs det, eller låt er jurist läsa det, innan ni för över något --och se",,
169,"how the bank guarantee works","hur bankgarantin fungerar",,
170,"Once the guarantee regime applies, amounts you pay on account must be received through a credit institution and held in a special account, separate from any other class of funds, and may only be drawn for costs arising directly from building those homes. If a developer proposes any other arrangement for staged payments, that is the point to stop and take advice.","När garantiregimen väl gäller ska era inbetalningar tas emot via ett kreditinstitut och ligga på ett särskilt konto, skilt från alla andra medel, och får bara användas till kostnader som uppstår direkt ur byggandet av just dessa bostäder. Föreslår en byggherre något annat upplägg för delbetalningarna är det där man stannar och tar råd.",,
171,"The ranges above describe the written schedules held for the projects listed on this site as of August 2026. They are not a rule, and they are not an offer -- an individual developer can and does structure payments differently, and terms change between releases. Nueva Living reconfirms the current payment structure in writing for a specific residence before any reservation.","Intervallen ovan beskriver de skriftliga planer som finns för projekten på den här sajten per augusti 2026. De är varken regel eller erbjudande --en enskild byggherre kan lägga upp betalningarna annorlunda, och villkoren ändras mellan etapper. Nueva Living bekräftar skriftligt den gällande betalningsstrukturen för en bestämd bostad före varje reservation.",,
172,"Reservation","Reservation",,
173,"Off-Plan Payment Schedules · 2026 Guide","Betalningsplaner på ritning · Guide 2026",,
174,"At the deed","Vid köpebrevet",,
175,"That depends on their severity and on your contract, and it is a question for your lawyer rather than a rule. What is generally available is completing with reservations recorded, which shifts the start of the periods until those are put right.","Det beror på hur allvarliga de är och på ert avtal, och är snarare en fråga för er jurist än en regel. Det som normalt går är att tillträda med anmärkningarna protokollförda, vilket skjuter fram fristernas start tills de är åtgärdade.",,
176,"IVA at 10% plus AJD at 1.2%, so 11.2% of the price in tax. Both are set by law and neither is negotiable.","IVA på 10 % plus AJD på 1,2 %, alltså 11,2 % av priset i skatt. Båda är fastställda i lag och ingen av dem är förhandlingsbar.",,
177,"IVA at 10% is charged on each stage payment as you make it, not held back to completion. This is the line most budgets get wrong: the cash required at each stage is the percentage plus a tenth of it again.","IVA på 10 % tas ut på varje delbetalning när ni gör den, inte hållen inne till tillträdet. Det är den här posten de flesta budgetar räknar fel på: det som behövs i varje steg är procentsatsen plus en tiondel till.",,
178,"The balance of the price, the AJD in full, notary, Land Registry and your lawyer's fee. This is where the largest single transfer happens.","Resten av köpeskillingen, hela AJD, notarie, fastighetsregistret och ert juridiska ombuds arvode. Det är här den enskilt största överföringen sker.",,
179,"How the Bank Guarantee Works","Så fungerar bankgarantin",,
180,"A new-build comes with statutory cover against defects, and it is not one warranty but three, each running for a different length of time and each pointing at a different party. Knowing which clock applies to a given problem is what turns a snagging list from a favour the developer might do into a claim with a legal basis.","Nyproduktion har lagstadgat skydd mot fel, och det är inte en garanti utan tre, var och en med olika längd och var och en riktad mot olika part. Att veta vilken frist som gäller för ett visst problem är det som gör en besiktningslista till ett anspråk med rättslig grund i stället för en tjänst byggherren kanske gör.",,
181,"All three periods run from the date the works are formally received without reservations -- or, where reservations were made, from the date those are put right. Not from when you move in, and not from the deed.","Alla tre fristerna löper från dagen då arbetet formellt tas emot utan anmärkning --eller, om anmärkningar gjordes, från den dag de är åtgärdade. Inte från inflyttningen och inte från lagfarten.",,
182,"The periods and liabilities described here are taken from articles 17 and 19 of Ley 38/1999 and its second additional provision, as consolidated, and are current as of August 2026. This page is general information about how the cover is structured, not legal advice. Whether a particular defect falls in a particular period is a question of fact for your lawyer and, usually, a surveyor. Nueva Living can provide the warranty and insurance documentation held for a specific project on request.","Fristerna och ansvaret som beskrivs här är hämtade ur artiklarna 17 och 19 i Ley 38/1999 samt dess andra tilläggsbestämmelse, i konsoliderad lydelse, och är aktuella per augusti 2026. Sidan är allmän information om hur skyddet är uppbyggt, inte juridisk rådgivning. Om ett visst fel faller inom en viss frist är en sakfråga för er jurist och oftast en besiktningsman. Nueva Living kan på begäran tillhandahålla den garanti- och försäkringsdokumentation som finns för ett bestämt projekt.",,
183,"Independent help comparing Costa del Sol developers, contracts, payment schedules and bank guarantees before you reserve an off-plan home.","Oberoende hjälp att jämföra byggherrar, avtal, betalningsplaner och bankgarantier innan ni reserverar en bostad på ritning.",,
184,"With a Mortgage","Med bolån",,
185,"After Completion","Efter tillträdet",,
186,"What a mortgage adds to the total","Vad ett bolån lägger till summan",,
187,"The costs do not arrive together","Kostnaderna kommer inte samtidigt",,
188,"The costs that start rather than stop","Kostnaderna som börjar i stället för att sluta",,
189,"What buyers ask us about cost","Vad köpare frågar oss om kostnader",,
190,"Arrangement fee","Uppläggningsavgift",,
191,"AJD on the mortgage","AJD på bolånet",,
192,"Community fees","Föreningsavgift",,
193,"Non-resident income tax","Inkomstskatt för utlandsboende",,
194,"At reservation","Vid reservationen",,
195,"Is the IVA paid in one payment at the end?","Betalas momsen i en klumpsumma på slutet?",,
196,"Can I reclaim the IVA?","Kan jag få tillbaka momsen?",,
197,"If you are borrowing, three of the four costs below fall on you and one does not. The one that does not is the one older guides still list as yours.","Lånar ni faller tre av de fyra kostnaderna nedan på er och en gör det inte. Just den som inte gör det listar äldre guider fortfarande som er.",,
198,"The tasaci&oacute;n, &euro;300 to &euro;600, paid before the bank will issue a binding offer. The report is valid for six months, and the bank lends against the lower of valuation and price.","Värderingen, tasaci&oacute;n, 300 till 600 €, betalas innan banken lämnar ett bindande erbjudande. Utlåtandet gäller sex månader och banken lånar ut mot det lägsta av värdering och pris.",,
199,"Nothing. The lender has paid the stamp duty on the mortgage deed since Real Decreto-ley 17/2018. Any guide still listing it as a buyer cost predates that change.","Ingenting. Långivaren betalar stämpelskatten på pantbrevet sedan Real Decreto-ley 17/2018. Varje guide som fortfarande lägger den på köparen är äldre än den ändringen.",,
200,"0.5% to 1% of the loan, or a fixed fee, if you use one. Worth it where a broker reaches lenders that price non-resident files differently.","0,5 % till 1 % av lånet, eller ett fast arvode, om ni anlitar en. Lönar sig där en förmedlare når banker som prissätter utlandsboendes ärenden annorlunda.",,
201,"A single percentage makes it sound like one bill at the end. In practice the tax arrives in instalments and the professional fees arrive at the deed.","En enda procentsats låter som en räkning på slutet. I praktiken kommer skatten i delbetalningar och arvodena vid köpebrevet.",,
202,"Nothing beyond the reservation fee itself, and that counts towards the price rather than sitting on top of it.","Ingenting utöver själva reservationsavgiften, och den räknas av mot priset i stället för att läggas till.",,
203,"Acquisition cost is the number people compare. Running cost is the number they live with, and it is knowable before you reserve.","Anskaffningskostnaden är siffran man jämför. Driftkostnaden är siffran man lever med, och den går att få veta före reservationen.",,
204,"Municipal property tax, charged on the valor catastral rather than the market price, broadly 0.4% to 1.1% of it a year. Because the catastral value is a fraction of what you paid, the bill is usually a few hundred to a couple of thousand euros.","Kommunal fastighetsskatt på taxeringsvärdet i stället för marknadspriset, ungefär 0,4 % till 1,1 % av det per år. Eftersom taxeringsvärdet är en bråkdel av vad ni betalade landar räkningen oftast mellan några hundra och ett par tusen euro.",,
205,"Set per home by participation quota. A development with a spa, heated pools and a concierge costs more to run than a small block, and the community budget exists before you reserve. Ask for it.","Sätts per bostad efter andelstal. Ett projekt med spa, uppvärmda pooler och concierge kostar mer att driva än ett litet hus, och budgeten finns redan innan ni reserverar. Be om den.",,
206,"Spain taxes an imputed income on a second home even when it is never let, declared on Modelo 210. Residents of the EU and EEA are taxed at 19%, others at 24%.","Spanien beskattar en schablonintäkt på ett andrahem även när det aldrig hyrs ut, deklarerad via Modelo 210. Boende i EU och EES beskattas med 19 %, övriga med 24 %.",,
207,"No. IVA is set nationally and AJD by Andaluc&iacute;a, and neither moves on a private purchase. What is negotiable is the legal fee, and the arrangement fee if you borrow.","Nej. Momsen sätts nationellt och AJD av Andalusien, och ingen av dem rör sig vid ett privatköp. Förhandlingsbart är juristarvodet och, om ni lånar, uppläggningsavgiften.",,
208,"No. That tax falls on the seller, and on a new-build the seller is the developer. It is a resale question that follows buyers into new-build guides where it does not belong.","Nej. Den skatten faller på säljaren, och vid nyproduktion är säljaren byggherren. Det är en andrahandsfråga som följer med köpare in i nyproduktionsguider där den inte hör hemma.",,
209,"No. It is charged on each stage payment as that payment is made. A schedule quoting 30% at contract means 30% plus IVA on that 30%, and the same at every stage after it.","Nej. Den tas ut på varje delbetalning när den görs. En plan som anger 30 % vid avtal betyder 30 % plus moms på de 30 %, och likadant i varje steg därefter.",,
210,"The Tax Gap","Skattegapet",,
211,"Can I get a mortgage on an off-plan purchase?","Kan jag få bolån på ett köp på ritning?",,
212,"Can I sell an off-plan unit before completion?","Kan jag sälja en bostad på ritning före tillträdet?",,
213,"ITP at 7% and no AJD. Four points lower, on the same price.","ITP på 7 % och ingen AJD. Fyra punkter lägre, på samma pris.",,
214,"A resale at the same headline price costs roughly &euro;18,000 less in tax on a &euro;450,000 purchase. An off-plan unit has to be priced meaningfully below the finished comparable before it is the cheaper transaction, not merely the cheaper number.","Ett andrahandsköp till samma utgångspris kostar cirka 18 000 € mindre i skatt vid ett köp på 450 000 €. En bostad på ritning måste ligga tydligt under den färdiga motsvarigheten för att vara den billigare affären, inte bara den lägre siffran.",,
215,"Unpaid community charges attach to the property itself for the current year and the three preceding ones, and unpaid IBI attaches to it without a time limit of that kind. Your lawyer asks for a certificate of no debt from the community and checks the IBI receipts before you sign.","Obetalda föreningsavgifter belastar själva fastigheten för innevarande år och de tre föregående, och obetald IBI belastar den utan någon sådan gräns. Er jurist begär ett intyg om skuldfrihet från föreningen och kontrollerar IBI-avierna före signering.",,
216,"Where the seller is not resident in Spain, the buyer withholds 3% of the price and pays it to the tax office on the seller's account. It is the buyer's obligation, not the seller's courtesy, and it does not arise at all buying from a developer.","Är säljaren inte bosatt i Spanien håller köparen inne 3 % av priset och betalar in dem till skattemyndigheten för säljarens räkning. Det är köparens skyldighet, inte säljarens tjänst, och vid köp av en byggherre uppstår den inte alls.",,
217,"Extensions, glazed terraces and pool houses added without permission are common and do not always appear in the deed. What is registered, what is built and what was licensed have to agree, and only a search establishes that.","Tillbyggnader, inglasade terrasser och poolhus utan bygglov är vanliga och står inte alltid i köpebrevet. Det inskrivna, det byggda och det beviljade måste stämma överens, och bara en kontroll visar det.",,
218,"At the same headline price, no, because the tax is four points higher. Off-plan is cheaper where the price genuinely sits below the finished comparable by more than that, which is a project-by-project question rather than a rule.","Vid samma utgångspris nej, eftersom skatten är fyra punkter högre. Köp på ritning blir billigare där priset faktiskt ligger mer än så under den färdiga motsvarigheten, och det avgörs projekt för projekt, inte som regel.",,
219,"Yes, but the loan is normally drawn at completion rather than during construction, so the stage payments come out of your own funds. That changes the cash profile more than the total, and it is worth modelling before you reserve.","Ja, men lånet betalas normalt ut vid köpebrevet och inte under byggtiden, så delbetalningarna kommer ur egna medel. Det ändrar likviditetsprofilen mer än totalen, och är värt att räkna på före reservationen.",,
220,"Delays of a few months against the original estimate are common. Your contract sets the delivery date and what happens if it is missed, including whether you may terminate or grant an extension, and that clause is worth reading before you sign rather than after.","Förseningar på några månader mot den ursprungliga uppskattningen är vanliga. Ert avtal anger tillträdesdatum och vad som gäller om det missas, inklusive rätten att häva eller ge anstånd, och den klausulen läser man före signering, inte efter.",,
221,"Sometimes. Whether the contract can be assigned to another buyer, and on what terms and fee, is set by the developer and varies widely. If that is part of your plan, establish it in writing before reserving, not later.","Ibland. Om avtalet kan överlåtas till en annan köpare, på vilka villkor och mot vilken avgift, bestäms av byggherren och varierar kraftigt. Är det en del av er plan, få det skriftligt före reservationen, inte efteråt.",,
222,"What the guarantee actually returns","Vad garantin faktiskt betalar tillbaka",,
223,"Is my reservation fee guaranteed?","Är min reservationsavgift garanterad?",,
224,"Who pays for the guarantee?","Vem betalar garantin?",,
225,"Does the guarantee cover a delay, or only non-delivery?","Täcker garantin försening, eller bara utebliven leverans?",,
226,"Does it transfer if I assign the contract?","Följer den med om jag överlåter avtalet?",,
227,"A guarantee is not compensation for a purchase that went wrong. It is a return of what you handed over, and knowing its edges is what stops it being mistaken for something wider.","En garanti är ingen ersättning för ett köp som gick fel. Den är en återbetalning av det ni lämnat ifrån er, och att känna dess gränser är vad som hindrar den från att förväxlas med något större.",,
228,"The amounts paid on account, the taxes charged on those amounts, and statutory interest from the date each payment was made.","De belopp som betalats i förskott, skatterna på dem och lagstadgad ränta från dagen för varje betalning.",,
229,"The gain you expected. If the finished market moved while you waited, the guarantee returns your money and not the difference. It restores your position; it does not deliver the bargain.","Den värdeökning ni räknade med. Rörde sig marknaden för färdiga bostäder medan ni väntade ger garantin tillbaka era pengar, inte mellanskillnaden. Den återställer er position; den levererar inte fyndet.",,
230,"Costs you incurred around the purchase -- legal fees, travel, a mortgage arrangement fee already paid. Those sit outside the statutory guarantee and belong to whatever your contract says about them.","Kostnader ni haft runt köpet --juristarvoden, resor, en redan betald uppläggningsavgift. De ligger utanför den lagstadgade garantin och styrs av vad ert avtal säger.",,
231,"A guarantee that exists at the level of the development is not the same as one issued for your payments. These are the four things to establish, in this order, and none of them requires taking anyone's word for it.","En garanti som finns på projektnivå är inte samma sak som en utfärdad för era betalningar. Det här är de fyra sakerna att fastställa, i den ordningen, och ingen av dem kräver att ni tror någon på orden.",,
232,"Ask whether the building licence has been granted, and for the date. Before that point the statutory guarantee has not yet arisen, however the reservation is described.","Fråga om bygglovet har beviljats, och om datumet. Före den tidpunkten har det lagstadgade skyddet ännu inte uppstått, hur reservationen än beskrivs.",,
233,"The contract should identify the credit institution and the special account, and your payments should go there rather than to a general company account. Compare the account on the contract with the one on the payment instruction.","Avtalet ska ange kreditinstitutet och det särskilda kontot, och era betalningar ska gå dit i stället för till ett allmänt företagskonto. Jämför kontot i avtalet med det på betalningsuppdraget.",,
234,"Ask for the certificate or policy that covers your payments specifically. It should name you, name the unit, and state the amounts. A master policy for the development is the frame, not the cover.","Begär det intyg eller den försäkring som täcker just era betalningar. Den ska namnge er, ange bostaden och beloppen. En ramförsäkring för projektet är ramen, inte skyddet.",,
235,"Check the insurer or bank named on it is authorised to operate in Spain. This takes one search and it is the step people skip.","Kontrollera att försäkringsbolaget eller banken som anges har tillstånd att verka i Spanien. Det tar en sökning, och det är steget folk hoppar över.",,
236,"A guaranteed buyer is not in that queue. The claim runs against the insurer or the bank that issued the guarantee, which is a solvent third party with its own obligation to you, and it does not depend on what the developer has left. That is the difference the paperwork buys, and it is why a guarantee held in your own name matters more than a reassurance that the development is covered.","En köpare med garanti står inte i den kön. Kravet riktas mot försäkringsgivaren eller banken som utfärdade garantin — en solvent tredje part med en egen förpliktelse mot er — och beror inte på vad byggherren har kvar. Det är skillnaden pappersarbetet köper, och därför väger en garanti i ert eget namn tyngre än ett besked om att projektet är täckt.",,
237,"Only once the building licence has been granted. Paid before that, it rests on the wording of your reservation agreement instead, which is a contractual protection rather than a statutory one, and it differs between developers.","Först när bygglovet har beviljats. Betald dessförinnan vilar den på formuleringen i ert reservationsavtal, alltså på avtalsskydd och inte lagskydd, och det skiljer sig mellan byggherrar.",,
238,"The developer. It is their obligation and their cost, and it should not appear as a charge added to your payments. If it does, ask what it is.","Byggherren. Det är deras skyldighet och deras kostnad, och den ska inte dyka upp som ett påslag på era betalningar. Gör den det, fråga vad det är.",,
239,"It is triggered where construction does not begin, is not finished within the agreed period, or the habitation certificate is not obtained. A delay that runs past the agreed period reaches it; a delay inside that period is a contract question.","Den utlöses om bygget inte påbörjas, inte färdigställs inom avtalad tid eller om boendecertifikatet uteblir. En försening förbi den avtalade tiden når den; en försening inom tiden är en avtalsfråga.",,
240,"Not automatically in the sense that matters. Where a contract is assigned, the guarantee has to follow the new buyer in writing, and that is a step to confirm rather than assume.","Inte automatiskt i den mening som spelar roll. Överlåts avtalet måste garantin följa med den nya köparen skriftligt, och det är ett steg att bekräfta, inte att förutsätta.",,
241,"What 30% at contract actually costs","Vad 30 % vid avtal faktiskt kostar",,
242,"The cost that is not in the schedule","Kostnaden som inte står i planen",,
243,"What buyers ask us about payments","Vad köpare frågar oss om betalningar",,
244,"At contract, 30%","Vid avtal, 30 %",,
245,"At the deed, 70%","Vid köpebrevet, 70 %",,
246,"Can I negotiate the payment schedule?","Kan jag förhandla betalningsplanen?",,
247,"What if I cannot make a stage payment?","Tänk om jag inte klarar en delbetalning?",,
248,"Do stage payments go to the developer directly?","Går delbetalningarna direkt till byggherren?",,
249,"Schedules are quoted net of VAT, so every percentage on them understates the transfer by a tenth. On a &euro;600,000 home the difference is not academic.","Planerna anges exklusive moms, så varje procentsats i dem underskattar överföringen med en tiondel. På en bostad för 600 000 € är skillnaden inte akademisk.",,
250,"&euro;180,000 net, less the &euro;10,000 already paid, plus 10% IVA on the &euro;180,000. The transfer is &euro;188,000, not &euro;170,000.","180 000 € netto, minus de 10 000 € som redan betalats, plus 10 % moms på 180 000 €. Överföringen är 188 000 €, inte 170 000 €.",,
251,"&euro;420,000 net plus IVA on that, plus the AJD on the full price, plus notary, registry and legal. Around &euro;476,000 before fees.","420 000 € netto plus momsen på det, plus AJD på hela priset, plus notarie, register och jurist. Omkring 476 000 € före arvoden.",,
252,"Two schedules can quote identical percentages and behave completely differently, because what triggers a payment is set by wording rather than by the number beside it.","Två planer kan ange identiska procentsatser och bete sig helt olika, eftersom det som utlöser en betalning bestäms av formuleringen och inte av siffran bredvid.",,
253,"Where payments follow milestones, the schedule should say who confirms one has been reached. In practice that is the project's technical architect, and the certificate is a document you can ask to see.","Följer betalningarna etapper ska planen ange vem som intygar att en etapp nåtts. I praktiken är det projektets tekniska arkitekt, och intyget är en handling ni kan be att få se.",,
254,"Fifteen days is common, and it is short if funds have to move across borders. Establish the notice period before you sign rather than discovering it with a payment demand.","Femton dagar är vanligt, och det är kort om pengar ska över gränser. Fastställ varselperioden innan ni signerar i stället för att upptäcka den med ett betalningskrav.",,
255,"Contracts vary widely: interest, a cure period, and in some cases termination with retention of part of what you have paid. This is one of the clauses worth reading closely, because it is the one that costs the most when it applies.","Avtalen skiljer sig kraftigt: ränta, en rättelsefrist och ibland hävning med innehållande av en del av det ni betalat. Det är en av de klausuler som är värd noggrann läsning, för den kostar mest när den slår till.",,
256,"Occasionally offered, and worth weighing carefully: paying ahead of the schedule increases what you have at risk before delivery, and the guarantee covers what you have paid rather than what you were promised in return.","Erbjuds ibland och bör vägas noga: att betala före planen ökar det ni har i risk före tillträdet, och garantin täcker det ni betalat, inte det ni lovats i gengäld.",,
257,"They should go to the special account named in your contract, held apart from the developer's other funds, once the guarantee regime applies. Compare the account on the contract against the one on the payment instruction each time.","De ska gå till det särskilda konto som anges i ert avtal, skilt från byggherrens övriga medel, när garantiregimen väl gäller. Jämför varje gång kontot i avtalet med det på betalningsuppdraget.",,
258,"Not by itself. Spreading payments helps your cash flow and increases the period over which you are exposed to the build completing. Which matters more depends on your own position, not on the shape of the schedule.","Inte i sig. Att sprida betalningarna hjälper likviditeten och förlänger perioden då ni är beroende av att bygget blir färdigt. Vilket som väger tyngst beror på er egen situation, inte på planens form.",,
259,"How much does property cost in Marbella?","Vad kostar en bostad i Marbella?",,
260,"How much does property cost in Estepona?","Vad kostar en bostad i Estepona?",,
261,"How much does property cost in Casares?","Vad kostar en bostad i Casares?",,
262,"How much does property cost in Benahavís?","Vad kostar en bostad i Benahavís?",,
263,"How much does property cost in Nueva Andalucía?","Vad kostar en bostad i Nueva Andalucía?",,
264,"How much does property cost in Mijas and Fuengirola?","Vad kostar en bostad i Mijas och Fuengirola?",,
265,"How much does property cost in San Pedro de Alcántara?","Vad kostar en bostad i San Pedro de Alcántara?",,
266,"It depends on what you are paying for. Guadalmina Baja and the beachside strip between the A-7 and the sea carry the highest prices and the shortest walk to the sand. Guadalmina Alta and the pueblo cost materially less and give you the town instead. Which side of the A-7 you end up on changes daily life more than the price gap suggests.","Det beror på vad man betalar för. Guadalmina Baja och remsan mellan A-7 och havet har de högsta priserna och kortast väg till sanden. Guadalmina Alta och det gamla centrumet kostar betydligt mindre och ger staden i stället. Vilken sida av A-7 man hamnar på förändrar vardagen mer än prisskillnaden antyder.",,
267,"The NIE","NIE-numret",,
268,"Power of Attorney","Fullmakt",,
269,"How off-plan payments are staged","Hur betalningar på ritning fördelas",,
270,"When do I need the NIE?","När behöver jag NIE-numret?",,
271,"Do I need a Spanish bank account to buy?","Behöver jag ett spanskt bankkonto för att köpa?",,
272,"Why is my lawyer asking where my money came from?","Varför frågar min jurist varifrån mina pengar kommer?",,
273,"Can my lawyer apply for the NIE for me?","Kan min jurist ansöka om NIE åt mig?",,
274,"Does buying property in Spain make me a tax resident?","Blir jag skatterättsligt bosatt av att köpa bostad i Spanien?",,
275,"A tax identifier for foreign nationals, required for the purchase to be registered in your name. Not a residence permit, and not a declaration of tax residency.","En skatteidentifiering för utländska medborgare, som krävs för att köpet ska skrivas i ert namn. Inte ett uppehållstillstånd och ingen förklaring om skatterättslig hemvist.",,
276,"Before the private purchase contract, which on an off-plan purchase comes weeks after reservation rather than months.","Före det privata köpekontraktet, som vid köp på ritning kommer veckor efter reservationen snarare än månader.",,
277,"You, in person, or a representative holding a power of attorney that covers it. Both routes are ordinary; the choice is usually about timing.","Ni själva, på plats, eller ett ombud med en fullmakt som täcker det. Båda vägarna är vanliga; valet handlar oftast om tidsplanen.",,
278,"Before a Spanish notary, in one appointment, usually on the same trip as a viewing.","Inför spansk notarie, vid ett besök, oftast under samma resa som en visning.",,
279,"Before a notary where you live, then legalised for use in Spain and translated. Plan for it rather than around it.","Inför notarie där ni bor, därefter legaliserad för användning i Spanien och översatt. Planera för det i stället för runt det.",,
280,"Yes, with a power of attorney authorising someone in Spain to sign for you. It is ordinary practice rather than a workaround. Whether it is the right choice is a separate question, and it usually turns on whether you have seen the setting rather than on the paperwork.","Ja, med en fullmakt som ger någon i Spanien rätt att skriva under åt er. Det är vanlig praxis, inte en genväg. Om det är rätt val är en annan fråga, och den hänger oftast på om ni sett miljön snarare än på pappersarbetet.",,
281,"Before the private purchase contract, not at the deed. On an off-plan purchase that contract follows the reservation by a matter of weeks, so the application is worth starting as soon as you reserve rather than once the contract is drafted.","Före det privata köpekontraktet, inte vid köpebrevet. Vid köp på ritning kommer det kontraktet några veckor efter reservationen, så ansökan bör påbörjas när ni reserverar och inte när kontraktet är skrivet.",,
282,"Not to complete the purchase itself. You will want one afterwards, because community fees, IBI and utilities are collected by direct debit from a Spanish account. Opening one requires an NIE, which is why the two run in that order.","Inte för att slutföra själva köpet. Ni vill ha ett efteråt, eftersom samfällighetsavgifter, IBI och el och vatten dras via autogiro från ett spanskt konto. Att öppna ett kräver NIE, och därför går de två i den ordningen.",,
283,"Because they are required to establish it, as are the notary and the bank. It applies to every buyer and says nothing about you. The only real risk is leaving it late, since the evidence often has to come from an institution in another country on their schedule rather than yours.","För att hen är skyldig att fastställa det, liksom notarien och banken. Det gäller varje köpare och säger ingenting om er. Den enda verkliga risken är att skjuta upp det, eftersom underlagen ofta måste komma från en institution i ett annat land och i deras takt, inte er.",,
284,"A representative holding a power of attorney that covers it can apply on your behalf. Which route is faster, that or an appointment at your own consulate, depends on the consulate rather than on any general rule, so it is worth asking before choosing.","Ett ombud med en fullmakt som täcker det kan ansöka åt er. Vilken väg som är snabbast, den eller en tid på ert eget konsulat, beror på konsulatet och inte på någon allmän regel, så det är värt att fråga innan ni väljer.",,
285,"No. An NIE is an identifier, not a residence permit, and owning a home does not by itself make you resident. Tax residency turns on your own circumstances and is a question for a tax adviser rather than for a property page.","Nej. NIE är en identifiering, inte ett uppehållstillstånd, och att äga en bostad gör er inte i sig bosatta. Skatterättslig hemvist avgörs av era egna förhållanden och är en fråga för en skatterådgivare, inte för en fastighetssida.",,
286,"Comparing projects, reviewing floorplans and prices, even a private presentation of a development, all happen remotely. What cannot happen by email is the part that involves the Spanish state and your bank: a tax number, a signature the notary will accept, and money that arrives from a source you can evidence. Each of those has a lead time, and each of them delays a purchase when it is started late rather than early.","Att jämföra projekt, gå igenom planritningar och priser, till och med en privat projektpresentation — allt det sker på distans. Det som inte går via mejl är den del där spanska staten och er bank är inblandade: ett skattenummer, en underskrift som notarien godtar, och pengar som kommer från ett ursprung ni kan styrka. Var och en av dem har en ledtid, och var och en försenar köpet när man börjar sent i stället för tidigt.",,
287,"An NIE, N&uacute;mero de Identificaci&oacute;n de Extranjero, is a tax identification number required for any property purchase in Spain by a non-Spanish national. It is not a residence permit and it does not make you a tax resident. It is an identifier, and without one the purchase cannot be registered in your name.","NIE, Número de Identificación de Extranjero, är ett skatteidentifikationsnummer som krävs för varje fastighetsköp i Spanien av en icke-spansk medborgare. Det är inte ett uppehållstillstånd och det gör er inte skatterättsligt bosatta. Det är en identifiering, och utan den kan köpet inte skrivas i ert namn.",,
288,"It is needed before you sign the private purchase contract, not at the deed, which is earlier than most buyers assume. Applications are made in person, either at a Spanish consulate in your own country or in Spain, and a representative acting under a power of attorney can apply on your behalf. Which of those routes is quickest depends on your consulate rather than on any general rule, so the sequence to follow is: ask what your consulate currently requires, then start.","Det behövs innan ni skriver under det privata köpekontraktet, inte vid köpebrevet — alltså tidigare än de flesta köpare antar. Ansökan görs personligen, antingen vid ett spanskt konsulat i ert eget land eller i Spanien, och ett ombud med fullmakt kan ansöka åt er. Vilken av vägarna som är snabbast beror på ert konsulat och inte på någon allmän regel, så ordningen är: fråga vad ert konsulat kräver i dag, och börja sedan.",,
289,"A power of attorney, a poder , authorises someone in Spain to act for you within limits you set. In a property purchase that is usually your lawyer, and it is what allows a contract to be signed and a deed to be completed while you are elsewhere. It is the single document that decides whether the purchase needs you in the country.","En fullmakt, ett poder , ger någon i Spanien rätt att handla för er inom de gränser ni sätter. Vid ett bostadsköp är det oftast er jurist, och det är det som gör att ett kontrakt kan skrivas under och ett köpebrev fullbordas medan ni är någon annanstans. Det är det enda dokument som avgör om köpet kräver er i landet.",,
290,"Spanish banks, notaries and lawyers are required to establish the origin of the funds in a property purchase. This is routine, it applies to everyone, and it is not a judgement about you. It becomes a problem only when it is left until the week of the deed, because the evidence often has to come from institutions in another country and on their timetable.","Spanska banker, notarier och jurister är skyldiga att fastställa medlens ursprung vid ett fastighetsköp. Det är rutin, gäller alla och är inget omdöme om er. Det blir ett problem först när det lämnas till veckan för köpebrevet, eftersom underlagen ofta måste komma från institutioner i ett annat land och efter deras tidplan.",,
291,"The practical version: whatever the money's history is, it should be documentable from the account it leaves. A sale, a transfer between your own accounts, an inheritance, a bonus. Assemble that early, and the question is answered when it is asked rather than sending you back to a bank abroad at the worst possible moment.","Den praktiska varianten: vilken historia pengarna än har ska den gå att dokumentera från det konto de lämnar. En försäljning, en överföring mellan egna konton, ett arv, en bonus. Samla ihop det tidigt, så är frågan besvarad när den ställs i stället för att skicka er tillbaka till en bank utomlands i sämsta tänkbara läge.",,
292,"With a power of attorney in place, a purchase can complete without you setting foot in Spain. That is worth knowing, and it is not always worth doing. Two moments repay a trip more than any document does.","Med en fullmakt på plats kan ett köp fullbordas utan att ni sätter er fot i Spanien. Det är värt att veta, och det är inte alltid värt att göra. Två tillfällen betalar tillbaka en resa bättre än något dokument gör.",,
293,"This page describes how a purchase from abroad is structured, not the current paperwork of any one consulate. Requirements, appointment availability and the exact documents differ between countries and change without much notice, and the only reliable version is the one your own consulate publishes today. Nueva Living confirms what a specific purchase requires and coordinates the sequence with your lawyer.","Den här sidan beskriver hur ett köp från utlandet är uppbyggt, inte det aktuella pappersarbetet vid något enskilt konsulat. Krav, tillgång till tider och exakta handlingar skiljer sig mellan länder och ändras utan större förvarning, och den enda tillförlitliga versionen är den ert eget konsulat publicerar i dag. Nueva Living bekräftar vad ett bestämt köp kräver och samordnar ordningen med er jurist.",,
294,"Two things matter here and they are separate. The first is where the money goes. On an off-plan purchase, payments made before completion must reach the special account named in your contract, not a general company account. That is a legal requirement rather than an administrative preference, and it is covered in full in","Två saker spelar roll här, och de är skilda. Den första är vart pengarna går. Vid köp på ritning måste betalningar före tillträdet nå det särskilda konto som anges i ert avtal, inte ett allmänt företagskonto. Det är ett lagkrav och inte en administrativ preferens, och det behandlas i sin helhet i",,
295,"The second is what it costs to get there. A staged purchase paid from a currency other than the euro is a series of conversions rather than one, spread across the build, and the schedule says nothing about that.","Den andra är vad det kostar att få dem dit. Ett etappvis köp som betalas i en annan valuta än euro är en serie växlingar i stället för en, utspridda över byggtiden, och betalningsplanen säger ingenting om det.",,
296,"A Spanish bank account is not strictly required to complete a purchase, which surprises people. It becomes necessary afterwards, because community fees, IBI and utilities are collected by direct debit from a Spanish account. Opening one takes an NIE, so the sequence runs in the order this page does.","Ett spanskt bankkonto krävs strängt taget inte för att slutföra köpet, vilket överraskar. Det blir nödvändigt efteråt, eftersom samfällighetsavgifter, IBI och el och vatten dras via autogiro från ett spanskt konto. Att öppna ett kräver NIE, så ordningsföljden går som på den här sidan.",,
297,"Buying from Abroad: NIE and Power of Attorney","Köpa från utlandet: NIE och fullmakt",,
298,"Bank Guarantees Explained","Bankgarantier förklarade",,
299,"Off-Plan Payment Schedules","Betalningsplaner vid köp på ritning",,
300,"What a purchase actually needs you present for: when the NIE is required, what a power of attorney covers, and how the money reaches the developer.","Vad ni faktiskt måste vara på plats för: när NIE krävs, vad en fullmakt täcker och hur pengarna når byggherren.",,
301,"What actually protects an off-plan deposit under Spanish law, and the point in the timeline at which the statutory guarantee has not started yet.","Vad som faktiskt skyddar en handpenning vid köp på ritning enligt spansk lag, och den punkt i förloppet där det lagstadgade skyddet ännu inte gäller.",,
302,"The staged payment structures the developers on this site have supplied in writing, from reservation through to the balance at deed.","De betalningsplaner som byggherrarna på den här sajten lämnat skriftligt, från reservation till resten vid köpebrevet.",,
303,"Figures reflect currently published developments matching this search and are reconfirmed by Nueva Living before any viewing or reservation.","Siffrorna avser för närvarande publicerade projekt som matchar denna sökning och bekräftas på nytt av Nueva Living innan visning eller bokning.",,
304,"Nueva Living confirms current availability, price list and payment terms directly with the developer.","Nueva Living bekräftar aktuell tillgänglighet, prislista och betalningsvillkor direkt med byggherren.",,
305,"Usually, yes. Service charges are typically calculated on built size or a fixed per-unit share, and a penthouse’s larger terrace or solarium generally puts it in a higher share than a mid-floor apartment in the same building. Nueva Living confirms the exact community fee structure for any development before you reserve.","Vanligtvis ja. Gemensamhetsavgifter beräknas oftast utifrån byggnadsyta eller en fast andel per enhet, och en takvånings större terrass eller solarium innebär vanligtvis en högre andel än en lägenhet på ett mellanplan i samma byggnad. Nueva Living bekräftar den exakta avgiftsstrukturen för alla projekt innan ni bokar.",,
306,"New-build apartments and penthouses here are typically sold off-plan or under construction, with staged payments through to completion. Nueva Living reconfirms the current price list, floorplans and payment schedule for any development before you shortlist it.","Nybyggda lägenheter och takvåningar säljs här vanligtvis på ritning eller under uppförande, med etappvisa betalningar fram till färdigställandet. Nueva Living bekräftar på nytt den aktuella prislistan, planritningar och betalningsplanen för alla projekt innan ni tar med det i ert urval.",,
307,"Most current releases are off-plan or under construction, sold with staged payments.","De flesta aktuella lanseringar säljs på ritning eller är under uppförande, med etappvisa betalningar.",,
308,"Current releases are off-plan, sold with staged payments through to completion.","Aktuella lanseringar säljs på ritning, med etappvisa betalningar fram till färdigställandet.",,
309,"New-build apartments and penthouses here are typically sold off-plan, with staged payments through to completion. Nueva Living reconfirms the current price list, floorplans and payment schedule for any development before you shortlist it.","Nybyggda lägenheter och takvåningar säljs här vanligtvis på ritning, med etappvisa betalningar fram till färdigställandet. Nueva Living bekräftar på nytt den aktuella prislistan, planritningar och betalningsplanen för alla projekt innan ni tar med det i ert urval.",,
310,"Current releases are under construction, sold with staged payments through to completion.","Aktuella lanseringar är under uppförande och säljs med etappvisa betalningar fram till färdigställandet.",,
311,"What a new-build in Andalucia costs on top of the price: IVA at 10%, AJD at 1.2%, and the notary, registry and legal fees around them.","Vad nyproduktion i Andalusien kostar utöver priset: IVA 10%, AJD 1,2% och avgifterna för notarie, register och juridik.",,
312,"New-Build Purchase Costs","Köpkostnader för nyproduktion",,
313,"How buying off-plan and buying a completed resale home actually compare, across price, risk, payment terms and appreciation.","Hur köp på ritning faktiskt jämförs med att köpa en färdigställd andrahandsbostad, avseende pris, risk, betalningsvillkor och värdeökning.",,
314,"Spanish banks lend differently to non-resident buyers than to Spanish residents. Where a resident might get financing up to 80% of a property's value, non-residents are typically capped closer to 70%, and the exact rate, term and how much of your income counts all vary by bank and by your personal financial profile. On top of the mortgage itself, budget for taxes and purchase costs &mdash; transfer tax or VAT, notary, land registry and legal fees &mdash; which typically add another 10-13% on top of the purchase price in Spain.","Spanska banker lånar ut på olika sätt till icke-bosatta köpare jämfört med spanska invånare. Där en bosatt person kan få finansiering upp till 80% av en fastighets värde är icke-bosatta vanligtvis begränsade till närmare 70%, och den exakta räntan, löptiden och hur stor del av er inkomst som räknas varierar mellan banker och ert personliga ekonomiska profil. Utöver själva bolånet bör ni budgetera för skatter och köpkostnader &mdash; överlåtelseskatt eller annan skatt, notarie, fastighetsregister och juridiska avgifter &mdash; som vanligtvis lägger till ytterligare 10-13% ovanpå köpeskillingen i Spanien.",,
315,"Use the calculator below for a realistic starting estimate of your deposit, monthly payment and total cost of buying, based on typical non-resident lending terms. It is a planning tool, not a mortgage offer &mdash; Nueva Living and your mortgage broker will confirm the real numbers once you have a specific property in mind.","Använd kalkylatorn nedan för en realistisk uppskattning av er kontantinsats, månadsbetalning och den totala kostnaden för köpet, baserat på typiska lånevillkor för icke-bosatta. Det är ett planeringsverktyg, inte ett låneerbjudande &mdash; Nueva Living och er bolånemäklare bekräftar de verkliga siffrorna när ni har en specifik fastighet i åtanke.",,
316,"Set to 30% by default &mdash; as a non-Spanish resident, lenders typically finance up to 70% of the property value. Your own maximum will depend on your bank and financial profile.","Inställt på 30% som standard &mdash; som icke-bosatt i Spanien finansierar långivare vanligtvis upp till 70% av fastighetens värde. Ert eget maximum beror på er bank och ekonomiska profil.",,
317,"Mortgage term","Lånets löptid",,
318,"Taxes &amp; purchase costs","Skatter och köpkostnader",,
319,"Indicative only &mdash; ITP/VAT, notary, registry and legal fees vary by case. Confirm exact costs with your lawyer.","Endast vägledande &mdash; ITP/skatt, notarie, registrering och juridiska avgifter varierar från fall till fall. Bekräfta exakta kostnader med er advokat.",,
320,"Estimated monthly payment","Beräknad månadsbetalning",,
321,"Cash needed without a mortgage","Kontanter som behövs utan bolån",,
322,"Cash needed with a mortgage (deposit + costs)","Kontanter som behövs med bolån (kontantinsats + kostnader)",,
323,"Mortgage principal","Lånebelopp (Kapital)",,
324,"Current releases are off-plan or under construction, sold with staged payments through to completion.","De aktuella projekten säljs på ritning eller under byggnation, med etappvisa betalningar fram till tillträdet.",,
325,"What you trade is prestige, not access. Malaga airport is closer from here than it is from Marbella, the train line runs to Fuengirola, and the golf courses at Mijas sit minutes inland. Current releases here are under construction or off-plan with staged payments, and Nueva Living reconfirms the price list, floorplans and payment schedule before you shortlist anything.","Det man ger upp är prestige, inte tillgänglighet. Málagas flygplats ligger närmare härifrån än från Marbella, tåget går till Fuengirola, och golfbanorna i Mijas ligger några minuter inåt land. De aktuella projekten är under uppförande eller säljs på ritning med etappvisa betalningar, och Nueva Living bekräftar prislista, planritningar och betalplan innan ni kortlistar något.",,
326,"Every current release is under construction or off-plan, sold with staged payments through to completion.","Samtliga aktuella projekt är under uppförande eller säljs på ritning, med etappvisa betalningar fram till tillträdet.",,
327,"Land costs less on this stretch than it does between Marbella and Estepona, and that carries through to the finished price rather than reflecting a difference in build quality. Current releases here run from around EUR 390,000, against EUR 527,500 for the equivalent in Marbella.","Marken kostar mindre på den här sträckan än mellan Marbella och Estepona, och det slår igenom på slutpriset utan att spegla någon skillnad i byggkvalitet. Aktuella projekt startar här kring 390 000 €, mot 527 500 € för motsvarande i Marbella.",,
328,"The largest terrace or solarium in the building and the best of the sea or golf view, at a premium over a mid-floor unit. On this coast a penthouse still frequently lands under what a mid-floor apartment costs further west.","Den största terrassen eller solariet i huset och den bästa hav- eller golfutsikten, med ett påslag mot en mellanvåning. På den här kusten hamnar en takvåning fortfarande ofta under vad en mellanvåningslägenhet kostar längre västerut.",,
329,"It is also unusually mixed. Within a few minutes of each other you will find beachside apartment releases from EUR 695,000 and golf-side villa collections up to EUR 3,500,000, which is why this page covers both rather than splitting them. Every current release here is off-plan or under construction with staged payments.","Sträckan är dessutom ovanligt blandad. Några minuter från varandra finns lägenheter vid stranden från 695 000 € och villakollektioner vid golfbanan upp till 3 500 000 €, och därför täcker den här sidan båda i stället för att dela upp dem. Samtliga aktuella projekt säljs på ritning eller är under uppförande med etappvisa betalningar.",,
330,"All current releases are off-plan or under construction, sold with staged payments through to completion.","Samtliga aktuella projekt säljs på ritning eller är under uppförande, med etappvisa betalningar fram till tillträdet.",,
331,"Almost all of it falls within the municipality of Estepona, with the Bel Air end closest to the Marbella boundary. For practical purposes -- taxes, licences, town hall -- treat it as Estepona.","Nästan allt ligger i Esteponas kommun, med Bel Air-änden närmast gränsen mot Marbella. Av praktiska skäl — skatter, tillstånd, kommunhus — behandla det som Estepona.",,
332,"They are different in kind rather than degree. An apartment carries a community charge covering shared pools, gardens and lighting. A villa usually carries a smaller community charge but takes on its own pool and garden maintenance directly, which often costs more in total once you add it up.","De skiljer sig i art snarare än i grad. En lägenhet betalar en samfällighetsavgift som täcker gemensamma pooler, trädgårdar och belysning. En villa har oftast lägre samfällighetsavgift men sköter sin egen pool och trädgård direkt, vilket sammanlagt ofta kostar mer.",,
333,"It also holds the largest concentration of new-build stock on this side of Marbella. The three current releases here run from EUR 690,000, which is roughly where Marbella starts, and they cover apartments, townhouses and villas rather than one format. All are under construction or off-plan with staged payments.","Här finns också den största samlingen nyproduktion på den här sidan av Marbella. De tre aktuella projekten startar på 690 000 €, ungefär där Marbella börjar, och omfattar lägenheter, radhus och villor snarare än ett enda format. Samtliga är under uppförande eller säljs på ritning med etappvisa betalningar.",,
334,">Mortgage Calculator",">Bolånekalkylator",,
335,">Legal Notice",">Juridisk information",,
336,"Information presented on this website is for general marketing purposes only and does not constitute legal, financial or investment advice. Development details, prices and delivery dates are subject to change without notice.","Informationen på denna webbplats är endast avsedd för allmänna marknadsföringsändamål och utgör inte juridisk, finansiell eller investeringsrådgivning. Projektdetaljer, priser och leveransdatum kan ändras utan förvarning.",,
337,"Completion soonest","Snarast färdigställande",,
338,"Which homes are available, their reservation status, current prices and expected delivery.","Vilka bostäder som är tillgängliga, deras bokningsstatus, aktuella priser och förväntad leverans.",,
