id,english,current_de,suggested_edit,note
1,"dev-fact-value"">Completion Q4 2027 - Q1 2028<","dev-fact-value"">Fertigstellung Q4 2027 - Q1 2028<",,
2,"dev-fact-value"">Completion to be confirmed<","dev-fact-value"">Fertigstellung noch offen<",,
3,"dev-fact-value"">Completion Q2 2029<","dev-fact-value"">Fertigstellung Q2 2029<",,
4,"dev-fact-value"">Completion Q4 2027<","dev-fact-value"">Fertigstellung Q4 2027<",,
5,"dev-fact-value"">Completion Q3 2027<","dev-fact-value"">Fertigstellung Q3 2027<",,
6,"dev-fact-value"">Completion Q1 2029<","dev-fact-value"">Fertigstellung Q1 2029<",,
7,"dev-fact-value"">Completion Q3 2029<","dev-fact-value"">Fertigstellung Q3 2029<",,
8,"What is an NIE number and do I need one?","Was ist eine NIE-Nummer und benötige ich eine?",,
9,"An NIE (Numero de Identificacion de Extranjero) is a tax ID number required for any property purchase in Spain by a non-Spanish national. Nueva Living can guide you through obtaining one before you reserve.","Die NIE (Numero de Identificacion de Extranjero) ist eine Steuer-ID, die für jeden Immobilienkauf in Spanien durch eine nicht-spanische Person erforderlich ist. Nueva Living begleitet Sie bei der Beantragung vor der Reservierung.",,
10,"What costs should I budget for on top of the purchase price?","Mit welchen zusätzlichen Kosten muss ich neben dem Kaufpreis rechnen?",,
11,"Buyers typically budget for transfer tax or VAT, notary fees, land registry fees and legal fees on top of the purchase price. Nueva Living provides a full, current cost breakdown for your chosen residence before you reserve.","Käufer sollten neben dem Kaufpreis in der Regel Grunderwerbsteuer bzw. Mehrwertsteuer, Notarkosten, Grundbuchgebühren und Anwaltskosten einplanen. Nueva Living stellt Ihnen vor der Reservierung eine vollständige, aktuelle Kostenaufstellung zur Verfügung.",,
12,"Can I get a mortgage in Spain as a non-resident?","Kann ich als Nicht-Resident eine Hypothek in Spanien erhalten?",,
13,"Many Spanish banks offer mortgages to non-resident buyers, typically financing a portion of the purchase price. Exact terms depend on the bank and your personal financial profile.","Viele spanische Banken bieten Hypotheken für nicht ansässige Käufer an und finanzieren dabei in der Regel einen Teil des Kaufpreises. Die genauen Konditionen hängen von der Bank und Ihrem persönlichen finanziellen Profil ab.",,
14,"Off-plan means the development is still under construction and is usually sold with staged payments through to completion. A completed property is ready to view and move into now.","Off-Plan bedeutet, dass sich das Projekt noch im Bau befindet und in der Regel mit gestaffelten Zahlungen bis zur Fertigstellung verkauft wird. Eine fertiggestellte Immobilie kann sofort besichtigt und bezogen werden.",,
15,"How does the reservation and payment process work?","Wie funktioniert der Reservierungs- und Zahlungsprozess?",,
16,"Reservation and payment structures vary by development and are set out in full before you reserve. Nueva Living reconfirms the current schedule for your chosen residence at every step.","Reservierungs- und Zahlungsstrukturen variieren je nach Projekt und werden vor der Reservierung vollständig dargelegt. Nueva Living bestätigt den aktuellen Zeitplan für Ihre gewählte Wohnung bei jedem Schritt erneut.",,
17,"Do I need a lawyer?","Benötige ich einen Anwalt?",,
18,"Yes, we strongly recommend independent legal representation for any property purchase in Spain. Nueva Living can put you in touch with independent lawyers experienced in Costa del Sol property.","Ja, wir empfehlen dringend eine unabhängige rechtliche Vertretung für jeden Immobilienkauf in Spanien. Nueva Living kann Sie mit unabhängigen Anwälten mit Erfahrung im Immobilienrecht der Costa del Sol in Kontakt bringen.",,
19,"A sea-view render can make almost any development look perfect. We look past the presentation: the exact setting, the developer, the payment terms, the compromises and whether the property will still suit you years from now.","Ein Rendering mit Meerblick kann fast jedes Projekt perfekt aussehen lassen. Wir schauen hinter die Präsentation: die genaue Lage, den Bauträger, die Zahlungsbedingungen, die Kompromisse und ob die Immobilie auch in einigen Jahren noch zu Ihnen passt.",,
20,"From your brief and viewings to negotiation and handover, we keep the moving parts together and coordinate with your independent lawyer.","Von Ihrem Anforderungsprofil und den Besichtigungen bis zur Verhandlung und Übergabe halten wir alle beweglichen Teile zusammen und stimmen uns mit Ihrem unabhängigen Anwalt ab.",,
21,"From first enquiry to reservation","Von der ersten Anfrage bis zur Reservierung",,
22,"We arrange viewings, share the project documents and explain the reservation process.","Wir organisieren Besichtigungen, stellen die Projektunterlagen zur Verfügung und erklären Ihnen den Reservierungsprozess.",,
23,"We help you check the location, developer, finishes, payment plan and future resale appeal before you choose a home.","Wir helfen Ihnen, Lage, Bauträger, Ausstattung, Zahlungsplan und den künftigen Wiederverkaufswert zu prüfen, bevor Sie sich für eine Immobilie entscheiden.",,
24,"We compare prices, orientation, amenities, completion dates and nearby alternatives side by side.","Wir vergleichen Preise, Ausrichtung, Ausstattung, Fertigstellungstermine und nahegelegene Alternativen direkt nebeneinander.",,
25,"We organise project documents, viewings, reservation details and an introduction to an independent lawyer.","Wir organisieren die Projektunterlagen, Besichtigungen, Reservierungsdetails und die Vermittlung eines unabhängigen Anwalts.",,
26,"We only flag urgency when availability, pricing or a reservation deadline genuinely changes.","Wir weisen nur dann auf Dringlichkeit hin, wenn sich Verfügbarkeit, Preis oder eine Reservierungsfrist tatsächlich ändern.",,
27,"A genuine share of our commission, not a flat finder's fee.","Ein echter Anteil unserer Provision, keine pauschale Vermittlungsgebühr.",,
28,"How buying off-plan and buying a completed resale home actually compare on the Costa del Sol, across price, risk, payment terms and appreciation.","Wie sich Kauf vom Plan und Kauf einer fertigen Bestandsimmobilie an der Costa del Sol tatsächlich unterscheiden: Preis, Risiko, Zahlungsmodalitäten und Wertentwicklung.",,
29,"Bank Guarantees on Off-Plan Property · 2026 Guide","Bankbürgschaften beim Kauf vom Plan · Leitfaden 2026",,
30,"New-Build Purchase Costs in Andalucia · 2026 Guide","Kaufnebenkosten für Neubauten in Andalusien · Leitfaden 2026",,
31,"What the areas cost","Was die Gebiete kosten",,
32,"New-build and off-plan purchases follow a different sequence from a resale purchase: staged payments, a private purchase contract, and a developer's construction timeline rather than an immediate move-in date. Seven steps, start to finish.","Neubau- und Vom-Plan-Käufe folgen einer anderen Abfolge als ein Bestandskauf: gestaffelte Zahlungen, ein privater Kaufvertrag und ein Bauzeitplan des Bauträgers statt eines sofortigen Einzugstermins. Sieben Schritte, von Anfang bis Ende.",,
33,"Steps, Reservation to Keys","Schritte, von der Reservierung bis zum Schlüssel",,
34,"People Involved: You, Nueva Living, Your Lawyer","Beteiligte Personen: Sie, Nueva Living, Ihr Anwalt",,
35,"Weeks, Reservation to Contract","Wochen, von der Reservierung bis zum Vertrag",,
36,"Off-plan usually means a lower entry price and payments staged over the build period, at the cost of waiting. A completed home costs more upfront but you can see and move into it now. See our full off-plan vs resale comparison for the detail.","Ein Kauf vom Plan bedeutet in der Regel einen niedrigeren Einstiegspreis und über die Bauzeit gestaffelte Zahlungen – dafür müssen Sie warten. Eine fertiggestellte Immobilie kostet im Voraus mehr, aber Sie können sie sofort besichtigen und beziehen. Details finden Sie in unserem vollständigen Vergleich zwischen Kauf vom Plan und Bestandsimmobilie .",,
37,"A reservation takes the specific residence off the market while your private purchase contract is prepared, typically within two to four weeks.","Eine Reservierung nimmt die konkrete Immobilie vom Markt, während Ihr privater Kaufvertrag vorbereitet wird -- in der Regel innerhalb von zwei bis vier Wochen.",,
38,"Pay the reservation amount, which is later credited against the purchase price.","Zahlen Sie den Reservierungsbetrag, der später auf den Kaufpreis angerechnet wird.",,
39,"Confirms the reservation terms and what happens to the amount if you do not proceed.","Bestätigt die Reservierungsbedingungen und was mit dem Betrag geschieht, falls Sie nicht fortfahren.",,
40,"Good to know: how much is the reservation?","Gut zu wissen: Wie hoch ist die Reservierung?",,
41,"It varies by developer and project, from a few thousand euros up to around 1% of the price on some developments. A reservation is not the point of no return, but it is a real commitment -- confirm the terms before you pay it.","Der Betrag variiert je nach Bauträger und Projekt, von wenigen Tausend Euro bis zu etwa 1 % des Preises bei manchen Anlagen. Eine Reservierung ist kein Punkt ohne Wiederkehr, aber ein echtes Commitment -- bestätigen Sie die Bedingungen, bevor Sie sie bezahlen.",,
42,"Sign the Private Purchase Contract","Unterzeichnen Sie den privaten Kaufvertrag",,
43,"The binding agreement setting out price, payment schedule, specification and delivery terms. You will need an NIE before or shortly after this stage.","Die verbindliche Vereinbarung, die Preis, Zahlungsplan, Ausstattung und Übergabebedingungen festlegt. Sie benötigen Ihre NIE vor oder kurz nach dieser Phase.",,
44,"Obtain your NIE if you do not already have one, and review the contract.","Besorgen Sie sich Ihre NIE, falls Sie noch keine haben, und prüfen Sie den Vertrag.",,
45,"What Your Lawyer Does","Was Ihr Anwalt tut",,
46,"Reviews the contract terms and confirms the bank guarantee before you sign.","Prüft die Vertragsbedingungen und bestätigt die Bankgarantie, bevor Sie unterschreiben.",,
47,"For off-plan purchases, payments from this point are usually staged across construction milestones. Spanish law requires developers to bank-guarantee off-plan payments made before completion, so staged payments are protected if the development is not delivered -- confirming that guarantee is in place is one of the checks your lawyer carries out.","Bei Käufen vom Plan werden Zahlungen ab diesem Punkt in der Regel entlang der Baumeilensteine gestaffelt. Das spanische Recht verpflichtet Bauträger, Zahlungen vor Fertigstellung bankgarantiert abzusichern, sodass gestaffelte Zahlungen geschützt sind, falls das Projekt nicht geliefert wird -- die Prüfung, dass diese Garantie besteht, ist einer der Punkte, die Ihr Anwalt kontrolliert.",,
48,"Legal Checks and Independent Representation","Rechtsprüfungen und unabhängige Vertretung",,
49,"We strongly recommend independent legal representation -- a lawyer acting for you, not the developer or the selling agency.","Wir empfehlen dringend eine unabhängige rechtliche Vertretung -- einen Anwalt, der für Sie handelt, nicht für den Bauträger oder die Verkaufsagentur.",,
50,"Instruct an independent lawyer before signing anything binding.","Beauftragen Sie einen unabhängigen Anwalt, bevor Sie etwas Verbindliches unterschreiben.",,
51,"Checks the developer's registration and track record, the building licence, land registry status and the bank guarantee.","Prüft die Registrierung und Erfolgsbilanz des Bauträgers, die Baugenehmigung, den Grundbuchstatus und die Bankgarantie.",,
52,"Many non-resident buyers arrange a mortgage at this stage. Spanish banks do lend to non-residents, usually financing a portion of the price, though exact terms depend on the bank and your financial profile.","Viele nicht ansässige Käufer organisieren in dieser Phase eine Hypothek. Spanische Banken vergeben tatsächlich Kredite an Nicht-Residenten und finanzieren in der Regel einen Teil des Preises, wobei die genauen Konditionen von der Bank und Ihrem finanziellen Profil abhängen.",,
53,"Completion and Handover","Abschluss und Übergabe",,
54,"Completion happens at the notary, where the final balance is paid and the deed of sale is signed and registered in your name.","Der Abschluss erfolgt beim Notar, wo der Restbetrag bezahlt und die Kaufurkunde unterzeichnet und auf Ihren Namen eingetragen wird.",,
55,"Pay the final balance and sign at the notary.","Zahlen Sie den Restbetrag und unterschreiben Sie beim Notar.",,
56,"Confirms the deed of sale and its registration.","Bestätigt die Kaufurkunde und deren Eintragung.",,
57,"Good to know: warranties and ongoing costs","Gut zu wissen: Gewährleistungen und laufende Kosten",,
58,"Spanish building law generally provides for a structural warranty, a shorter warranty on installations, and a one-year warranty on finishes. After completion, budgeting for ongoing costs such as community fees and annual property tax (IBI) becomes part of owning the home.","Das spanische Baurecht sieht in der Regel eine strukturelle Gewährleistung, eine kürzere Gewährleistung für Installationen und eine einjährige Gewährleistung für Oberflächen vor. Nach Abschluss gehört die Einplanung laufender Kosten wie Gemeinschaftsgebühren und jährlicher Grundsteuer (IBI) zum Eigentum der Immobilie dazu.",,
59,"Apply for your NIE","Beantragen Sie Ihre NIE",,
60,"Select an independent lawyer","Wählen Sie einen unabhängigen Anwalt",,
61,"Consider a Spanish bank account","Erwägen Sie ein spanisches Bankkonto",,
62,"NIE","NIE",,
63,"Numero de Identificacion de Extranjero -- a Spanish tax ID number required for any property purchase by a non-Spanish national.","Numero de Identificacion de Extranjero -- eine spanische Steueridentifikationsnummer, die für jeden Immobilienkauf durch einen Nicht-Spanier erforderlich ist.",,
64,"Reservation Agreement","Reservierungsvereinbarung",,
65,"The document and payment that takes a specific residence off the market while your private purchase contract is prepared.","Das Dokument und die Zahlung, die eine bestimmte Immobilie vom Markt nehmen, während Ihr privater Kaufvertrag vorbereitet wird.",,
66,"Private Purchase Contract","Privater Kaufvertrag",,
67,"Contrato de compraventa -- the binding agreement setting out price, payment schedule, specification and delivery terms.","Contrato de compraventa -- die verbindliche Vereinbarung, die Preis, Zahlungsplan, Ausstattung und Übergabebedingungen festlegt.",,
68,"Bank Guarantee","Bankgarantie",,
69,"Legally required protection for off-plan payments made before completion, covering you if the development is not delivered.","Gesetzlich vorgeschriebener Schutz für Zahlungen vom Plan vor Fertigstellung, der Sie absichert, falls das Projekt nicht geliefert wird.",,
70,"Notary","Notar",,
71,"The public official before whom the final deed of sale is signed at completion.","Der öffentliche Beamte, vor dem die endgültige Kaufurkunde beim Abschluss unterzeichnet wird.",,
72,"The deed of sale signed at the notary and registered in your name at completion.","Die beim Notar unterzeichnete und bei Abschluss auf Ihren Namen eingetragene Kaufurkunde.",,
73,"Land Registry","Grundbuchamt",,
74,"The official record of property ownership and charges, checked by your lawyer before you sign.","Das amtliche Verzeichnis von Eigentum und Belastungen der Immobilie, das Ihr Anwalt vor der Unterschrift prüft.",,
75,"This guide is general information about the typical off-plan buying process on the Costa del Sol. It is not legal, tax or financial advice, and does not replace independent professional advice tailored to your situation.","Dieser Leitfaden bietet allgemeine Informationen zum typischen Kaufprozess vom Plan an der Costa del Sol. Er stellt keine Rechts-, Steuer- oder Finanzberatung dar und ersetzt keine unabhängige, auf Ihre Situation zugeschnittene fachliche Beratung.",,
76,"Payment","Zahlung",,
77,"Completion","Abschluss",,
78,"Staged: a reservation, a larger payment on signing the private purchase contract, further payments at construction milestones, and the balance on completion.","Gestaffelt: eine Reservierung, eine größere Zahlung bei Unterzeichnung des privaten Kaufvertrags, weitere Zahlungen bei Bau-Meilensteinen und der Restbetrag bei Fertigstellung.",,
79,"Construction and delivery risk: the project could be delayed or, worst case, not completed. Payments made before completion are required by law to be bank-guaranteed.","Bau- und Übergaberisiko: Das Projekt kann sich verzögern oder im schlimmsten Fall nicht fertiggestellt werden. Vor Fertigstellung geleistete Zahlungen müssen gesetzlich durch eine Bankgarantie abgesichert sein.",,
80,"Buying early sometimes means a genuine say in finishes -- flooring, kitchen options, occasionally layout -- depending how far along construction is. That window closes near completion.","Ein früher Kauf bedeutet manchmal echtes Mitspracherecht bei der Ausstattung – Böden, Küchenoptionen, gelegentlich auch der Grundriss – je nach Baufortschritt. Dieses Zeitfenster schließt sich kurz vor der Fertigstellung.",,
81,"The case is buying below completed-market price and the value closing that gap by delivery. This depends on the specific project and area performing as expected -- it is not a guarantee.","Die Überlegung: Sie kaufen unter dem Marktpreis fertiggestellter Immobilien, und der Wert schließt diese Lücke bis zur Übergabe. Das hängt davon ab, ob sich das jeweilige Projekt und die Lage wie erwartet entwickeln – eine Garantie ist das nicht.",,
82,"Completion depends on the developer obtaining the first occupation license and certificate of completion before the deed can be signed at the notary. Your lawyer confirms these are in place before you complete.","Der Abschluss hängt davon ab, dass der Bauträger die Erstbezugsgenehmigung und die Fertigstellungsbescheinigung erhält, bevor die Urkunde beim Notar unterzeichnet werden kann. Ihr Anwalt bestätigt, dass diese vorliegen, bevor Sie den Kauf abschließen.",,
83,"Costs more upfront, but you are paying for a known quantity: the actual finish, the actual view, the actual noise level, none of which you can fully judge from a floorplan and a render.","Kostet im Voraus mehr, aber Sie zahlen für eine bekannte Größe: die tatsächliche Ausstattung, die tatsächliche Aussicht, den tatsächlichen Geräuschpegel – all das lässt sich anhand eines Grundrisses und einer Visualisierung nicht vollständig beurteilen.",,
84,"Simpler: reserve, sign, pay the balance, usually within 30 to 60 days. No construction-linked schedule, and no way to spread the cost over time.","Einfacher: reservieren, unterschreiben, den Restbetrag zahlen, in der Regel innerhalb von 30 bis 60 Tagen. Kein an den Bau gekoppelter Zeitplan und keine Möglichkeit, die Kosten über die Zeit zu verteilen.",,
85,"Can generate rental income or be lived in immediately after completion, with no construction timeline in the way.","Kann sofort nach Abschluss Mieteinnahmen generieren oder bewohnt werden, ohne dass ein Bauzeitplan im Weg steht.",,
86,"Already issued and checkable: your lawyer verifies the existing title, license history and any charges on the property at the Land Registry before you sign.","Bereits ausgestellt und überprüfbar: Ihr Anwalt prüft vor der Unterzeichnung den bestehenden Eigentumstitel, die Genehmigungshistorie und etwaige Lasten der Immobilie im Grundbuch.",,
87,"Does the bank guarantee cover everything I pay?","Deckt die Bankgarantie alles ab, was ich zahle?",,
88,"It covers payments made ahead of completion specifically. The exact scope and validity of the guarantee for a given project is something to confirm in writing before signing, not something to assume.","Sie deckt speziell Zahlungen ab, die vor Fertigstellung geleistet werden. Der genaue Umfang und die Gültigkeit der Garantie für ein bestimmtes Projekt sollten vor der Unterzeichnung schriftlich bestätigt werden – nicht einfach vorausgesetzt werden.",,
89,"Off-plan tends to suit buyers who do not need the property immediately, want to spread payments over time, and are comfortable with construction-stage risk in exchange for a lower entry price and, in some cases, a say in the finish.","Ein Neubaukauf eignet sich in der Regel für Käufer, die die Immobilie nicht sofort benötigen, die Zahlungen über einen längeren Zeitraum verteilen möchten und das Risiko der Bauphase im Austausch für einen niedrigeren Einstiegspreis und in manchen Fällen ein Mitspracherecht bei der Ausstattung akzeptieren.",,
90,"A completed home tends to suit buyers who want to move in, rent out, or simply see exactly what they are buying without waiting or without taking on delivery risk -- often at a higher upfront cost for that certainty.","Eine fertiggestellte Immobilie eignet sich in der Regel für Käufer, die einziehen, vermieten oder einfach genau sehen möchten, was sie kaufen, ohne zu warten oder ein Übergaberisiko einzugehen – oft zu einem höheren Anfangspreis für diese Sicherheit.",,
91,"Private Purchase Contract Contrato de compraventa -- the binding agreement setting out price, payment schedule, specification and delivery terms, signed after reservation.","Privater Kaufvertrag Contrato de compraventa -- die verbindliche Vereinbarung, die Preis, Zahlungsplan, Ausstattung und Übergabebedingungen festlegt und nach der Reservierung unterzeichnet wird.",,
92,"Bank Guarantee Legally required protection for off-plan payments made before completion, covering you if the development is not delivered.","Bankgarantie Gesetzlich vorgeschriebener Schutz für vor der Fertigstellung geleistete Neubauzahlungen, der Sie absichert, falls die Wohnanlage nicht übergeben wird.",,
93,"First Occupation License Licencia de primera ocupacion -- the official confirmation a newly built home is fit to be lived in, required before completion.","Erstbezugsgenehmigung Licencia de primera ocupación -- die offizielle Bestätigung, dass eine neu gebaute Immobilie bewohnbar ist, erforderlich vor dem Abschluss.",,
94,"Escritura The deed of sale signed at the notary and registered in your name at completion.","Escritura Die beim Notar unterzeichnete und bei Abschluss auf Ihren Namen eingetragene Kaufurkunde.",,
95,"This guide is general information to help you compare off-plan and resale purchases on the Costa del Sol. It is not legal, tax or financial advice, and does not replace independent professional advice tailored to your situation.","Dieser Ratgeber bietet allgemeine Informationen, die Ihnen den Vergleich von Neubau- und Bestandskäufen an der Costa del Sol erleichtern sollen. Er stellt keine Rechts-, Steuer- oder Finanzberatung dar und ersetzt keine unabhängige, auf Ihre Situation zugeschnittene Fachberatung.",,
96,"What does it cost to use Nueva Living?","Was kostet die Zusammenarbeit mit Nueva Living?",,
97,"Yes. What we add is the comparison: the availability list as the seller issued it, the purchase costs on top of the asking price, and the checks worth making before you reserve.","Ja. Was wir beitragen, ist der Vergleich: die Verfügbarkeitsliste so, wie der Verkäufer sie herausgegeben hat, die Kaufnebenkosten zusätzlich zum Angebotspreis und die Prüfungen, die sich vor der Reservierung lohnen.",,
98,"Whether it changes what we show you is not something we can settle by claiming otherwise. Read a project page instead: the empty cells where a seller gave us no figure, the purchase costs added on top of the asking price, the two sources printed side by side when they disagree. That is the evidence, and it is the same on every development we publish.","Ob das ändert, was wir Ihnen zeigen, lässt sich nicht dadurch klären, dass wir das Gegenteil behaupten. Lesen Sie stattdessen eine Projektseite: die leeren Felder, wo ein Verkäufer uns keine Zahl gab, die Kaufnebenkosten über dem Angebotspreis, die beiden Quellen nebeneinander, wenn sie sich widersprechen. Das ist der Beleg, und er ist bei jedem Projekt gleich, das wir veröffentlichen.",,
99,"Whether the building licence is granted, whether your payments sit behind a bank guarantee, and whether the completion date is contractual or merely indicative.","Ob die Baugenehmigung erteilt ist, ob Ihre Zahlungen durch eine Bankbürgschaft gesichert sind und ob der Fertigstellungstermin vertraglich oder lediglich unverbindlich ist.",,
100,"Including the parts that cost you money. Where tax adds six figures to the asking price, that is on the page and not left for the notary to mention.","Einschließlich dessen, was Sie Geld kostet. Wenn Steuern dem Kaufpreis einen sechsstelligen Betrag hinzufügen, steht das auf der Seite und bleibt nicht dem Notar überlassen.",,
101,"Enquiry details may be processed in Nueva Living's customer relationship management system and shared with developers, legal advisers or other service providers only where necessary for a requested enquiry, viewing, reservation or service step. Website measurement events may be processed by Nueva Living's CRM and hosting providers for analytics and technical operation.","Anfragedaten können im CRM-System (Customer-Relationship-Management) von Nueva Living verarbeitet und mit Bauträgern, Rechtsberatern oder anderen Dienstleistern geteilt werden, jedoch nur, soweit dies für eine angeforderte Anfrage, Besichtigung, Reservierung oder Serviceleistung erforderlich ist. Website-Messereignisse können von den CRM- und Hosting-Anbietern von Nueva Living zu Analyse- und technischen Betriebszwecken verarbeitet werden.",,
102,"Legal Notice","Rechtliche Hinweise",,
103,"Legal notice draft for Nueva Living.","Entwurf der rechtlichen Hinweise von Nueva Living.",,
104,"No Legal Or Financial Advice","Keine Rechts- oder Finanzberatung",,
105,"This website is presented under the Nueva Living brand and operated by LIORA LIVING SL., Tax ID (NIF) B88827472.","Diese Website wird unter der Marke Nueva Living präsentiert und von LIORA LIVING SL. betrieben, Steuernummer (NIF) B88827472.",,
106,"Information on this website does not constitute legal, financial, tax or investment advice. Buyers should seek independent professional advice before making any property decision.","Die Informationen auf dieser Website stellen keine Rechts-, Finanz-, Steuer- oder Anlageberatung dar. Käufer sollten vor jeder Immobilienentscheidung unabhängigen fachlichen Rat einholen.",,
107,"This page explains the main terms in plain language. It should be reviewed by qualified legal counsel before any future material change.","Diese Seite erläutert die wichtigsten Begriffe in verständlicher Sprache. Sie sollte vor jeder künftigen wesentlichen Änderung von einem qualifizierten Rechtsberater geprüft werden.",,
108,"Legal","Rechtliches",,
109,"For the one-off taxes and fees due at purchase, see our breakdown of new-build purchase costs in Andalucia .","Zu den einmaligen Steuern und Gebühren beim Kauf finden Sie Details in unserer Aufstellung der Kaufnebenkosten für Neubauten in Andalusien .",,
110,"The two routes are also taxed differently: new-build carries IVA and AJD, resale carries ITP. See what a new-build actually costs in Andalucia for the figures.","Auch steuerlich unterscheiden sich beide Wege: Neubau unterliegt IVA und AJD, der Wiederverkauf der ITP. Die Zahlen finden Sie unter was ein Neubau in Andalusien tatsächlich kostet .",,
111,"New-build in Andalucia in 2026: IVA at 10%, AJD at 1.2%, plus notary, land registry and legal fees, and the reduced stamp-duty rates that can apply.","Neubau in Andalusien 2026: IVA 10%, AJD 1,2%, dazu Notar, Grundbuchamt und Anwaltshonorare sowie die ermäßigten Stempelsteuersätze, die gelten können.",,
112,"Every competitor writes a Spain-wide cost guide quoting 8 to 13 per cent. New-build in Andalucia is a specific number, and it is knowable before you offer.","Jeder spanienweite Kostenratgeber nennt 8 bis 13 Prozent. Beim Neubau in Andalusien ist es eine konkrete Zahl – und die lässt sich vor dem Angebot ausrechnen.",,
113,"Most cost guides for Spain quote a single national range, usually somewhere between 8 and 13 per cent. That range exists because it is averaging two different purchases across seventeen regions. For a new-build in Andaluc&iacute;a the tax side is not a range at all -- it is two fixed rates, and you can work out the number exactly.","Die meisten Kostenratgeber für Spanien nennen eine einzige landesweite Spanne, meist zwischen 8 und 13 Prozent. Diese Spanne entsteht, weil sie zwei verschiedene Kaufarten über siebzehn Regionen hinweg mittelt. Beim Neubau in Andalusien ist die Steuerseite gar keine Spanne – es sind zwei feste Sätze, und die Summe lässt sich exakt berechnen.",,
114,"A new-build bought from the developer is a first transmission, so it carries VAT rather than the transfer tax that applies to a resale. In Andaluc&iacute;a that means two separate taxes on the same purchase.","Ein vom Bauträger erworbener Neubau ist eine Ersterwerbung und unterliegt daher der Mehrwertsteuer statt der Grunderwerbsteuer, die beim Wiederverkauf anfällt. In Andalusien bedeutet das zwei getrennte Steuern auf denselben Kauf.",,
115,"11.2% on a new-build. For comparison, a resale in Andaluc&iacute;a carries ITP at 7% and no AJD -- so the tax on a new home is roughly four points higher than on an equivalent resale.","11,2% beim Neubau. Zum Vergleich: Beim Wiederverkauf fallen in Andalusien 7% ITP und kein AJD an – die Steuerlast eines Neubaus liegt also rund vier Punkte höher als bei einer vergleichbaren Bestandsimmobilie.",,
116,"Andaluc&iacute;a applies reduced AJD rates in specific circumstances. They are worth checking before you assume the general rate, though most purchases on this coast fall outside them.","Andalusien wendet in bestimmten Fällen ermäßigte AJD-Sätze an. Es lohnt sich, sie zu prüfen, bevor man den allgemeinen Satz annimmt – auch wenn die meisten Käufe an dieser Küste nicht darunterfallen.",,
117,"Notary and Land Registry fees are set by national tariff, so they do not vary between providers. Legal fees do.","Notar- und Grundbuchgebühren sind durch eine landesweite Gebührenordnung festgelegt und variieren daher nicht zwischen Anbietern. Anwaltshonorare schon.",,
118,"Roughly &euro;600 to &euro;1,200 on a typical residential purchase, scaling with the price and the length of the deed. Regulated, so shopping around does not change it.","Etwa 600 bis 1.200 € bei einem typischen Wohnungskauf, abhängig vom Preis und vom Umfang der Urkunde. Gebührenrechtlich reguliert – Vergleichen ändert daran nichts.",,
119,"Typically 1% of the price plus 21% IVA on the fee, or a fixed quote in the &euro;1,500 to &euro;3,000 range for a straightforward purchase. This one is negotiable, and it is the line worth comparing quotes on.","In der Regel 1% des Preises zuzüglich 21% IVA auf das Honorar, oder ein Festpreis von 1.500 bis 3.000 € bei einem unkomplizierten Kauf. Dieser Posten ist verhandelbar – und der, bei dem sich ein Angebotsvergleich lohnt.",,
120,"Roughly &euro;4,500 plus IVA at 1%, or a fixed quote","Etwa 4.500 € zuzüglich IVA bei 1%, oder ein Festpreis",,
121,"Around &euro;57,000, or about 12.5% over the price. Taxes are the fixed &euro;50,400 of that; the rest moves with who you instruct.","Rund 57.000 €, also etwa 12,5% über dem Kaufpreis. Davon sind 50.400 € feste Steuern; der Rest hängt davon ab, wen Sie beauftragen.",,
122,"That is the acquisition cost. It does not include mortgage arrangement and valuation fees if you are borrowing, furnishing, or the running costs that start after completion -- IBI, community fees and utilities.","Das sind die Erwerbskosten. Nicht enthalten sind Bearbeitungs- und Bewertungsgebühren bei Finanzierung, die Möblierung sowie die laufenden Kosten ab Übergabe – IBI, Hausgeld und Nebenkosten.",,
123,"The IVA rate is national and the AJD rate is set by Andaluc&iacute;a; both can change, and the reduced rates carry conditions that depend on your circumstances. This page is general information about how the costs are structured, not tax or legal advice. Confirm the figures for your own purchase with your lawyer or tax adviser before you commit to anything. Nueva Living provides a written cost breakdown for a specific residence on request.","Der IVA-Satz ist landesweit festgelegt, der AJD-Satz von Andalusien; beide können sich ändern, und die ermäßigten Sätze sind an Bedingungen geknüpft, die von Ihrer Situation abhängen. Diese Seite ist allgemeine Information zur Kostenstruktur, keine Steuer- oder Rechtsberatung. Lassen Sie die Zahlen für Ihren Kauf von Ihrem Anwalt oder Steuerberater bestätigen, bevor Sie sich binden. Nueva Living erstellt auf Wunsch eine schriftliche Kostenaufstellung für eine konkrete Wohnung.",,
124,"IVA and AJD, not transfer tax","IVA und AJD, nicht Grunderwerbsteuer",,
125,"What a new-build costs on top of the price","Was ein Neubau zusätzlich zum Kaufpreis kostet",,
126,"When AJD is lower than 1.2%","Wann die AJD unter 1,2% liegt",,
127,"Notary, registry and legal fees","Notar, Grundbuch und Anwaltshonorare",,
128,"New-Build Purchase Costs in Andalucia","Kaufnebenkosten für Neubau in Andalusien",,
129,"Request a Cost Breakdown","Kostenaufstellung anfordern",,
130,"AJD (stamp duty)","AJD (Stempelsteuer)",,
131,"The Two Taxes","Die zwei Steuern",,
132,"IVA at 10%","IVA zu 10%",,
133,"AJD at 1.2%","AJD zu 1,2%",,
134,"Notary and registry","Notar und Grundbuch",,
135,"On Top of Tax","Zusätzlich zur Steuer",,
136,"IVA (VAT)","IVA (Mehrwertsteuer)",,
137,"Total tax","Steuern gesamt",,
138,"This guide is general information about buying a new-build home on the Costa del Sol. It is not legal, tax or financial advice, and does not replace independent professional advice tailored to your situation.","Dieser Leitfaden bietet allgemeine Informationen zum Kauf einer Neubauimmobilie an der Costa del Sol. Er stellt keine Rechts-, Steuer- oder Finanzberatung dar und ersetzt keine unabhängige, auf Ihre Situation zugeschnittene fachliche Beratung.",,
139,"Bank Guarantees on Off-Plan Property in Spain","Bürgschaften beim Off-Plan-Kauf in Spanien",,
140,"Disclosure in the contract","Angabe im Kaufvertrag",,
141,"Advance payments must be received through a credit institution and deposited in a special account, kept separate from any other class of funds. Money may only leave that account for costs arising directly from the construction of those homes. It is not the developer's working capital.","Anzahlungen müssen über ein Kreditinstitut eingehen und auf einem Sonderkonto verbucht werden, getrennt von allen anderen Mitteln. Abflüsse sind nur für Kosten zulässig, die unmittelbar aus dem Bau dieser Wohnungen entstehen. Es ist nicht das Betriebskapital des Bauträgers.",,
142,"The purchase contract itself must state the developer's obligation to repay, identify the insurer or guarantor, and identify the credit institution and the account. At signing you should also be handed the document evidencing the guarantee attached to your particular payments.","Der Kaufvertrag selbst muss die Rückzahlungspflicht des Bauträgers benennen sowie Versicherer oder Bürgen, Kreditinstitut und Konto bezeichnen. Bei der Unterzeichnung ist Ihnen außerdem die Urkunde auszuhändigen, die die Sicherheit für Ihre konkreten Zahlungen belegt.",,
143,"Failing to put the guarantee in place is treated as a consumer-protection infringement, carrying a penalty of up to 25% of the amounts that should have been secured, on top of anything the regional building rules impose.","Das Unterlassen der Sicherheit gilt als verbraucherschutzrechtlicher Verstoß und wird mit bis zu 25 % der abzusichernden Beträge geahndet, zusätzlich zu dem, was die regionalen Bauvorschriften vorsehen.",,
144,"The obligation to guarantee repayment runs from the point the building licence is obtained -- not from the moment you first pay. This is one of the substantive differences between the current regime and the 1968 law it replaced, and it is the single most practical thing to understand before you reserve.","Die Pflicht zur Absicherung der Rückzahlung beginnt mit Erteilung der Baugenehmigung --nicht mit Ihrer ersten Zahlung. Das ist einer der inhaltlichen Unterschiede zum abgelösten Gesetz von 1968 und der praktisch wichtigste Punkt, den man vor einer Reservierung verstanden haben sollte.",,
145,"In plain terms: if you pay a reservation fee on a project whose licence has not yet been granted, that money is not sitting behind the statutory guarantee. It may well be protected by what your contract says instead -- many reservation agreements make the fee refundable during a due-diligence window, and that is a contractual protection, not a legal one. The two are not interchangeable, and only one of them is the same at every developer.","Im Klartext: Zahlen Sie eine Reservierungsgebühr für ein Projekt, dessen Genehmigung noch nicht erteilt ist, steht dieses Geld nicht hinter der gesetzlichen Sicherheit. Es kann sehr wohl durch Ihren Vertrag geschützt sein --viele Reservierungsvereinbarungen machen die Gebühr während einer Due-Diligence-Frist erstattungsfähig, und das ist ein vertraglicher, kein gesetzlicher Schutz. Beides ist nicht austauschbar, und nur eines davon ist bei jedem Bauträger gleich.",,
146,"This is not a reason to avoid pre-licence projects. It is a reason to know which category a project is in before you transfer anything, and to have your lawyer read the reservation terms rather than assume the statute covers you. Every project on this site states its licence status in its own trust dossier, in those words, because the distinction changes what your money is standing on.","Das ist kein Grund, Projekte ohne Genehmigung zu meiden. Es ist ein Grund, vor jeder Überweisung zu wissen, in welcher Kategorie ein Projekt steht, und die Reservierungsbedingungen von Ihrem Anwalt lesen zu lassen, statt anzunehmen, das Gesetz decke Sie ab. Jedes Projekt auf dieser Seite nennt seinen Genehmigungsstatus im eigenen Trust-Dossier, mit genau diesen Worten, weil der Unterschied ändert, worauf Ihr Geld steht.",,
147,"If construction does not begin, is not finished within the agreed period, or the habitation certificate is not obtained, you may claim back the amounts paid on account -- including the taxes applied to them -- plus statutory interest. You can either terminate the contract or grant the developer an extension, which is recorded as an additional clause setting the new delivery date.","Wird nicht mit dem Bau begonnen, wird er nicht in der vereinbarten Frist fertiggestellt oder die Bewohnbarkeitsbescheinigung nicht erteilt, können Sie die geleisteten Anzahlungen zurückfordern --einschließlich der darauf entfallenen Steuern-- zuzüglich gesetzlicher Zinsen. Sie können entweder vom Vertrag zurücktreten oder dem Bauträger eine Fristverlängerung einräumen, die als Zusatzklausel mit dem neuen Übergabetermin festgehalten wird.",,
148,"The practical lesson is that the guarantee is only as useful as the paperwork behind it. Ask for the guarantee document at signing, check it names you and your specific payments, and keep it. A guarantee that exists in principle but was never issued to you is the failure mode this provision was written to prevent.","Die praktische Lehre: Eine Sicherheit taugt nur so viel wie die Unterlagen dahinter. Verlangen Sie die Bürgschaftsurkunde bei der Unterzeichnung, prüfen Sie, dass sie auf Sie und Ihre konkreten Zahlungen lautet, und bewahren Sie sie auf. Eine Sicherheit, die im Grundsatz besteht, Ihnen aber nie ausgehändigt wurde, ist genau der Fall, den diese Vorschrift verhindern soll.",,
149,"The obligations described on this page are taken from the first additional provision of Ley 38/1999 as consolidated after Ley 20/2015, and are current as of August 2026. This is general information about how the protection is structured; it is not legal advice, and how it applies to a particular contract is a question for your own lawyer. Nueva Living confirms licence status and guarantee arrangements in writing for a specific project on request.","Die auf dieser Seite beschriebenen Pflichten stammen aus der ersten Zusatzbestimmung der Ley 38/1999 in der nach der Ley 20/2015 konsolidierten Fassung und sind auf dem Stand August 2026. Dies ist allgemeine Information zum Aufbau des Schutzes; es ist keine Rechtsberatung, und wie er auf einen konkreten Vertrag wirkt, ist eine Frage für Ihren eigenen Anwalt. Nueva Living bestätigt Genehmigungsstatus und Sicherheiten für ein bestimmtes Projekt auf Wunsch schriftlich.",,
150,"Spanish law guarantees the money you pay during construction. It does not guarantee all of it, from the moment you pay it, and the gap is where buyers get caught.","Das spanische Recht sichert das Geld, das Sie während der Bauzeit zahlen. Es sichert nicht alles davon, und nicht ab dem ersten Euro -- in dieser Lücke geraten Käufer in die Falle.",,
151,"The guarantee starts at the building licence","Die Sicherheit beginnt mit der Baugenehmigung",,
152,"A guarantee","Eine Sicherheit",,
153,"How Payments Are Staged","Wie die Zahlungen gestaffelt sind",,
154,"Off-Plan Payment Schedules on the Costa del Sol","Zahlungspläne beim Off-Plan-Kauf, Costa del Sol",,
155,"Real staged payment schedules from Costa del Sol developers: reservation fees, the 30% contract stage, construction milestones and the balance at deed.","Reale Zahlungspläne von Bauträgern an der Costa del Sol: Reservierung, 30 % bei Vertrag, Baufortschritte und Restzahlung bei Beurkundung.",,
156,"Reservation Agreements","Reservierungsvereinbarungen",,
157,"Private purchase contract","Privatschriftlicher Kaufvertrag",,
158,"Request a Payment Structure","Zahlungsplan anfordern",,
159,"How off-plan payments are actually staged","Wie Off-Plan-Zahlungen tatsächlich gestaffelt sind",,
160,"Reservation, contract, build, deed","Reservierung, Vertrag, Bau, Beurkundung",,
161,"Typically bringing the total paid to 30%, with the reservation usually counted towards it. Some developers stage this as 25% at contract with the balance spread across the build. Signing windows are short -- 15 to 30 days from reservation is normal.","Bringt die Summe üblicherweise auf 30 %, wobei die Reservierung meist angerechnet wird. Manche Bauträger setzen 25 % bei Vertrag an und verteilen den Rest über die Bauzeit. Die Fristen zur Unterzeichnung sind kurz --15 bis 30 Tage ab Reservierung ist üblich.",,
162,"Highly variable. Some projects take nothing between contract and completion; others take 10% at a fixed date, or tie payments to certified milestones such as completion of the foundation and of the structure. One project on this site spreads 50% across fifteen monthly payments from the start of works.","Sehr unterschiedlich. Manche Projekte verlangen zwischen Vertrag und Übergabe nichts; andere 10 % zu einem festen Termin oder koppeln Zahlungen an zertifizierte Baufortschritte wie Fertigstellung von Gründung und Rohbau. Ein Projekt hier verteilt 50 % auf fünfzehn Monatsraten ab Baubeginn.",,
163,"The balance at the deed of sale, most often 50% to 70%. This is also where the bulk of the tax falls due.","Die Restzahlung bei der notariellen Beurkundung, meist 50 % bis 70 %. Hier fällt auch der Großteil der Steuern an.",,
164,"Note that stage payments are quoted plus VAT in most schedules, so the cash required at each stage is higher than the headline percentage. See","Beachten Sie, dass Ratenzahlungen in den meisten Plänen zuzüglich Mehrwertsteuer angegeben sind; der tatsächliche Kapitalbedarf je Stufe liegt also über dem genannten Prozentsatz. Siehe",,
165,"what a new-build costs on top of the price","was ein Neubau über den Preis hinaus kostet",,
166,"for how IVA and AJD land across the timeline.","dazu, wie IVA und AJD über den Zeitverlauf anfallen.",,
167,"This is worth stating plainly, because it is often blurred: there is no Spanish statute governing reservation agreements. What your reservation fee does, whether it is refundable, and for how long, is whatever your particular reservation document says. It is a contract, and its terms vary between developers.","Das gehört klar gesagt, weil es oft verschwimmt: Es gibt kein spanisches Gesetz zu Reservierungsvereinbarungen. Was Ihre Reservierungsgebühr bewirkt, ob und wie lange sie erstattungsfähig ist, steht allein in Ihrem Reservierungsdokument. Es ist ein Vertrag, und seine Bedingungen unterscheiden sich je Bauträger.",,
168,"That matters more than it sounds, because the statutory guarantee over advance payments only begins once the building licence has been obtained. A reservation paid before that point rests on the contract wording alone. Some agreements make the fee refundable for a defined due-diligence window; others do not. Read it, or have your lawyer read it, before transferring anything -- and see","Das wiegt schwerer, als es klingt, denn die gesetzliche Sicherheit für Anzahlungen entsteht erst mit Erteilung der Baugenehmigung. Eine davor gezahlte Reservierung stützt sich allein auf den Vertragstext. Manche Vereinbarungen machen die Gebühr für ein definiertes Due-Diligence-Fenster erstattungsfähig, andere nicht. Lesen Sie ihn, oder lassen Sie ihn von Ihrem Anwalt lesen, bevor Sie etwas überweisen --und siehe",,
169,"how the bank guarantee works","wie die Bürgschaft funktioniert",,
170,"Once the guarantee regime applies, amounts you pay on account must be received through a credit institution and held in a special account, separate from any other class of funds, and may only be drawn for costs arising directly from building those homes. If a developer proposes any other arrangement for staged payments, that is the point to stop and take advice.","Sobald das Sicherungsregime greift, müssen Ihre Anzahlungen über ein Kreditinstitut eingehen und auf einem Sonderkonto liegen, getrennt von allen anderen Mitteln, und dürfen nur für Kosten verwendet werden, die unmittelbar aus dem Bau dieser Wohnungen entstehen. Schlägt ein Bauträger eine andere Konstruktion für die Raten vor, ist das der Punkt zum Innehalten und Rat einholen.",,
171,"The ranges above describe the written schedules held for the projects listed on this site as of August 2026. They are not a rule, and they are not an offer -- an individual developer can and does structure payments differently, and terms change between releases. Nueva Living reconfirms the current payment structure in writing for a specific residence before any reservation.","Die obigen Spannen beschreiben die schriftlichen Zahlungspläne, die für die hier gelisteten Projekte per August 2026 vorliegen. Sie sind weder Regel noch Angebot --ein einzelner Bauträger kann die Zahlungen anders strukturieren, und Konditionen ändern sich zwischen Bauabschnitten. Nueva Living bestätigt vor jeder Reservierung die aktuelle Zahlungsstruktur einer bestimmten Wohnung schriftlich.",,
172,"Reservation","Reservierung",,
173,"Off-Plan Payment Schedules · 2026 Guide","Off-Plan-Zahlungspläne · Leitfaden 2026",,
174,"At the deed","Bei der Beurkundung",,
175,"That depends on their severity and on your contract, and it is a question for your lawyer rather than a rule. What is generally available is completing with reservations recorded, which shifts the start of the periods until those are put right.","Das hängt von ihrer Schwere und von Ihrem Vertrag ab und ist eher eine Frage für Ihren Anwalt als eine Regel. Möglich ist in der Regel, unter Protokollierung von Vorbehalten zu beurkunden, was den Fristbeginn verschiebt, bis diese behoben sind.",,
176,"IVA at 10% plus AJD at 1.2%, so 11.2% of the price in tax. Both are set by law and neither is negotiable.","10 % IVA plus 1,2 % AJD, also 11,2 % des Preises an Steuern. Beide sind gesetzlich festgelegt und keine davon ist verhandelbar.",,
177,"IVA at 10% is charged on each stage payment as you make it, not held back to completion. This is the line most budgets get wrong: the cash required at each stage is the percentage plus a tenth of it again.","Die 10 % IVA fallen auf jede Rate an, sobald Sie sie zahlen, und werden nicht bis zur Übergabe zurückgestellt. Das ist die Position, die die meisten Budgets falsch ansetzen: Der Liquiditätsbedarf je Stufe ist der Prozentsatz plus ein Zehntel davon.",,
178,"The balance of the price, the AJD in full, notary, Land Registry and your lawyer's fee. This is where the largest single transfer happens.","Der Restkaufpreis, die AJD in voller Höhe, Notar, Grundbuchamt und das Honorar Ihres Anwalts. Hier findet die größte Einzelüberweisung statt.",,
179,"How the Bank Guarantee Works","Wie die Bürgschaft funktioniert",,
180,"A new-build comes with statutory cover against defects, and it is not one warranty but three, each running for a different length of time and each pointing at a different party. Knowing which clock applies to a given problem is what turns a snagging list from a favour the developer might do into a claim with a legal basis.","Ein Neubau ist gesetzlich gegen Mängel geschützt, und zwar nicht durch eine Garantie, sondern durch drei, jede mit eigener Laufzeit und jede gegen einen anderen Beteiligten gerichtet. Zu wissen, welche Frist für ein konkretes Problem gilt, macht aus einer Mängelliste einen Anspruch mit Rechtsgrundlage statt eines Gefallens, den der Bauträger vielleicht tut.",,
181,"All three periods run from the date the works are formally received without reservations -- or, where reservations were made, from the date those are put right. Not from when you move in, and not from the deed.","Alle drei Fristen laufen ab dem Tag der förmlichen Abnahme ohne Vorbehalte --oder, wenn Vorbehalte erklärt wurden, ab deren Behebung. Nicht ab dem Einzug und nicht ab der Beurkundung.",,
182,"The periods and liabilities described here are taken from articles 17 and 19 of Ley 38/1999 and its second additional provision, as consolidated, and are current as of August 2026. This page is general information about how the cover is structured, not legal advice. Whether a particular defect falls in a particular period is a question of fact for your lawyer and, usually, a surveyor. Nueva Living can provide the warranty and insurance documentation held for a specific project on request.","Die hier beschriebenen Fristen und Haftungen stammen aus den Artikeln 17 und 19 der Ley 38/1999 sowie ihrer zweiten Zusatzbestimmung in konsolidierter Fassung und sind auf dem Stand August 2026. Diese Seite ist allgemeine Information zum Aufbau der Deckung, keine Rechtsberatung. Ob ein konkreter Mangel in eine konkrete Frist fällt, ist eine Tatsachenfrage für Ihren Anwalt und meist einen Sachverständigen. Nueva Living stellt die für ein bestimmtes Projekt vorliegenden Garantie- und Versicherungsunterlagen auf Wunsch bereit.",,
183,"Independent help comparing Costa del Sol developers, contracts, payment schedules and bank guarantees before you reserve an off-plan home.","Unabhängige Hilfe beim Vergleich von Bauträgern, Verträgen, Zahlungsplänen und Bürgschaften, bevor Sie eine Off-Plan-Wohnung reservieren.",,
184,"With a Mortgage","Mit Finanzierung",,
185,"After Completion","Nach der Übergabe",,
186,"What a mortgage adds to the total","Was eine Finanzierung zur Summe addiert",,
187,"The costs do not arrive together","Die Kosten kommen nicht auf einmal",,
188,"The costs that start rather than stop","Die Kosten, die anfangen statt aufzuhören",,
189,"What buyers ask us about cost","Was Käufer uns zu den Kosten fragen",,
190,"Arrangement fee","Bearbeitungsgebühr",,
191,"AJD on the mortgage","AJD auf die Hypothek",,
192,"Community fees","Gemeinschaftskosten",,
193,"Non-resident income tax","Nichtansässigen-Steuer",,
194,"At reservation","Bei der Reservierung",,
195,"Is the IVA paid in one payment at the end?","Wird die Mehrwertsteuer am Ende auf einmal gezahlt?",,
196,"Can I reclaim the IVA?","Kann ich die Mehrwertsteuer zurückholen?",,
197,"If you are borrowing, three of the four costs below fall on you and one does not. The one that does not is the one older guides still list as yours.","Wenn Sie finanzieren, tragen Sie drei der vier folgenden Kosten und eine nicht. Ausgerechnet die, die Sie nicht tragen, führen ältere Ratgeber weiter als Ihre auf.",,
198,"The tasaci&oacute;n, &euro;300 to &euro;600, paid before the bank will issue a binding offer. The report is valid for six months, and the bank lends against the lower of valuation and price.","Die tasaci&oacute;n, 300 bis 600 €, wird gezahlt, bevor die Bank ein verbindliches Angebot macht. Das Gutachten gilt sechs Monate, und die Bank finanziert den niedrigeren Wert aus Schätzung und Preis.",,
199,"Nothing. The lender has paid the stamp duty on the mortgage deed since Real Decreto-ley 17/2018. Any guide still listing it as a buyer cost predates that change.","Nichts. Die Stempelsteuer auf die Hypothekenurkunde trägt seit dem Real Decreto-ley 17/2018 der Darlehensgeber. Jeder Ratgeber, der sie noch dem Käufer zurechnet, stammt aus der Zeit davor.",,
200,"0.5% to 1% of the loan, or a fixed fee, if you use one. Worth it where a broker reaches lenders that price non-resident files differently.","0,5 % bis 1 % der Darlehenssumme oder eine Pauschale, falls Sie einen einschalten. Lohnt sich, wo ein Makler Banken erreicht, die Nichtansässigen-Akten anders bepreisen.",,
201,"A single percentage makes it sound like one bill at the end. In practice the tax arrives in instalments and the professional fees arrive at the deed.","Ein einzelner Prozentsatz klingt nach einer Rechnung am Ende. Tatsächlich kommt die Steuer in Raten und die Honorare kommen bei der Beurkundung.",,
202,"Nothing beyond the reservation fee itself, and that counts towards the price rather than sitting on top of it.","Nichts über die Reservierungsgebühr hinaus, und die wird auf den Preis angerechnet statt oben draufgeschlagen.",,
203,"Acquisition cost is the number people compare. Running cost is the number they live with, and it is knowable before you reserve.","Die Erwerbskosten sind die Zahl, die verglichen wird. Die laufenden Kosten sind die Zahl, mit der man lebt, und sie ist vor der Reservierung bekannt.",,
204,"Municipal property tax, charged on the valor catastral rather than the market price, broadly 0.4% to 1.1% of it a year. Because the catastral value is a fraction of what you paid, the bill is usually a few hundred to a couple of thousand euros.","Kommunale Grundsteuer auf den Katasterwert statt auf den Kaufpreis, grob 0,4 % bis 1,1 % davon jährlich. Da der Katasterwert nur ein Bruchteil des Kaufpreises ist, liegt der Bescheid meist bei einigen hundert bis zweitausend Euro.",,
205,"Set per home by participation quota. A development with a spa, heated pools and a concierge costs more to run than a small block, and the community budget exists before you reserve. Ask for it.","Nach Miteigentumsanteil je Wohnung festgesetzt. Eine Anlage mit Spa, beheizten Pools und Concierge kostet im Betrieb mehr als ein kleines Haus, und der Wirtschaftsplan existiert vor Ihrer Reservierung. Fragen Sie danach.",,
206,"Spain taxes an imputed income on a second home even when it is never let, declared on Modelo 210. Residents of the EU and EEA are taxed at 19%, others at 24%.","Spanien besteuert bei einer Zweitwohnung ein fiktives Einkommen, auch wenn sie nie vermietet wird, erklärt über das Modelo 210. Für Ansässige in EU und EWR gilt 19 %, sonst 24 %.",,
207,"No. IVA is set nationally and AJD by Andaluc&iacute;a, and neither moves on a private purchase. What is negotiable is the legal fee, and the arrangement fee if you borrow.","Nein. Die Mehrwertsteuer setzt der Staat fest, die AJD Andalusien, und beide bewegen sich bei einem privaten Kauf nicht. Verhandelbar sind das Anwaltshonorar und, bei Finanzierung, die Bearbeitungsgebühr.",,
208,"No. That tax falls on the seller, and on a new-build the seller is the developer. It is a resale question that follows buyers into new-build guides where it does not belong.","Nein. Diese Steuer trägt der Verkäufer, und beim Neubau ist der Verkäufer der Bauträger. Es ist eine Wiederverkaufsfrage, die Käufer in Neubau-Ratgeber begleitet, wo sie nicht hingehört.",,
209,"No. It is charged on each stage payment as that payment is made. A schedule quoting 30% at contract means 30% plus IVA on that 30%, and the same at every stage after it.","Nein. Sie wird auf jede Rate erhoben, sobald diese gezahlt wird. Ein Plan mit 30 % bei Vertrag bedeutet 30 % plus Mehrwertsteuer auf diese 30 %, und ebenso bei jeder weiteren Stufe.",,
210,"The Tax Gap","Der Steuerunterschied",,
211,"Can I get a mortgage on an off-plan purchase?","Kann ich einen Off-Plan-Kauf finanzieren?",,
212,"Can I sell an off-plan unit before completion?","Kann ich eine Off-Plan-Einheit vor Fertigstellung verkaufen?",,
213,"ITP at 7% and no AJD. Four points lower, on the same price.","ITP mit 7 % und keine AJD. Vier Punkte weniger, auf denselben Preis.",,
214,"A resale at the same headline price costs roughly &euro;18,000 less in tax on a &euro;450,000 purchase. An off-plan unit has to be priced meaningfully below the finished comparable before it is the cheaper transaction, not merely the cheaper number.","Ein Wiederverkauf zum selben Angebotspreis kostet bei einem Kauf von 450.000 € rund 18.000 € weniger an Steuern. Eine Off-Plan-Einheit muss spürbar unter dem fertigen Vergleichsobjekt liegen, um das günstigere Geschäft zu sein und nicht bloß die kleinere Zahl.",,
215,"Unpaid community charges attach to the property itself for the current year and the three preceding ones, and unpaid IBI attaches to it without a time limit of that kind. Your lawyer asks for a certificate of no debt from the community and checks the IBI receipts before you sign.","Offene Gemeinschaftskosten haften der Immobilie selbst für das laufende und die drei vorangegangenen Jahre an, offene IBI ohne eine solche Frist. Ihr Anwalt fordert von der Gemeinschaft eine Schuldenfreiheitsbescheinigung an und prüft die IBI-Bescheide vor der Unterschrift.",,
216,"Where the seller is not resident in Spain, the buyer withholds 3% of the price and pays it to the tax office on the seller's account. It is the buyer's obligation, not the seller's courtesy, and it does not arise at all buying from a developer.","Ist der Verkäufer nicht in Spanien ansässig, behält der Käufer 3 % des Preises ein und führt sie für Rechnung des Verkäufers an das Finanzamt ab. Das ist eine Pflicht des Käufers, kein Entgegenkommen des Verkäufers, und beim Kauf vom Bauträger entsteht sie gar nicht.",,
217,"Extensions, glazed terraces and pool houses added without permission are common and do not always appear in the deed. What is registered, what is built and what was licensed have to agree, and only a search establishes that.","Anbauten, verglaste Terrassen und Poolhäuser ohne Genehmigung sind häufig und stehen nicht immer in der Urkunde. Was eingetragen, was gebaut und was genehmigt ist, muss übereinstimmen, und nur eine Prüfung zeigt das.",,
218,"At the same headline price, no, because the tax is four points higher. Off-plan is cheaper where the price genuinely sits below the finished comparable by more than that, which is a project-by-project question rather than a rule.","Bei gleichem Angebotspreis nein, denn die Steuer liegt vier Punkte höher. Off-Plan ist günstiger, wo der Preis tatsächlich um mehr als das unter dem fertigen Vergleichsobjekt liegt -- eine Frage je Projekt, keine Regel.",,
219,"Yes, but the loan is normally drawn at completion rather than during construction, so the stage payments come out of your own funds. That changes the cash profile more than the total, and it is worth modelling before you reserve.","Ja, aber das Darlehen wird üblicherweise erst bei der Beurkundung ausgezahlt, nicht während der Bauzeit -- die Raten kommen also aus Eigenmitteln. Das verändert das Liquiditätsprofil stärker als die Gesamtsumme und sollte vor der Reservierung durchgerechnet werden.",,
220,"Delays of a few months against the original estimate are common. Your contract sets the delivery date and what happens if it is missed, including whether you may terminate or grant an extension, and that clause is worth reading before you sign rather than after.","Verzögerungen von einigen Monaten gegenüber der ursprünglichen Schätzung sind üblich. Ihr Vertrag legt den Übergabetermin fest und was bei Überschreitung gilt, einschließlich Rücktritt oder Fristverlängerung -- diese Klausel liest man vor der Unterschrift, nicht danach.",,
221,"Sometimes. Whether the contract can be assigned to another buyer, and on what terms and fee, is set by the developer and varies widely. If that is part of your plan, establish it in writing before reserving, not later.","Manchmal. Ob der Vertrag an einen anderen Käufer abgetreten werden kann, zu welchen Bedingungen und gegen welche Gebühr, bestimmt der Bauträger und variiert stark. Gehört das zu Ihrem Plan, halten Sie es vor der Reservierung schriftlich fest, nicht danach.",,
222,"What the guarantee actually returns","Was die Sicherheit tatsächlich zurückgibt",,
223,"Is my reservation fee guaranteed?","Ist meine Reservierungsgebühr abgesichert?",,
224,"Who pays for the guarantee?","Wer zahlt die Sicherheit?",,
225,"Does the guarantee cover a delay, or only non-delivery?","Deckt die Sicherheit Verzug oder nur die Nichtübergabe?",,
226,"Does it transfer if I assign the contract?","Geht sie über, wenn ich den Vertrag abtrete?",,
227,"A guarantee is not compensation for a purchase that went wrong. It is a return of what you handed over, and knowing its edges is what stops it being mistaken for something wider.","Eine Sicherheit ist kein Schadensersatz für einen missglückten Kauf. Sie ist die Rückgabe dessen, was Sie geleistet haben, und ihre Grenzen zu kennen verhindert, sie für mehr zu halten.",,
228,"The amounts paid on account, the taxes charged on those amounts, and statutory interest from the date each payment was made.","Die geleisteten Anzahlungen, die darauf entfallenen Steuern und gesetzliche Zinsen ab dem Tag jeder Zahlung.",,
229,"The gain you expected. If the finished market moved while you waited, the guarantee returns your money and not the difference. It restores your position; it does not deliver the bargain.","Der erwartete Wertzuwachs. Hat sich der Markt für fertige Objekte bewegt, während Sie warteten, gibt die Sicherheit Ihr Geld zurück, nicht die Differenz. Sie stellt Ihre Position wieder her, sie liefert nicht das Geschäft.",,
230,"Costs you incurred around the purchase -- legal fees, travel, a mortgage arrangement fee already paid. Those sit outside the statutory guarantee and belong to whatever your contract says about them.","Kosten rund um den Kauf --Anwaltshonorare, Reisen, eine bereits gezahlte Bearbeitungsgebühr. Sie liegen außerhalb der gesetzlichen Sicherheit und richten sich danach, was Ihr Vertrag dazu sagt.",,
231,"A guarantee that exists at the level of the development is not the same as one issued for your payments. These are the four things to establish, in this order, and none of them requires taking anyone's word for it.","Eine Sicherheit auf Ebene des Projekts ist nicht dasselbe wie eine, die für Ihre Zahlungen ausgestellt wurde. Diese vier Punkte sind zu klären, in dieser Reihenfolge, und keiner verlangt, jemandem zu glauben.",,
232,"Ask whether the building licence has been granted, and for the date. Before that point the statutory guarantee has not yet arisen, however the reservation is described.","Fragen Sie, ob die Baugenehmigung erteilt ist, und nach dem Datum. Davor ist die gesetzliche Sicherheit noch nicht entstanden, wie auch immer die Reservierung bezeichnet wird.",,
233,"The contract should identify the credit institution and the special account, and your payments should go there rather than to a general company account. Compare the account on the contract with the one on the payment instruction.","Der Vertrag muss Kreditinstitut und Sonderkonto benennen, und Ihre Zahlungen sollten dorthin gehen statt auf ein allgemeines Firmenkonto. Vergleichen Sie das Konto im Vertrag mit dem auf der Zahlungsanweisung.",,
234,"Ask for the certificate or policy that covers your payments specifically. It should name you, name the unit, and state the amounts. A master policy for the development is the frame, not the cover.","Verlangen Sie die Urkunde oder Police, die gerade Ihre Zahlungen deckt. Sie muss Sie namentlich nennen, die Einheit bezeichnen und die Beträge ausweisen. Eine Rahmenpolice für das Projekt ist der Rahmen, nicht die Deckung.",,
235,"Check the insurer or bank named on it is authorised to operate in Spain. This takes one search and it is the step people skip.","Prüfen Sie, ob der genannte Versicherer oder die Bank in Spanien zugelassen ist. Das ist eine einzige Abfrage, und es ist der Schritt, den man auslässt.",,
236,"A guaranteed buyer is not in that queue. The claim runs against the insurer or the bank that issued the guarantee, which is a solvent third party with its own obligation to you, and it does not depend on what the developer has left. That is the difference the paperwork buys, and it is why a guarantee held in your own name matters more than a reassurance that the development is covered.","Ein abgesicherter Käufer steht nicht in dieser Schlange. Der Anspruch richtet sich gegen den Versicherer oder die Bank, die die Sicherheit ausgestellt hat -- ein solventer Dritter mit eigener Verpflichtung Ihnen gegenüber -- und hängt nicht davon ab, was dem Bauträger geblieben ist. Das ist der Unterschied, den die Papiere erkaufen, und deshalb wiegt eine Sicherheit auf Ihren Namen mehr als die Zusicherung, das Projekt sei gedeckt.",,
237,"Only once the building licence has been granted. Paid before that, it rests on the wording of your reservation agreement instead, which is a contractual protection rather than a statutory one, and it differs between developers.","Erst nach Erteilung der Baugenehmigung. Davor gezahlt, stützt sie sich auf den Wortlaut Ihrer Reservierungsvereinbarung, also auf vertraglichen statt gesetzlichen Schutz, und der unterscheidet sich je Bauträger.",,
238,"The developer. It is their obligation and their cost, and it should not appear as a charge added to your payments. If it does, ask what it is.","Der Bauträger. Es ist seine Pflicht und seine Kosten, und es sollte nicht als Aufschlag auf Ihre Zahlungen erscheinen. Wenn doch, fragen Sie nach, was das ist.",,
239,"It is triggered where construction does not begin, is not finished within the agreed period, or the habitation certificate is not obtained. A delay that runs past the agreed period reaches it; a delay inside that period is a contract question.","Sie greift, wenn nicht gebaut wird, nicht in der vereinbarten Frist fertiggestellt wird oder die Bewohnbarkeitsbescheinigung ausbleibt. Eine Verzögerung über die vereinbarte Frist hinaus erreicht sie; eine Verzögerung innerhalb der Frist ist eine Vertragsfrage.",,
240,"Not automatically in the sense that matters. Where a contract is assigned, the guarantee has to follow the new buyer in writing, and that is a step to confirm rather than assume.","Nicht automatisch in dem Sinne, der zählt. Wird der Vertrag abgetreten, muss die Sicherheit dem neuen Käufer schriftlich folgen, und das ist ein Schritt zum Bestätigen, nicht zum Annehmen.",,
241,"What 30% at contract actually costs","Was 30 % bei Vertrag wirklich kosten",,
242,"The cost that is not in the schedule","Die Kosten, die nicht im Zahlungsplan stehen",,
243,"What buyers ask us about payments","Was Käufer uns zu den Zahlungen fragen",,
244,"At contract, 30%","Bei Vertrag, 30 %",,
245,"At the deed, 70%","Bei Beurkundung, 70 %",,
246,"Can I negotiate the payment schedule?","Kann ich den Zahlungsplan verhandeln?",,
247,"What if I cannot make a stage payment?","Was, wenn ich eine Rate nicht leisten kann?",,
248,"Do stage payments go to the developer directly?","Gehen die Raten direkt an den Bauträger?",,
249,"Schedules are quoted net of VAT, so every percentage on them understates the transfer by a tenth. On a &euro;600,000 home the difference is not academic.","Zahlungspläne sind netto ausgewiesen, jeder Prozentsatz darin unterschätzt die Überweisung also um ein Zehntel. Bei einer Wohnung für 600.000 € ist der Unterschied nicht akademisch.",,
250,"&euro;180,000 net, less the &euro;10,000 already paid, plus 10% IVA on the &euro;180,000. The transfer is &euro;188,000, not &euro;170,000.","180.000 € netto, abzüglich der bereits gezahlten 10.000 €, zuzüglich 10 % Mehrwertsteuer auf die 180.000 €. Die Überweisung beträgt 188.000 €, nicht 170.000 €.",,
251,"&euro;420,000 net plus IVA on that, plus the AJD on the full price, plus notary, registry and legal. Around &euro;476,000 before fees.","420.000 € netto zuzüglich der darauf entfallenden Mehrwertsteuer, zuzüglich AJD auf den Gesamtpreis, zuzüglich Notar, Register und Anwalt. Rund 476.000 € vor Honoraren.",,
252,"Two schedules can quote identical percentages and behave completely differently, because what triggers a payment is set by wording rather than by the number beside it.","Zwei Zahlungspläne können dieselben Prozentsätze nennen und sich völlig unterschiedlich verhalten, denn was eine Zahlung auslöst, bestimmt der Wortlaut und nicht die Zahl daneben.",,
253,"Where payments follow milestones, the schedule should say who confirms one has been reached. In practice that is the project's technical architect, and the certificate is a document you can ask to see.","Folgen Zahlungen Meilensteinen, muss der Plan benennen, wer deren Erreichen bestätigt. In der Praxis ist das der bauleitende Architekt, und die Bescheinigung ist ein Dokument, das Sie einsehen können.",,
254,"Fifteen days is common, and it is short if funds have to move across borders. Establish the notice period before you sign rather than discovering it with a payment demand.","Fünfzehn Tage sind üblich und knapp, wenn Geld über Grenzen bewegt werden muss. Klären Sie die Frist vor der Unterschrift, statt sie mit der Zahlungsaufforderung kennenzulernen.",,
255,"Contracts vary widely: interest, a cure period, and in some cases termination with retention of part of what you have paid. This is one of the clauses worth reading closely, because it is the one that costs the most when it applies.","Die Verträge unterscheiden sich stark: Zinsen, eine Nachfrist und teils Rücktritt unter Einbehalt eines Teils des Gezahlten. Das ist eine der Klauseln, die man genau liest, denn sie kostet am meisten, wenn sie greift.",,
256,"Occasionally offered, and worth weighing carefully: paying ahead of the schedule increases what you have at risk before delivery, and the guarantee covers what you have paid rather than what you were promised in return.","Wird gelegentlich angeboten und will abgewogen sein: Vorauszahlungen über den Plan hinaus erhöhen, was vor der Übergabe im Risiko steht, und die Sicherheit deckt das Gezahlte, nicht das Versprochene.",,
257,"They should go to the special account named in your contract, held apart from the developer's other funds, once the guarantee regime applies. Compare the account on the contract against the one on the payment instruction each time.","Sie sollten auf das im Vertrag benannte Sonderkonto gehen, getrennt von den übrigen Mitteln des Bauträgers, sobald das Sicherungsregime greift. Vergleichen Sie jedes Mal das Konto im Vertrag mit dem auf der Zahlungsanweisung.",,
258,"Not by itself. Spreading payments helps your cash flow and increases the period over which you are exposed to the build completing. Which matters more depends on your own position, not on the shape of the schedule.","Nicht für sich genommen. Gestreckte Zahlungen entlasten Ihre Liquidität und verlängern den Zeitraum, in dem Sie der Fertigstellung ausgesetzt sind. Was schwerer wiegt, hängt von Ihrer Lage ab, nicht von der Form des Plans.",,
259,"How much does property cost in Marbella?","Was kostet eine Immobilie in Marbella?",,
260,"How much does property cost in Estepona?","Was kostet eine Immobilie in Estepona?",,
261,"How much does property cost in Casares?","Was kostet eine Immobilie in Casares?",,
262,"How much does property cost in Benahavís?","Was kostet eine Immobilie in Benahavís?",,
263,"How much does property cost in Nueva Andalucía?","Was kostet eine Immobilie in Nueva Andalucía?",,
264,"How much does property cost in Mijas and Fuengirola?","Was kostet eine Immobilie in Mijas und Fuengirola?",,
265,"How much does property cost in San Pedro de Alcántara?","Was kostet eine Immobilie in San Pedro de Alcántara?",,
266,"It depends on what you are paying for. Guadalmina Baja and the beachside strip between the A-7 and the sea carry the highest prices and the shortest walk to the sand. Guadalmina Alta and the pueblo cost materially less and give you the town instead. Which side of the A-7 you end up on changes daily life more than the price gap suggests.","Es kommt darauf an, wofür Sie zahlen. Guadalmina Baja und der Streifen zwischen der A-7 und dem Meer tragen die höchsten Preise und den kürzesten Weg zum Sand. Guadalmina Alta und der Ortskern kosten deutlich weniger und geben Ihnen dafür die Stadt. Auf welcher Seite der A-7 Sie landen, verändert den Alltag stärker, als der Preisabstand vermuten lässt.",,
267,"The NIE","Die NIE",,
268,"Power of Attorney","Vollmacht",,
269,"How off-plan payments are staged","Wie Off-Plan-Zahlungen gestaffelt werden",,
270,"When do I need the NIE?","Wann brauche ich die NIE?",,
271,"Do I need a Spanish bank account to buy?","Brauche ich für den Kauf ein spanisches Bankkonto?",,
272,"Why is my lawyer asking where my money came from?","Warum fragt mein Anwalt, woher mein Geld stammt?",,
273,"Can my lawyer apply for the NIE for me?","Kann mein Anwalt die NIE für mich beantragen?",,
274,"Does buying property in Spain make me a tax resident?","Werde ich durch einen Immobilienkauf in Spanien steuerlich ansässig?",,
275,"A tax identifier for foreign nationals, required for the purchase to be registered in your name. Not a residence permit, and not a declaration of tax residency.","Eine Steuerkennung für ausländische Staatsangehörige, erforderlich, damit der Kauf auf Ihren Namen eingetragen wird. Kein Aufenthaltstitel und keine Erklärung zur Steueransässigkeit.",,
276,"Before the private purchase contract, which on an off-plan purchase comes weeks after reservation rather than months.","Vor dem privaten Kaufvertrag, der beim Kauf vom Plan Wochen nach der Reservierung folgt und nicht Monate.",,
277,"You, in person, or a representative holding a power of attorney that covers it. Both routes are ordinary; the choice is usually about timing.","Sie persönlich oder ein Vertreter mit einer entsprechenden Vollmacht. Beide Wege sind üblich; die Wahl ist meist eine Frage des Zeitplans.",,
278,"Before a Spanish notary, in one appointment, usually on the same trip as a viewing.","Vor einem spanischen Notar, in einem Termin, meist auf derselben Reise wie eine Besichtigung.",,
279,"Before a notary where you live, then legalised for use in Spain and translated. Plan for it rather than around it.","Vor einem Notar an Ihrem Wohnort, dann für die Verwendung in Spanien legalisiert und übersetzt. Planen Sie es ein, statt es zu umgehen.",,
280,"Yes, with a power of attorney authorising someone in Spain to sign for you. It is ordinary practice rather than a workaround. Whether it is the right choice is a separate question, and it usually turns on whether you have seen the setting rather than on the paperwork.","Ja, mit einer Vollmacht, die jemanden in Spanien zur Unterschrift für Sie berechtigt. Das ist übliche Praxis und kein Behelf. Ob es die richtige Wahl ist, steht auf einem anderen Blatt und hängt meist daran, ob Sie die Umgebung gesehen haben, nicht an den Papieren.",,
281,"Before the private purchase contract, not at the deed. On an off-plan purchase that contract follows the reservation by a matter of weeks, so the application is worth starting as soon as you reserve rather than once the contract is drafted.","Vor dem privaten Kaufvertrag, nicht bei der Beurkundung. Beim Kauf vom Plan folgt dieser Vertrag der Reservierung nach wenigen Wochen — beantragen Sie sie also mit der Reservierung und nicht erst, wenn der Vertrag vorliegt.",,
282,"Not to complete the purchase itself. You will want one afterwards, because community fees, IBI and utilities are collected by direct debit from a Spanish account. Opening one requires an NIE, which is why the two run in that order.","Für den Kauf selbst nicht. Danach werden Sie eines wollen, denn Gemeinschaftskosten, IBI und Nebenkosten werden per Lastschrift von einem spanischen Konto eingezogen. Die Eröffnung setzt eine NIE voraus — daher diese Reihenfolge.",,
283,"Because they are required to establish it, as are the notary and the bank. It applies to every buyer and says nothing about you. The only real risk is leaving it late, since the evidence often has to come from an institution in another country on their schedule rather than yours.","Weil er dazu verpflichtet ist, ebenso wie Notar und Bank. Das gilt für jeden Käufer und sagt nichts über Sie aus. Das einzige echte Risiko ist, es spät anzugehen, denn die Nachweise müssen oft von einem Institut im Ausland kommen, nach dessen Zeitplan und nicht nach Ihrem.",,
284,"A representative holding a power of attorney that covers it can apply on your behalf. Which route is faster, that or an appointment at your own consulate, depends on the consulate rather than on any general rule, so it is worth asking before choosing.","Ein Vertreter mit einer entsprechenden Vollmacht kann sie für Sie beantragen. Welcher Weg schneller ist — dieser oder ein Termin bei Ihrem Konsulat — hängt vom Konsulat ab und nicht von einer allgemeinen Regel; fragen Sie also, bevor Sie wählen.",,
285,"No. An NIE is an identifier, not a residence permit, and owning a home does not by itself make you resident. Tax residency turns on your own circumstances and is a question for a tax adviser rather than for a property page.","Nein. Die NIE ist eine Kennung, kein Aufenthaltstitel, und Eigentum allein macht Sie nicht ansässig. Die steuerliche Ansässigkeit hängt von Ihren Umständen ab und ist eine Frage für einen Steuerberater, nicht für eine Immobilienseite.",,
286,"Comparing projects, reviewing floorplans and prices, even a private presentation of a development, all happen remotely. What cannot happen by email is the part that involves the Spanish state and your bank: a tax number, a signature the notary will accept, and money that arrives from a source you can evidence. Each of those has a lead time, and each of them delays a purchase when it is started late rather than early.","Projekte vergleichen, Grundrisse und Preise prüfen, sogar eine private Projektpräsentation: all das geht aus der Ferne. Nicht per E-Mail geht der Teil, an dem der spanische Staat und Ihre Bank beteiligt sind: eine Steuernummer, eine Unterschrift, die der Notar akzeptiert, und Geld aus einer Quelle, die Sie belegen können. Jedes davon hat eine Vorlaufzeit, und jedes verzögert den Kauf, wenn man spät statt früh damit beginnt.",,
287,"An NIE, N&uacute;mero de Identificaci&oacute;n de Extranjero, is a tax identification number required for any property purchase in Spain by a non-Spanish national. It is not a residence permit and it does not make you a tax resident. It is an identifier, and without one the purchase cannot be registered in your name.","Die NIE, Número de Identificación de Extranjero, ist eine Steueridentifikationsnummer, die für jeden Immobilienkauf in Spanien durch eine nicht spanische Person erforderlich ist. Sie ist kein Aufenthaltstitel und macht Sie nicht steuerlich ansässig. Sie ist eine Kennung, und ohne sie kann der Kauf nicht auf Ihren Namen eingetragen werden.",,
288,"It is needed before you sign the private purchase contract, not at the deed, which is earlier than most buyers assume. Applications are made in person, either at a Spanish consulate in your own country or in Spain, and a representative acting under a power of attorney can apply on your behalf. Which of those routes is quickest depends on your consulate rather than on any general rule, so the sequence to follow is: ask what your consulate currently requires, then start.","Sie wird vor der Unterzeichnung des privaten Kaufvertrags gebraucht, nicht erst bei der Beurkundung — früher, als die meisten Käufer annehmen. Der Antrag erfolgt persönlich, entweder bei einem spanischen Konsulat in Ihrem Land oder in Spanien, und ein Bevollmächtigter kann ihn für Sie stellen. Welcher Weg schneller ist, hängt von Ihrem Konsulat ab und nicht von einer allgemeinen Regel: Fragen Sie also zuerst, was Ihr Konsulat derzeit verlangt, und beginnen Sie dann.",,
289,"A power of attorney, a poder , authorises someone in Spain to act for you within limits you set. In a property purchase that is usually your lawyer, and it is what allows a contract to be signed and a deed to be completed while you are elsewhere. It is the single document that decides whether the purchase needs you in the country.","Eine Vollmacht, ein poder , ermächtigt jemanden in Spanien, in den von Ihnen gesetzten Grenzen für Sie zu handeln. Beim Immobilienkauf ist das meist Ihr Anwalt, und sie ermöglicht es, einen Vertrag zu unterzeichnen und die Beurkundung vorzunehmen, während Sie anderswo sind. Sie ist das eine Dokument, das darüber entscheidet, ob der Kauf Sie im Land braucht.",,
290,"Spanish banks, notaries and lawyers are required to establish the origin of the funds in a property purchase. This is routine, it applies to everyone, and it is not a judgement about you. It becomes a problem only when it is left until the week of the deed, because the evidence often has to come from institutions in another country and on their timetable.","Spanische Banken, Notare und Anwälte müssen bei einem Immobilienkauf die Herkunft der Mittel feststellen. Das ist Routine, gilt für alle und ist kein Urteil über Sie. Zum Problem wird es nur, wenn man es bis zur Woche der Beurkundung liegen lässt, denn die Nachweise kommen oft von Instituten im Ausland und nach deren Zeitplan.",,
291,"The practical version: whatever the money's history is, it should be documentable from the account it leaves. A sale, a transfer between your own accounts, an inheritance, a bonus. Assemble that early, and the question is answered when it is asked rather than sending you back to a bank abroad at the worst possible moment.","Die praktische Fassung: Welche Geschichte das Geld auch hat, sie sollte ab dem Konto, von dem es abgeht, belegbar sein. Ein Verkauf, eine Umbuchung zwischen eigenen Konten, eine Erbschaft, ein Bonus. Stellen Sie das früh zusammen, dann ist die Frage beantwortet, sobald sie gestellt wird, statt Sie im ungünstigsten Moment zu einer Bank im Ausland zurückzuschicken.",,
292,"With a power of attorney in place, a purchase can complete without you setting foot in Spain. That is worth knowing, and it is not always worth doing. Two moments repay a trip more than any document does.","Mit einer erteilten Vollmacht kann ein Kauf abgeschlossen werden, ohne dass Sie spanischen Boden betreten. Das ist gut zu wissen, und es ist nicht immer gut, es zu tun. Zwei Momente lohnen eine Reise mehr als jedes Dokument.",,
293,"This page describes how a purchase from abroad is structured, not the current paperwork of any one consulate. Requirements, appointment availability and the exact documents differ between countries and change without much notice, and the only reliable version is the one your own consulate publishes today. Nueva Living confirms what a specific purchase requires and coordinates the sequence with your lawyer.","Diese Seite beschreibt, wie ein Kauf aus dem Ausland aufgebaut ist, nicht die aktuellen Formalitäten eines bestimmten Konsulats. Anforderungen, Terminverfügbarkeit und die genauen Unterlagen unterscheiden sich zwischen Ländern und ändern sich kurzfristig; verlässlich ist allein das, was Ihr eigenes Konsulat heute veröffentlicht. Nueva Living klärt, was ein konkreter Kauf erfordert, und stimmt die Reihenfolge mit Ihrem Anwalt ab.",,
294,"Two things matter here and they are separate. The first is where the money goes. On an off-plan purchase, payments made before completion must reach the special account named in your contract, not a general company account. That is a legal requirement rather than an administrative preference, and it is covered in full in","Zwei Dinge zählen hier, und sie sind getrennt. Das erste ist, wohin das Geld geht. Beim Kauf vom Plan müssen Zahlungen vor der Übergabe auf das in Ihrem Vertrag benannte Sonderkonto gelangen und nicht auf ein allgemeines Firmenkonto. Das ist eine gesetzliche Anforderung und keine Verwaltungsvorliebe, und es wird vollständig behandelt in",,
295,"The second is what it costs to get there. A staged purchase paid from a currency other than the euro is a series of conversions rather than one, spread across the build, and the schedule says nothing about that.","Das zweite ist, was der Weg dorthin kostet. Ein in einer anderen Währung als dem Euro bezahlter Ratenkauf ist eine Reihe von Umrechnungen statt einer einzigen, verteilt über die Bauzeit — und davon steht im Zahlungsplan nichts.",,
296,"A Spanish bank account is not strictly required to complete a purchase, which surprises people. It becomes necessary afterwards, because community fees, IBI and utilities are collected by direct debit from a Spanish account. Opening one takes an NIE, so the sequence runs in the order this page does.","Ein spanisches Bankkonto ist für den Abschluss des Kaufs nicht zwingend erforderlich, was überrascht. Nötig wird es danach, denn Gemeinschaftskosten, IBI und Nebenkosten werden per Lastschrift von einem spanischen Konto eingezogen. Die Eröffnung setzt eine NIE voraus — die Reihenfolge verläuft also so wie auf dieser Seite.",,
297,"Buying from Abroad: NIE and Power of Attorney","Kauf aus dem Ausland: NIE und Vollmacht",,
298,"Bank Guarantees Explained","Bankbürgschaften erklärt",,
299,"Off-Plan Payment Schedules","Zahlungspläne beim Kauf vom Plan",,
300,"What a purchase actually needs you present for: when the NIE is required, what a power of attorney covers, and how the money reaches the developer.","Wofür Ihre Anwesenheit wirklich nötig ist: wann die NIE verlangt wird, was eine Vollmacht abdeckt und wie das Geld zum Bauträger gelangt.",,
301,"What actually protects an off-plan deposit under Spanish law, and the point in the timeline at which the statutory guarantee has not started yet.","Was eine Anzahlung beim Kauf vom Plan nach spanischem Recht tatsächlich schützt und der Punkt im Ablauf, an dem die gesetzliche Sicherung noch nicht greift.",,
302,"The staged payment structures the developers on this site have supplied in writing, from reservation through to the balance at deed.","Die gestaffelten Zahlungspläne, die die Bauträger auf dieser Website schriftlich vorgelegt haben — von der Reservierung bis zum Restbetrag bei der Beurkundung.",,
303,"Figures reflect currently published developments matching this search and are reconfirmed by Nueva Living before any viewing or reservation.","Die Zahlen beziehen sich auf die derzeit veröffentlichten Projekte, die dieser Suche entsprechen, und werden von Nueva Living vor jeder Besichtigung oder Reservierung erneut bestätigt.",,
304,"Nueva Living confirms current availability, price list and payment terms directly with the developer.","Nueva Living bestätigt aktuelle Verfügbarkeit, Preisliste und Zahlungsbedingungen direkt beim Bauträger.",,
305,"Usually, yes. Service charges are typically calculated on built size or a fixed per-unit share, and a penthouse’s larger terrace or solarium generally puts it in a higher share than a mid-floor apartment in the same building. Nueva Living confirms the exact community fee structure for any development before you reserve.","In der Regel ja. Die Nebenkosten werden meist nach Wohnfläche oder einem festen Anteil pro Einheit berechnet, und die größere Terrasse oder das Solarium eines Penthouses führt in der Regel zu einem höheren Anteil als bei einer Wohnung in einer mittleren Etage desselben Gebäudes. Nueva Living bestätigt die genaue Nebenkostenstruktur für jedes Projekt, bevor Sie reservieren.",,
306,"New-build apartments and penthouses here are typically sold off-plan or under construction, with staged payments through to completion. Nueva Living reconfirms the current price list, floorplans and payment schedule for any development before you shortlist it.","Neubau-Wohnungen und Penthäuser werden hier in der Regel vom Plan oder im Bau verkauft, mit gestaffelten Zahlungen bis zur Fertigstellung. Nueva Living bestätigt die aktuelle Preisliste, Grundrisse und den Zahlungsplan jedes Projekts erneut, bevor Sie es in die engere Auswahl nehmen.",,
307,"Most current releases are off-plan or under construction, sold with staged payments.","Die meisten aktuellen Neuveröffentlichungen sind vom Plan oder im Bau und werden mit gestaffelten Zahlungen verkauft.",,
308,"Current releases are off-plan, sold with staged payments through to completion.","Aktuelle Neuveröffentlichungen sind vom Plan, mit gestaffelten Zahlungen bis zur Fertigstellung verkauft.",,
309,"New-build apartments and penthouses here are typically sold off-plan, with staged payments through to completion. Nueva Living reconfirms the current price list, floorplans and payment schedule for any development before you shortlist it.","Neubau-Wohnungen und Penthäuser werden hier in der Regel vom Plan verkauft, mit gestaffelten Zahlungen bis zur Fertigstellung. Nueva Living bestätigt die aktuelle Preisliste, Grundrisse und den Zahlungsplan jedes Projekts erneut, bevor Sie es in die engere Auswahl nehmen.",,
310,"Current releases are under construction, sold with staged payments through to completion.","Aktuelle Neuveröffentlichungen befinden sich im Bau und werden mit gestaffelten Zahlungen bis zur Fertigstellung verkauft.",,
311,"What a new-build in Andalucia costs on top of the price: IVA at 10%, AJD at 1.2%, and the notary, registry and legal fees around them.","Was ein Neubau in Andalusien zusätzlich zum Kaufpreis kostet: IVA 10%, AJD 1,2% sowie die Gebühren für Notar, Grundbuch und Anwalt.",,
312,"New-Build Purchase Costs","Kaufnebenkosten für Neubau",,
313,"How buying off-plan and buying a completed resale home actually compare, across price, risk, payment terms and appreciation.","Wie sich der Kauf vom Plan und der Kauf einer fertiggestellten Bestandsimmobilie tatsächlich unterscheiden – bei Preis, Risiko, Zahlungsbedingungen und Wertsteigerung.",,
314,"Spanish banks lend differently to non-resident buyers than to Spanish residents. Where a resident might get financing up to 80% of a property's value, non-residents are typically capped closer to 70%, and the exact rate, term and how much of your income counts all vary by bank and by your personal financial profile. On top of the mortgage itself, budget for taxes and purchase costs &mdash; transfer tax or VAT, notary, land registry and legal fees &mdash; which typically add another 10-13% on top of the purchase price in Spain.","Spanische Banken vergeben Kredite an gebietsfremde Käufer anders als an spanische Residenten. Während ein Resident eine Finanzierung von bis zu 80 % des Immobilienwerts erhalten kann, liegt die Obergrenze für Nicht-Residenten typischerweise näher bei 70 %, und der genaue Zinssatz, die Laufzeit und der angerechnete Anteil Ihres Einkommens variieren je nach Bank und persönlichem Finanzprofil. Neben der Hypothek selbst sollten Sie Steuern und Kaufnebenkosten einplanen &mdash; Grunderwerbsteuer oder Mehrwertsteuer, Notar, Grundbuch und Anwaltskosten &mdash;, die in Spanien in der Regel weitere 10-13 % des Kaufpreises ausmachen.",,
315,"Use the calculator below for a realistic starting estimate of your deposit, monthly payment and total cost of buying, based on typical non-resident lending terms. It is a planning tool, not a mortgage offer &mdash; Nueva Living and your mortgage broker will confirm the real numbers once you have a specific property in mind.","Nutzen Sie den untenstehenden Rechner für eine realistische erste Schätzung Ihrer Anzahlung, monatlichen Rate und der Gesamtkosten des Kaufs, basierend auf typischen Finanzierungsbedingungen für Nicht-Residenten. Es handelt sich um ein Planungstool, kein Hypothekenangebot &mdash; Nueva Living und Ihr Hypothekenmakler bestätigen die tatsächlichen Zahlen, sobald Sie eine konkrete Immobilie im Blick haben.",,
316,"Set to 30% by default &mdash; as a non-Spanish resident, lenders typically finance up to 70% of the property value. Your own maximum will depend on your bank and financial profile.","Standardmäßig auf 30 % festgelegt &mdash; als Nicht-Resident in Spanien finanzieren Kreditgeber in der Regel bis zu 70 % des Immobilienwerts. Ihr persönliches Maximum hängt von Ihrer Bank und Ihrem Finanzprofil ab.",,
317,"Mortgage term","Hypothekenlaufzeit",,
318,"Taxes &amp; purchase costs","Steuern und Kaufnebenkosten",,
319,"Indicative only &mdash; ITP/VAT, notary, registry and legal fees vary by case. Confirm exact costs with your lawyer.","Nur indikativ &mdash; ITP/Mehrwertsteuer, Notar, Grundbuch und Anwaltskosten variieren je nach Fall. Bestätigen Sie die genauen Kosten mit Ihrem Anwalt.",,
320,"Estimated monthly payment","Geschätzte monatliche Rate",,
321,"Cash needed without a mortgage","Erforderliches Bargeld ohne Hypothek",,
322,"Cash needed with a mortgage (deposit + costs)","Erforderliches Bargeld mit Hypothek (Anzahlung + Kosten)",,
323,"Mortgage principal","Hypothekenkapital",,
324,"Current releases are off-plan or under construction, sold with staged payments through to completion.","Die aktuellen Projekte sind Käufe vom Plan oder im Bau und werden mit gestaffelten Zahlungen bis zur Fertigstellung verkauft.",,
325,"What you trade is prestige, not access. Malaga airport is closer from here than it is from Marbella, the train line runs to Fuengirola, and the golf courses at Mijas sit minutes inland. Current releases here are under construction or off-plan with staged payments, and Nueva Living reconfirms the price list, floorplans and payment schedule before you shortlist anything.","Man gibt Prestige auf, nicht Erreichbarkeit. Der Flughafen Malaga liegt von hier näher als von Marbella, die Bahn fährt bis Fuengirola, und die Golfplätze von Mijas liegen wenige Minuten landeinwärts. Die aktuellen Projekte sind im Bau oder Off-Plan mit Ratenzahlung, und Nueva Living bestätigt Preisliste, Grundrisse und Zahlungsplan, bevor Sie etwas in die engere Wahl nehmen.",,
326,"Every current release is under construction or off-plan, sold with staged payments through to completion.","Alle aktuellen Projekte sind im Bau oder Off-Plan, mit Ratenzahlung bis zur Fertigstellung.",,
327,"Land costs less on this stretch than it does between Marbella and Estepona, and that carries through to the finished price rather than reflecting a difference in build quality. Current releases here run from around EUR 390,000, against EUR 527,500 for the equivalent in Marbella.","Grundstücke sind auf diesem Abschnitt günstiger als zwischen Marbella und Estepona, und das schlägt auf den Endpreis durch – es ist kein Unterschied in der Bauqualität. Aktuelle Projekte beginnen hier bei rund 390.000 €, gegenüber 527.500 € für das Äquivalent in Marbella.",,
328,"The largest terrace or solarium in the building and the best of the sea or golf view, at a premium over a mid-floor unit. On this coast a penthouse still frequently lands under what a mid-floor apartment costs further west.","Die größte Terrasse oder das Solarium im Gebäude und der beste Meer- oder Golfblick, mit Aufschlag gegenüber einer mittleren Etage. An dieser Küste liegt ein Penthouse häufig immer noch unter dem, was eine Wohnung im mittleren Stock weiter westlich kostet.",,
329,"It is also unusually mixed. Within a few minutes of each other you will find beachside apartment releases from EUR 695,000 and golf-side villa collections up to EUR 3,500,000, which is why this page covers both rather than splitting them. Every current release here is off-plan or under construction with staged payments.","Der Abschnitt ist außerdem ungewöhnlich gemischt. Wenige Minuten voneinander entfernt finden sich strandnahe Apartments ab 695.000 € und golfnahe Villenkollektionen bis 3.500.000 € – deshalb behandelt diese Seite beide gemeinsam statt getrennt. Alle aktuellen Projekte sind Off-Plan oder im Bau mit Ratenzahlung.",,
330,"All current releases are off-plan or under construction, sold with staged payments through to completion.","Alle aktuellen Projekte sind Off-Plan oder im Bau, mit Ratenzahlung bis zur Fertigstellung.",,
331,"Almost all of it falls within the municipality of Estepona, with the Bel Air end closest to the Marbella boundary. For practical purposes -- taxes, licences, town hall -- treat it as Estepona.","Nahezu alles liegt in der Gemeinde Estepona, wobei das Bel-Air-Ende der Grenze zu Marbella am nächsten liegt. Praktisch gesehen – Steuern, Genehmigungen, Rathaus – behandeln Sie sie als Estepona.",,
332,"They are different in kind rather than degree. An apartment carries a community charge covering shared pools, gardens and lighting. A villa usually carries a smaller community charge but takes on its own pool and garden maintenance directly, which often costs more in total once you add it up.","Sie unterscheiden sich in der Art, nicht im Ausmaß. Ein Apartment trägt ein Hausgeld für gemeinsame Pools, Gärten und Beleuchtung. Eine Villa hat meist ein geringeres Hausgeld, übernimmt aber Pool- und Gartenpflege selbst – in der Summe oft teurer.",,
333,"It also holds the largest concentration of new-build stock on this side of Marbella. The three current releases here run from EUR 690,000, which is roughly where Marbella starts, and they cover apartments, townhouses and villas rather than one format. All are under construction or off-plan with staged payments.","Hier findet sich zudem die größte Konzentration an Neubau auf dieser Seite Marbellas. Die drei aktuellen Projekte beginnen bei 690.000 € – etwa dort, wo Marbella einsetzt – und umfassen Wohnungen, Reihenhäuser und Villen statt nur eines Formats. Alle sind im Bau oder Off-Plan mit Ratenzahlung.",,
334,">Mortgage Calculator",">Hypothekenrechner",,
335,">Legal Notice",">Impressum",,
336,"Information presented on this website is for general marketing purposes only and does not constitute legal, financial or investment advice. Development details, prices and delivery dates are subject to change without notice.","Die auf dieser Website dargestellten Informationen dienen ausschließlich allgemeinen Marketingzwecken und stellen keine Rechts-, Finanz- oder Anlageberatung dar. Projektdetails, Preise und Übergabetermine können sich ohne Vorankündigung ändern.",,
337,"Completion soonest","Frühestes Fertigstellungsdatum",,
338,"Which homes are available, their reservation status, current prices and expected delivery.","Welche Wohnungen verfügbar sind, ihr Reservierungsstatus, aktuelle Preise und die voraussichtliche Übergabe.",,
