id,english,current_pl,suggested_edit,note
1,"dev-fact-value"">Completion Q4 2027 - Q1 2028<","dev-fact-value"">Odbiór IV kw. 2027 - I kw. 2028<",,
2,"dev-fact-value"">Completion to be confirmed<","dev-fact-value"">Termin odbioru do potwierdzenia<",,
3,"dev-fact-value"">Completion Q2 2029<","dev-fact-value"">Odbiór II kw. 2029<",,
4,"dev-fact-value"">Completion Q4 2027<","dev-fact-value"">Odbiór IV kw. 2027<",,
5,"dev-fact-value"">Completion Q3 2027<","dev-fact-value"">Zakończenie III kw. 2027<",,
6,"dev-fact-value"">Completion Q1 2029<","dev-fact-value"">Odbiór I kw. 2029<",,
7,"dev-fact-value"">Completion Q3 2029<","dev-fact-value"">Zakończenie III kw. 2029<",,
8,"What is an NIE number and do I need one?","Czym jest numer NIE i czy jest mi potrzebny?",,
9,"An NIE (Numero de Identificacion de Extranjero) is a tax ID number required for any property purchase in Spain by a non-Spanish national. Nueva Living can guide you through obtaining one before you reserve.","NIE (Número de Identificación de Extranjero) to numer identyfikacji podatkowej wymagany przy każdym zakupie nieruchomości w Hiszpanii przez obywatela innego kraju. Nueva Living pomoże Państwu go uzyskać przed dokonaniem rezerwacji.",,
10,"What costs should I budget for on top of the purchase price?","Jakie dodatkowe koszty powinienem uwzględnić poza ceną zakupu?",,
11,"Buyers typically budget for transfer tax or VAT, notary fees, land registry fees and legal fees on top of the purchase price. Nueva Living provides a full, current cost breakdown for your chosen residence before you reserve.","Kupujący powinni zwykle uwzględnić podatek od czynności cywilnoprawnych lub VAT, opłaty notarialne, opłaty za wpis do księgi wieczystej oraz honoraria prawne, poza ceną zakupu. Nueva Living przedstawia pełne, aktualne zestawienie kosztów dla wybranej przez Państwa nieruchomości przed dokonaniem rezerwacji.",,
12,"Can I get a mortgage in Spain as a non-resident?","Czy jako nierezydent mogę uzyskać kredyt hipoteczny w Hiszpanii?",,
13,"Many Spanish banks offer mortgages to non-resident buyers, typically financing a portion of the purchase price. Exact terms depend on the bank and your personal financial profile.","Wiele hiszpańskich banków oferuje kredyty hipoteczne kupującym nierezydentom, zazwyczaj finansując część ceny zakupu. Dokładne warunki zależą od banku oraz Państwa indywidualnej sytuacji finansowej.",,
14,"Off-plan means the development is still under construction and is usually sold with staged payments through to completion. A completed property is ready to view and move into now.","Zakup na etapie planu oznacza, że inwestycja jest jeszcze w budowie i zazwyczaj sprzedawana jest z płatnościami rozłożonymi na etapy aż do zakończenia budowy. Nieruchomość gotowa jest dostępna do obejrzenia i można się do niej wprowadzić od razu.",,
15,"How does the reservation and payment process work?","Jak przebiega proces rezerwacji i płatności?",,
16,"Reservation and payment structures vary by development and are set out in full before you reserve. Nueva Living reconfirms the current schedule for your chosen residence at every step.","Struktury rezerwacji i płatności różnią się w zależności od inwestycji i są w pełni przedstawiane przed dokonaniem rezerwacji. Nueva Living na każdym etapie ponownie potwierdza aktualny harmonogram dla wybranej przez Państwa nieruchomości.",,
17,"Do I need a lawyer?","Czy potrzebuję prawnika?",,
18,"Yes, we strongly recommend independent legal representation for any property purchase in Spain. Nueva Living can put you in touch with independent lawyers experienced in Costa del Sol property.","Tak, zdecydowanie zalecamy niezależną obsługę prawną przy każdym zakupie nieruchomości w Hiszpanii. Nueva Living może skontaktować Państwa z niezależnymi prawnikami mającymi doświadczenie w nieruchomościach na Costa del Sol.",,
19,"A sea-view render can make almost any development look perfect. We look past the presentation: the exact setting, the developer, the payment terms, the compromises and whether the property will still suit you years from now.","Wizualizacja z widokiem na morze może sprawić, że niemal każda inwestycja wygląda idealnie. My patrzymy dalej niż prezentacja: dokładna lokalizacja, deweloper, warunki płatności, kompromisy oraz to, czy nieruchomość będzie Państwu odpowiadać także za kilka lat.",,
20,"From your brief and viewings to negotiation and handover, we keep the moving parts together and coordinate with your independent lawyer.","Od Państwa wymagań i oglądania nieruchomości, przez negocjacje, aż po przekazanie kluczy — utrzymujemy spójność wszystkich elementów procesu i koordynujemy działania z Państwa niezależnym prawnikiem.",,
21,"From first enquiry to reservation","Od pierwszego zapytania do rezerwacji",,
22,"We arrange viewings, share the project documents and explain the reservation process.","Organizujemy oglądanie nieruchomości, udostępniamy dokumentację projektu i wyjaśniamy proces rezerwacji.",,
23,"We help you check the location, developer, finishes, payment plan and future resale appeal before you choose a home.","Pomagamy Państwu sprawdzić lokalizację, dewelopera, standard wykończenia, plan płatności oraz przyszłą atrakcyjność przy odsprzedaży, zanim wybiorą Państwo dom.",,
24,"We compare prices, orientation, amenities, completion dates and nearby alternatives side by side.","Porównujemy obok siebie ceny, orientację względem stron świata, udogodnienia, terminy zakończenia budowy oraz pobliskie alternatywy.",,
25,"We organise project documents, viewings, reservation details and an introduction to an independent lawyer.","Organizujemy dokumentację projektu, oglądanie nieruchomości, szczegóły rezerwacji oraz kontakt z niezależnym prawnikiem.",,
26,"We only flag urgency when availability, pricing or a reservation deadline genuinely changes.","Sygnalizujemy pilność wyłącznie wtedy, gdy dostępność, cena lub termin rezerwacji rzeczywiście się zmieniają.",,
27,"A genuine share of our commission, not a flat finder's fee.","Prawdziwy udział w naszej prowizji, a nie stała opłata za polecenie.",,
28,"How buying off-plan and buying a completed resale home actually compare on the Costa del Sol, across price, risk, payment terms and appreciation.","Jak naprawdę wypada porównanie zakupu na etapie projektu i gotowego mieszkania z rynku wtórnego na Costa del Sol: cena, ryzyko, warunki płatności i wzrost wartości.",,
29,"Bank Guarantees on Off-Plan Property · 2026 Guide","Gwarancje bankowe przy zakupie na etapie projektu · Przewodnik 2026",,
30,"New-Build Purchase Costs in Andalucia · 2026 Guide","Koszty zakupu nowej nieruchomości w Andaluzji · Przewodnik 2026",,
31,"What the areas cost","Ile kosztują poszczególne obszary",,
32,"New-build and off-plan purchases follow a different sequence from a resale purchase: staged payments, a private purchase contract, and a developer's construction timeline rather than an immediate move-in date. Seven steps, start to finish.","Zakupy nowych domów i nieruchomości na etapie budowy przebiegają inaczej niż zakup z rynku wtórnego: płatności etapowe, prywatna umowa kupna oraz harmonogram budowy dewelopera zamiast natychmiastowej daty wprowadzenia się. Siedem kroków, od początku do końca.",,
33,"Steps, Reservation to Keys","Kroków, od rezerwacji do kluczy",,
34,"People Involved: You, Nueva Living, Your Lawyer","Zaangażowane osoby: Państwo, Nueva Living, Państwa prawnik",,
35,"Weeks, Reservation to Contract","Tygodni, od rezerwacji do umowy",,
36,"Off-plan usually means a lower entry price and payments staged over the build period, at the cost of waiting. A completed home costs more upfront but you can see and move into it now. See our full off-plan vs resale comparison for the detail.","Zakup na etapie budowy zwykle oznacza niższą cenę wejścia i płatności rozłożone na okres budowy, kosztem oczekiwania. Gotowy dom kosztuje więcej z góry, ale można go od razu obejrzeć i się wprowadzić. Zobacz nasze pełne porównanie zakupu na etapie budowy i rynku wtórnego , aby poznać szczegóły.",,
37,"A reservation takes the specific residence off the market while your private purchase contract is prepared, typically within two to four weeks.","Rezerwacja wycofuje konkretną nieruchomość z rynku na czas przygotowania Państwa prywatnej umowy kupna, zwykle w ciągu dwóch do czterech tygodni.",,
38,"Pay the reservation amount, which is later credited against the purchase price.","Wpłać kwotę rezerwacyjną, która później zostanie zaliczona na poczet ceny zakupu.",,
39,"Confirms the reservation terms and what happens to the amount if you do not proceed.","Potwierdza warunki rezerwacji i to, co stanie się z kwotą, jeśli nie zdecydują się Państwo kontynuować.",,
40,"Good to know: how much is the reservation?","Warto wiedzieć: ile wynosi rezerwacja?",,
41,"It varies by developer and project, from a few thousand euros up to around 1% of the price on some developments. A reservation is not the point of no return, but it is a real commitment -- confirm the terms before you pay it.","Kwota różni się w zależności od dewelopera i projektu, od kilku tysięcy euro do około 1% ceny w niektórych inwestycjach. Rezerwacja nie jest punktem bez odwrotu, ale stanowi realne zobowiązanie -- potwierdź warunki przed jej opłaceniem.",,
42,"Sign the Private Purchase Contract","Podpisanie prywatnej umowy kupna",,
43,"The binding agreement setting out price, payment schedule, specification and delivery terms. You will need an NIE before or shortly after this stage.","Wiążąca umowa określająca cenę, harmonogram płatności, specyfikację i warunki przekazania. Numer NIE będzie Państwu potrzebny przed tym etapem lub wkrótce po nim.",,
44,"Obtain your NIE if you do not already have one, and review the contract.","Uzyskują Państwo numer NIE, jeśli jeszcze go nie mają, i analizują umowę.",,
45,"What Your Lawyer Does","Co robi Państwa prawnik",,
46,"Reviews the contract terms and confirms the bank guarantee before you sign.","Analizuje warunki umowy i potwierdza gwarancję bankową przed podpisaniem.",,
47,"For off-plan purchases, payments from this point are usually staged across construction milestones. Spanish law requires developers to bank-guarantee off-plan payments made before completion, so staged payments are protected if the development is not delivered -- confirming that guarantee is in place is one of the checks your lawyer carries out.","W przypadku zakupów na etapie budowy płatności od tego momentu są zwykle rozłożone na etapy budowy. Prawo hiszpańskie wymaga od deweloperów zabezpieczenia bankowego płatności dokonanych przed ukończeniem, dzięki czemu płatności etapowe są chronione, jeśli inwestycja nie zostanie przekazana -- potwierdzenie istnienia tej gwarancji jest jedną z kontroli przeprowadzanych przez Państwa prawnika.",,
48,"Legal Checks and Independent Representation","Kontrole prawne i niezależna reprezentacja",,
49,"We strongly recommend independent legal representation -- a lawyer acting for you, not the developer or the selling agency.","Zdecydowanie zalecamy niezależną reprezentację prawną -- prawnika działającego w Państwa interesie, a nie w interesie dewelopera czy agencji sprzedaży.",,
50,"Instruct an independent lawyer before signing anything binding.","Zaangażuj niezależnego prawnika przed podpisaniem czegokolwiek wiążącego.",,
51,"Checks the developer's registration and track record, the building licence, land registry status and the bank guarantee.","Sprawdza rejestrację i historię dewelopera, pozwolenie na budowę, stan w rejestrze gruntów oraz gwarancję bankową.",,
52,"Many non-resident buyers arrange a mortgage at this stage. Spanish banks do lend to non-residents, usually financing a portion of the price, though exact terms depend on the bank and your financial profile.","Wielu kupujących niebędących rezydentami organizuje kredyt hipoteczny na tym etapie. Hiszpańskie banki rzeczywiście udzielają kredytów nierezydentom, zwykle finansując część ceny, choć dokładne warunki zależą od banku i Państwa profilu finansowego.",,
53,"Completion and Handover","Finalizacja i przekazanie",,
54,"Completion happens at the notary, where the final balance is paid and the deed of sale is signed and registered in your name.","Finalizacja odbywa się u notariusza, gdzie płacona jest ostateczna kwota, a akt sprzedaży zostaje podpisany i zarejestrowany na Państwa nazwisko.",,
55,"Pay the final balance and sign at the notary.","Płacą Państwo pozostałą kwotę i podpisują dokumenty u notariusza.",,
56,"Confirms the deed of sale and its registration.","Potwierdza akt sprzedaży i jego rejestrację.",,
57,"Good to know: warranties and ongoing costs","Warto wiedzieć: gwarancje i bieżące koszty",,
58,"Spanish building law generally provides for a structural warranty, a shorter warranty on installations, and a one-year warranty on finishes. After completion, budgeting for ongoing costs such as community fees and annual property tax (IBI) becomes part of owning the home.","Hiszpańskie prawo budowlane przewiduje zazwyczaj gwarancję konstrukcyjną, krótszą gwarancję na instalacje oraz roczną gwarancję na wykończenie. Po finalizacji planowanie budżetu na bieżące koszty, takie jak opłaty wspólnoty i roczny podatek od nieruchomości (IBI), staje się częścią posiadania domu.",,
59,"Apply for your NIE","Złóż wniosek o numer NIE",,
60,"Select an independent lawyer","Wybór niezależnego prawnika",,
61,"Consider a Spanish bank account","Rozważ założenie hiszpańskiego konta bankowego",,
62,"NIE","NIE",,
63,"Numero de Identificacion de Extranjero -- a Spanish tax ID number required for any property purchase by a non-Spanish national.","Numero de Identificacion de Extranjero -- hiszpański numer identyfikacji podatkowej wymagany przy każdym zakupie nieruchomości przez osobę niebędącą obywatelem Hiszpanii.",,
64,"Reservation Agreement","Umowa rezerwacyjna",,
65,"The document and payment that takes a specific residence off the market while your private purchase contract is prepared.","Dokument i płatność, które wycofują konkretną nieruchomość z rynku na czas przygotowania Państwa prywatnej umowy kupna.",,
66,"Private Purchase Contract","Prywatna umowa kupna",,
67,"Contrato de compraventa -- the binding agreement setting out price, payment schedule, specification and delivery terms.","Contrato de compraventa -- wiążąca umowa określająca cenę, harmonogram płatności, specyfikację i warunki przekazania.",,
68,"Bank Guarantee","Gwarancja bankowa",,
69,"Legally required protection for off-plan payments made before completion, covering you if the development is not delivered.","Wymagana prawnie ochrona dla płatności dokonanych przed ukończeniem na etapie budowy, chroniąca Państwa w razie nieprzekazania inwestycji.",,
70,"Notary","Notariusz",,
71,"The public official before whom the final deed of sale is signed at completion.","Urzędnik publiczny, przed którym podpisywany jest ostateczny akt sprzedaży w momencie finalizacji.",,
72,"The deed of sale signed at the notary and registered in your name at completion.","Akt sprzedaży podpisany u notariusza i zarejestrowany na Państwa nazwisko w momencie finalizacji.",,
73,"Land Registry","Księgi wieczyste",,
74,"The official record of property ownership and charges, checked by your lawyer before you sign.","Oficjalny rejestr własności nieruchomości i obciążeń, sprawdzany przez Państwa prawnika przed podpisaniem.",,
75,"This guide is general information about the typical off-plan buying process on the Costa del Sol. It is not legal, tax or financial advice, and does not replace independent professional advice tailored to your situation.","Ten przewodnik zawiera ogólne informacje o typowym procesie zakupu na etapie budowy na Costa del Sol. Nie stanowi porady prawnej, podatkowej ani finansowej i nie zastępuje niezależnej profesjonalnej porady dostosowanej do Państwa sytuacji.",,
76,"Payment","Płatność",,
77,"Completion","Przeniesienie własności",,
78,"Staged: a reservation, a larger payment on signing the private purchase contract, further payments at construction milestones, and the balance on completion.","Etapami: rezerwacja, większa wpłata przy podpisaniu umowy, kolejne wpłaty na kamieniach milowych budowy i reszta przy odbiorze.",,
79,"Construction and delivery risk: the project could be delayed or, worst case, not completed. Payments made before completion are required by law to be bank-guaranteed.","Ryzyko budowy i odbioru: inwestycja może się opóźnić lub, w najgorszym razie, nie zostać ukończona. Wpłaty przed odbiorem muszą być z mocy prawa objęte gwarancją bankową.",,
80,"Buying early sometimes means a genuine say in finishes -- flooring, kitchen options, occasionally layout -- depending how far along construction is. That window closes near completion.","Wczesny zakup czasem daje realny wpływ na wykończenie — podłogi, opcje kuchni, czasem układ — zależnie od zaawansowania budowy. To okno zamyka się bliżej odbioru.",,
81,"The case is buying below completed-market price and the value closing that gap by delivery. This depends on the specific project and area performing as expected -- it is not a guarantee.","Założenie: kupują Państwo poniżej ceny rynkowej gotowego lokalu, a wartość domyka tę różnicę do odbioru. Zależy to od konkretnej inwestycji i okolicy — to nie gwarancja.",,
82,"Completion depends on the developer obtaining the first occupation license and certificate of completion before the deed can be signed at the notary. Your lawyer confirms these are in place before you complete.","Przeniesienie własności zależy od uzyskania przez dewelopera pozwolenia na użytkowanie i świadectwa ukończenia, zanim akt zostanie podpisany u notariusza. Państwa prawnik potwierdza, że dokumenty są, zanim sfinalizują Państwo zakup.",,
83,"Costs more upfront, but you are paying for a known quantity: the actual finish, the actual view, the actual noise level, none of which you can fully judge from a floorplan and a render.","Kosztuje więcej z góry, ale płacą Państwo za wielkość znaną: realne wykończenie, realny widok, realny poziom hałasu — czego nie da się w pełni ocenić z rzutu i wizualizacji.",,
84,"Simpler: reserve, sign, pay the balance, usually within 30 to 60 days. No construction-linked schedule, and no way to spread the cost over time.","Prościej: rezerwacja, podpis, zapłata reszty, zwykle w 30–60 dni. Bez harmonogramu powiązanego z budową i bez możliwości rozłożenia kosztu w czasie.",,
85,"Can generate rental income or be lived in immediately after completion, with no construction timeline in the way.","Może od razu po zakupie przynosić dochód z najmu lub służyć do zamieszkania, bez czekania na budowę.",,
86,"Already issued and checkable: your lawyer verifies the existing title, license history and any charges on the property at the Land Registry before you sign.","Już wydane i możliwe do sprawdzenia: prawnik weryfikuje istniejący tytuł własności, historię pozwoleń i ewentualne obciążenia w księdze wieczystej przed podpisaniem.",,
87,"Does the bank guarantee cover everything I pay?","Czy gwarancja bankowa obejmuje wszystko, co wpłacam?",,
88,"It covers payments made ahead of completion specifically. The exact scope and validity of the guarantee for a given project is something to confirm in writing before signing, not something to assume.","Obejmuje konkretnie wpłaty dokonane przed odbiorem. Dokładny zakres i ważność gwarancji dla danej inwestycji potwierdź na piśmie przed podpisaniem, a nie zakładaj.",,
89,"Off-plan tends to suit buyers who do not need the property immediately, want to spread payments over time, and are comfortable with construction-stage risk in exchange for a lower entry price and, in some cases, a say in the finish.","Zakup na etapie projektu zwykle pasuje kupującym, którzy nie potrzebują nieruchomości od razu, chcą rozłożyć płatności w czasie i akceptują ryzyko etapu budowy w zamian za niższą cenę wejścia i czasem wpływ na wykończenie.",,
90,"A completed home tends to suit buyers who want to move in, rent out, or simply see exactly what they are buying without waiting or without taking on delivery risk -- often at a higher upfront cost for that certainty.","Gotowy dom zwykle pasuje kupującym, którzy chcą się wprowadzić, wynająć albo po prostu zobaczyć dokładnie, co kupują, bez czekania i bez ryzyka odbioru — często za wyższą cenę z góry w zamian za tę pewność.",,
91,"Private Purchase Contract Contrato de compraventa -- the binding agreement setting out price, payment schedule, specification and delivery terms, signed after reservation.","Prywatna umowa kupna Contrato de compraventa — wiążąca umowa określająca cenę, harmonogram płatności, standard wykończenia i warunki odbioru, podpisywana po rezerwacji.",,
92,"Bank Guarantee Legally required protection for off-plan payments made before completion, covering you if the development is not delivered.","Gwarancja bankowa Wymagana prawem ochrona wpłat dokonanych przed odbiorem, zabezpieczająca Państwa, gdyby inwestycja nie została ukończona.",,
93,"First Occupation License Licencia de primera ocupacion -- the official confirmation a newly built home is fit to be lived in, required before completion.","Pozwolenie na użytkowanie Licencia de primera ocupación — urzędowe potwierdzenie, że nowo wybudowany dom nadaje się do zamieszkania; wymagane przed przeniesieniem własności.",,
94,"Escritura The deed of sale signed at the notary and registered in your name at completion.","Escritura Akt sprzedaży podpisywany u notariusza i wpisywany na Państwa nazwisko przy finalizacji.",,
95,"This guide is general information to help you compare off-plan and resale purchases on the Costa del Sol. It is not legal, tax or financial advice, and does not replace independent professional advice tailored to your situation.","Ten poradnik zawiera informacje ogólne, pomocne przy porównaniu zakupu na rynku pierwotnym i wtórnym na Costa del Sol. Nie stanowi porady prawnej, podatkowej ani finansowej i nie zastępuje niezależnej porady dopasowanej do Państwa sytuacji.",,
96,"What does it cost to use Nueva Living?","Ile kosztuje skorzystanie z Nueva Living?",,
97,"Yes. What we add is the comparison: the availability list as the seller issued it, the purchase costs on top of the asking price, and the checks worth making before you reserve.","Tak. To, co wnosimy, to porównanie: lista dostępności w postaci wydanej przez sprzedającego, koszty zakupu doliczane do ceny ofertowej oraz kontrole, które warto przeprowadzić przed rezerwacją.",,
98,"Whether it changes what we show you is not something we can settle by claiming otherwise. Read a project page instead: the empty cells where a seller gave us no figure, the purchase costs added on top of the asking price, the two sources printed side by side when they disagree. That is the evidence, and it is the same on every development we publish.","Czy zmienia to, co Państwu pokazujemy, nie jest czymś, co moglibyśmy rozstrzygnąć zapewnieniem, że nie. Proszę zamiast tego przeczytać stronę inwestycji: puste pola tam, gdzie sprzedający nie podał nam liczby, koszty zakupu doliczone do ceny ofertowej, dwa źródła obok siebie, gdy są rozbieżne. To jest dowód i jest taki sam w każdej inwestycji, którą publikujemy.",,
99,"Whether the building licence is granted, whether your payments sit behind a bank guarantee, and whether the completion date is contractual or merely indicative.","Czy pozwolenie na budowę jest wydane, czy Państwa wpłaty są zabezpieczone gwarancją bankową i czy data odbioru jest umowna, czy jedynie orientacyjna.",,
100,"Including the parts that cost you money. Where tax adds six figures to the asking price, that is on the page and not left for the notary to mention.","Łącznie z tym, co kosztuje Państwa pieniądze. Gdy podatki dokładają sześciocyfrową kwotę do ceny ofertowej, jest to na stronie, a nie pozostawione notariuszowi.",,
101,"Enquiry details may be processed in Nueva Living's customer relationship management system and shared with developers, legal advisers or other service providers only where necessary for a requested enquiry, viewing, reservation or service step. Website measurement events may be processed by Nueva Living's CRM and hosting providers for analytics and technical operation.","Dane zapytania mogą być przetwarzane w systemie zarządzania relacjami z klientami (CRM) Nueva Living i udostępniane deweloperom, doradcom prawnym lub innym usługodawcom wyłącznie wtedy, gdy jest to konieczne do realizacji zapytania, oględzin, rezerwacji lub etapu usługi. Zdarzenia związane z pomiarem witryny mogą być przetwarzane przez dostawców CRM i hostingu Nueva Living w celach analitycznych i technicznych.",,
102,"Legal Notice","Nota prawna",,
103,"Legal notice draft for Nueva Living.","Projekt noty prawnej Nueva Living.",,
104,"No Legal Or Financial Advice","Brak doradztwa prawnego lub finansowego",,
105,"This website is presented under the Nueva Living brand and operated by LIORA LIVING SL., Tax ID (NIF) B88827472.","Ta strona internetowa jest prezentowana pod marką Nueva Living i prowadzona przez LIORA LIVING SL., NIP (NIF) B88827472.",,
106,"Information on this website does not constitute legal, financial, tax or investment advice. Buyers should seek independent professional advice before making any property decision.","Informacje zawarte na tej stronie nie stanowią porady prawnej, finansowej, podatkowej ani inwestycyjnej. Kupujący powinni zasięgnąć niezależnej porady specjalisty przed podjęciem jakiejkolwiek decyzji dotyczącej nieruchomości.",,
107,"This page explains the main terms in plain language. It should be reviewed by qualified legal counsel before any future material change.","Ta strona wyjaśnia główne warunki prostym językiem. Powinna zostać zweryfikowana przez wykwalifikowanego prawnika przed wprowadzeniem jakiejkolwiek istotnej zmiany w przyszłości.",,
108,"Legal","Informacje prawne",,
109,"For the one-off taxes and fees due at purchase, see our breakdown of new-build purchase costs in Andalucia .","Jednorazowe podatki i opłaty należne przy zakupie opisujemy w zestawieniu kosztów zakupu nowej nieruchomości w Andaluzji .",,
110,"The two routes are also taxed differently: new-build carries IVA and AJD, resale carries ITP. See what a new-build actually costs in Andalucia for the figures.","Obie ścieżki są też inaczej opodatkowane: nowe budownictwo objęte jest IVA i AJD, rynek wtórny — ITP. Liczby znajdą Państwo w tekście ile naprawdę kosztuje nowa nieruchomość w Andaluzji .",,
111,"New-build in Andalucia in 2026: IVA at 10%, AJD at 1.2%, plus notary, land registry and legal fees, and the reduced stamp-duty rates that can apply.","Nowe budownictwo w Andaluzji w 2026: IVA 10%, AJD 1,2%, plus notariusz, księgi wieczyste i koszty prawne oraz obniżone stawki AJD, które mogą mieć zastosowanie.",,
112,"Every competitor writes a Spain-wide cost guide quoting 8 to 13 per cent. New-build in Andalucia is a specific number, and it is knowable before you offer.","Każdy ogólnohiszpański poradnik kosztów podaje od 8 do 13 procent. W przypadku nowego budownictwa w Andaluzji to konkretna liczba, którą można poznać przed złożeniem oferty.",,
113,"Most cost guides for Spain quote a single national range, usually somewhere between 8 and 13 per cent. That range exists because it is averaging two different purchases across seventeen regions. For a new-build in Andaluc&iacute;a the tax side is not a range at all -- it is two fixed rates, and you can work out the number exactly.","Większość poradników kosztowych dla Hiszpanii podaje jeden ogólnokrajowy przedział, zwykle od 8 do 13 procent. Ten przedział bierze się stąd, że uśrednia dwa różne rodzaje zakupu w siedemnastu regionach. Przy nowym budownictwie w Andaluzji strona podatkowa nie jest przedziałem — to dwie stałe stawki, a kwotę można wyliczyć dokładnie.",,
114,"A new-build bought from the developer is a first transmission, so it carries VAT rather than the transfer tax that applies to a resale. In Andaluc&iacute;a that means two separate taxes on the same purchase.","Nowe mieszkanie kupione od dewelopera to pierwsze przeniesienie własności, więc podlega VAT, a nie podatkowi od czynności cywilnoprawnych stosowanemu przy rynku wtórnym. W Andaluzji oznacza to dwa odrębne podatki od tej samej transakcji.",,
115,"11.2% on a new-build. For comparison, a resale in Andaluc&iacute;a carries ITP at 7% and no AJD -- so the tax on a new home is roughly four points higher than on an equivalent resale.","11,2% przy nowym budownictwie. Dla porównania, rynek wtórny w Andaluzji objęty jest ITP w wysokości 7% i nie płaci AJD — podatek od nowego domu jest więc o mniej więcej cztery punkty wyższy niż od porównywalnej nieruchomości z rynku wtórnego.",,
116,"Andaluc&iacute;a applies reduced AJD rates in specific circumstances. They are worth checking before you assume the general rate, though most purchases on this coast fall outside them.","Andaluzja stosuje obniżone stawki AJD w określonych sytuacjach. Warto je sprawdzić, zanim przyjmie się stawkę ogólną, choć większość zakupów na tym wybrzeżu się w nich nie mieści.",,
117,"Notary and Land Registry fees are set by national tariff, so they do not vary between providers. Legal fees do.","Opłaty notarialne i za wpis do księgi wieczystej są ustalone ogólnokrajową taryfą, więc nie różnią się między usługodawcami. Honoraria prawne już tak.",,
118,"Roughly &euro;600 to &euro;1,200 on a typical residential purchase, scaling with the price and the length of the deed. Regulated, so shopping around does not change it.","Około 600–1200 € przy typowym zakupie mieszkaniowym, zależnie od ceny i objętości aktu. Stawka jest regulowana, więc porównywanie ofert nic nie zmienia.",,
119,"Typically 1% of the price plus 21% IVA on the fee, or a fixed quote in the &euro;1,500 to &euro;3,000 range for a straightforward purchase. This one is negotiable, and it is the line worth comparing quotes on.","Zwykle 1% ceny plus 21% IVA od honorarium albo stała wycena w przedziale 1500–3000 € przy nieskomplikowanym zakupie. Ta pozycja podlega negocjacji i to właśnie ją warto porównywać.",,
120,"Roughly &euro;4,500 plus IVA at 1%, or a fixed quote","Około 4500 € plus IVA przy 1%, albo stała wycena",,
121,"Around &euro;57,000, or about 12.5% over the price. Taxes are the fixed &euro;50,400 of that; the rest moves with who you instruct.","Około 57 000 €, czyli mniej więcej 12,5% ponad cenę. Z tego 50 400 € to stałe podatki; reszta zależy od tego, kogo Państwo zatrudnią.",,
122,"That is the acquisition cost. It does not include mortgage arrangement and valuation fees if you are borrowing, furnishing, or the running costs that start after completion -- IBI, community fees and utilities.","To koszt nabycia. Nie obejmuje opłat za uruchomienie kredytu i wycenę, jeśli finansują Państwo zakup, umeblowania ani kosztów bieżących, które zaczynają się po odbiorze: IBI, opłat wspólnoty i mediów.",,
123,"The IVA rate is national and the AJD rate is set by Andaluc&iacute;a; both can change, and the reduced rates carry conditions that depend on your circumstances. This page is general information about how the costs are structured, not tax or legal advice. Confirm the figures for your own purchase with your lawyer or tax adviser before you commit to anything. Nueva Living provides a written cost breakdown for a specific residence on request.","Stawka IVA jest ogólnokrajowa, a stawkę AJD ustala Andaluzja; obie mogą się zmienić, a stawki obniżone obwarowane są warunkami zależnymi od Państwa sytuacji. Ta strona to ogólna informacja o strukturze kosztów, a nie porada podatkowa ani prawna. Prosimy potwierdzić liczby dotyczące Państwa zakupu u swojego prawnika lub doradcy podatkowego, zanim zobowiążą się Państwo do czegokolwiek. Na życzenie Nueva Living przygotowuje pisemne zestawienie kosztów dla konkretnej nieruchomości.",,
124,"IVA and AJD, not transfer tax","IVA i AJD, a nie podatek od przeniesienia własności",,
125,"What a new-build costs on top of the price","Ile kosztuje nowe budownictwo ponad cenę",,
126,"When AJD is lower than 1.2%","Kiedy AJD jest niższe niż 1,2%",,
127,"Notary, registry and legal fees","Notariusz, księgi wieczyste i koszty prawne",,
128,"New-Build Purchase Costs in Andalucia","Koszty zakupu nowej nieruchomości w Andaluzji",,
129,"Request a Cost Breakdown","Poproś o zestawienie kosztów",,
130,"AJD (stamp duty)","AJD (opłata skarbowa)",,
131,"The Two Taxes","Dwa podatki",,
132,"IVA at 10%","IVA 10%",,
133,"AJD at 1.2%","AJD 1,2%",,
134,"Notary and registry","Notariusz i księgi wieczyste",,
135,"On Top of Tax","Poza podatkami",,
136,"IVA (VAT)","IVA (VAT)",,
137,"Total tax","Podatki łącznie",,
138,"This guide is general information about buying a new-build home on the Costa del Sol. It is not legal, tax or financial advice, and does not replace independent professional advice tailored to your situation.","Ten przewodnik zawiera ogólne informacje o zakupie nowo wybudowanego domu na Costa del Sol. Nie stanowi porady prawnej, podatkowej ani finansowej i nie zastępuje niezależnej profesjonalnej porady dostosowanej do Państwa sytuacji.",,
139,"Bank Guarantees on Off-Plan Property in Spain","Gwarancje bankowe przy zakupie w Hiszpanii",,
140,"Disclosure in the contract","Ujawnienie w umowie",,
141,"Advance payments must be received through a credit institution and deposited in a special account, kept separate from any other class of funds. Money may only leave that account for costs arising directly from the construction of those homes. It is not the developer's working capital.","Wpłaty zaliczkowe muszą wpływać za pośrednictwem instytucji kredytowej na rachunek specjalny, oddzielony od wszelkich innych środków. Wypłaty z niego są dopuszczalne wyłącznie na koszty wynikające bezpośrednio z budowy tych lokali. To nie jest kapitał obrotowy dewelopera.",,
142,"The purchase contract itself must state the developer's obligation to repay, identify the insurer or guarantor, and identify the credit institution and the account. At signing you should also be handed the document evidencing the guarantee attached to your particular payments.","Sama umowa sprzedaży musi wskazywać obowiązek zwrotu po stronie dewelopera oraz identyfikować ubezpieczyciela lub gwaranta, a także instytucję kredytową i rachunek. Przy podpisaniu powinni Państwo otrzymać również dokument potwierdzający zabezpieczenie Państwa konkretnych wpłat.",,
143,"Failing to put the guarantee in place is treated as a consumer-protection infringement, carrying a penalty of up to 25% of the amounts that should have been secured, on top of anything the regional building rules impose.","Brak ustanowienia zabezpieczenia traktowany jest jako naruszenie ochrony konsumentów, zagrożone karą do 25% kwot, które powinny zostać zabezpieczone, niezależnie od sankcji z regionalnych przepisów budowlanych.",,
144,"The obligation to guarantee repayment runs from the point the building licence is obtained -- not from the moment you first pay. This is one of the substantive differences between the current regime and the 1968 law it replaced, and it is the single most practical thing to understand before you reserve.","Obowiązek zabezpieczenia zwrotu powstaje z chwilą uzyskania pozwolenia na budowę --a nie z chwilą pierwszej wpłaty. To jedna z merytorycznych różnic wobec zastąpionej ustawy z 1968 r. i najbardziej praktyczna rzecz do zrozumienia przed rezerwacją.",,
145,"In plain terms: if you pay a reservation fee on a project whose licence has not yet been granted, that money is not sitting behind the statutory guarantee. It may well be protected by what your contract says instead -- many reservation agreements make the fee refundable during a due-diligence window, and that is a contractual protection, not a legal one. The two are not interchangeable, and only one of them is the same at every developer.","Mówiąc wprost: jeśli wpłacają Państwo opłatę rezerwacyjną na inwestycję, której pozwolenie nie zostało jeszcze wydane, te pieniądze nie stoją za ustawową gwarancją. Może je chronić to, co przewiduje Państwa umowa --wiele umów rezerwacyjnych przewiduje zwrot w okresie due diligence, a to ochrona umowna, nie ustawowa. Nie są wymienne, a tylko jedna z nich jest taka sama u każdego dewelopera.",,
146,"This is not a reason to avoid pre-licence projects. It is a reason to know which category a project is in before you transfer anything, and to have your lawyer read the reservation terms rather than assume the statute covers you. Every project on this site states its licence status in its own trust dossier, in those words, because the distinction changes what your money is standing on.","To nie powód, by unikać inwestycji bez pozwolenia. To powód, by przed jakimkolwiek przelewem wiedzieć, do której kategorii należy inwestycja, i by prawnik przeczytał warunki rezerwacji, zamiast zakładać, że ustawa Państwa chroni. Każda inwestycja na tej stronie podaje status swojego pozwolenia we własnym dossier zaufania, tymi właśnie słowami, bo od tego rozróżnienia zależy, na czym stoją Państwa pieniądze.",,
147,"If construction does not begin, is not finished within the agreed period, or the habitation certificate is not obtained, you may claim back the amounts paid on account -- including the taxes applied to them -- plus statutory interest. You can either terminate the contract or grant the developer an extension, which is recorded as an additional clause setting the new delivery date.","Jeżeli budowa się nie rozpocznie, nie zostanie ukończona w uzgodnionym terminie albo nie zostanie uzyskane zaświadczenie o zdatności do zamieszkania, mogą Państwo żądać zwrotu wpłaconych kwot --wraz z naliczonymi od nich podatkami-- powiększonych o odsetki ustawowe. Mogą Państwo odstąpić od umowy albo udzielić deweloperowi przedłużenia, ujętego w klauzuli dodatkowej z nową datą wydania.",,
148,"The practical lesson is that the guarantee is only as useful as the paperwork behind it. Ask for the guarantee document at signing, check it names you and your specific payments, and keep it. A guarantee that exists in principle but was never issued to you is the failure mode this provision was written to prevent.","Praktyczny wniosek: gwarancja jest warta tyle, ile dokumenty, które za nią stoją. Poproś o dokument gwarancji przy podpisaniu, sprawdź, czy wskazuje Państwa i Państwa konkretne wpłaty, i zachowaj go. Gwarancja istniejąca w teorii, lecz nigdy Państwu nie wydana, to dokładnie ten przypadek, któremu przepis ma zapobiegać.",,
149,"The obligations described on this page are taken from the first additional provision of Ley 38/1999 as consolidated after Ley 20/2015, and are current as of August 2026. This is general information about how the protection is structured; it is not legal advice, and how it applies to a particular contract is a question for your own lawyer. Nueva Living confirms licence status and guarantee arrangements in writing for a specific project on request.","Obowiązki opisane na tej stronie pochodzą z pierwszego przepisu dodatkowego Ley 38/1999 w brzmieniu skonsolidowanym po Ley 20/2015 i są aktualne na sierpień 2026 r. To ogólna informacja o konstrukcji ochrony; nie jest to porada prawna, a sposób jej zastosowania do konkretnej umowy to kwestia dla Państwa prawnika. Nueva Living na życzenie potwierdza pisemnie status pozwolenia i zabezpieczenia dla wskazanej inwestycji.",,
150,"Spanish law guarantees the money you pay during construction. It does not guarantee all of it, from the moment you pay it, and the gap is where buyers get caught.","Prawo hiszpańskie zabezpiecza pieniądze wpłacane w trakcie budowy. Nie wszystkie i nie od pierwszej wpłaty -- i właśnie w tej luce kupujący wpadają w kłopoty.",,
151,"The guarantee starts at the building licence","Gwarancja zaczyna się od pozwolenia na budowę",,
152,"A guarantee","Zabezpieczenie",,
153,"How Payments Are Staged","Jak rozłożone są płatności",,
154,"Off-Plan Payment Schedules on the Costa del Sol","Harmonogramy płatności na rynku pierwotnym",,
155,"Real staged payment schedules from Costa del Sol developers: reservation fees, the 30% contract stage, construction milestones and the balance at deed.","Rzeczywiste harmonogramy płatności deweloperów z Costa del Sol: rezerwacja, 30% przy umowie, etapy budowy i reszta przy akcie.",,
156,"Reservation Agreements","Umowy rezerwacyjne",,
157,"Private purchase contract","Prywatna umowa sprzedaży",,
158,"Request a Payment Structure","Poproś o strukturę płatności",,
159,"How off-plan payments are actually staged","Jak naprawdę rozkładają się płatności na rynku pierwotnym",,
160,"Reservation, contract, build, deed","Rezerwacja, umowa, budowa, akt",,
161,"Typically bringing the total paid to 30%, with the reservation usually counted towards it. Some developers stage this as 25% at contract with the balance spread across the build. Signing windows are short -- 15 to 30 days from reservation is normal.","Zwykle podnosi wpłaconą sumę do 30%, przy czym rezerwacja jest zazwyczaj zaliczana. Część deweloperów przyjmuje 25% przy umowie, a resztę rozkłada na czas budowy. Terminy podpisania są krótkie --15 do 30 dni od rezerwacji to norma.",,
162,"Highly variable. Some projects take nothing between contract and completion; others take 10% at a fixed date, or tie payments to certified milestones such as completion of the foundation and of the structure. One project on this site spreads 50% across fifteen monthly payments from the start of works.","Bardzo różnie. Niektóre inwestycje nie pobierają nic między umową a odbiorem; inne 10% w ustalonym terminie albo wiążą wpłaty z potwierdzonymi etapami, jak zakończenie fundamentów i konstrukcji. Jedna inwestycja z tej strony rozkłada 50% na piętnaście rat miesięcznych od rozpoczęcia prac.",,
163,"The balance at the deed of sale, most often 50% to 70%. This is also where the bulk of the tax falls due.","Reszta przy akcie notarialnym, najczęściej 50%–70%. Wtedy też staje się wymagalna większość podatków.",,
164,"Note that stage payments are quoted plus VAT in most schedules, so the cash required at each stage is higher than the headline percentage. See","Warto pamiętać, że w większości harmonogramów raty podawane są bez VAT, więc gotówka potrzebna na każdym etapie jest wyższa niż podany procent. Zobacz",,
165,"what a new-build costs on top of the price","ile kosztuje nowy lokal ponad cenę",,
166,"for how IVA and AJD land across the timeline.","aby zobaczyć, jak IVA i AJD rozkładają się w czasie.",,
167,"This is worth stating plainly, because it is often blurred: there is no Spanish statute governing reservation agreements. What your reservation fee does, whether it is refundable, and for how long, is whatever your particular reservation document says. It is a contract, and its terms vary between developers.","Warto powiedzieć to wprost, bo bywa to zacierane: nie ma hiszpańskiej ustawy regulującej umowy rezerwacyjne. To, co robi Państwa opłata rezerwacyjna, czy podlega zwrotowi i przez jaki czas, wynika wyłącznie z Państwa dokumentu rezerwacji. To umowa, a jej warunki różnią się między deweloperami.",,
168,"That matters more than it sounds, because the statutory guarantee over advance payments only begins once the building licence has been obtained. A reservation paid before that point rests on the contract wording alone. Some agreements make the fee refundable for a defined due-diligence window; others do not. Read it, or have your lawyer read it, before transferring anything -- and see","To waży więcej, niż brzmi, bo ustawowa gwarancja na wpłaty zaliczkowe powstaje dopiero po uzyskaniu pozwolenia na budowę. Rezerwacja opłacona wcześniej opiera się wyłącznie na treści umowy. Niektóre umowy przewidują zwrot w określonym okresie due diligence, inne nie. Prosimy ją przeczytać, albo niech przeczyta ją Państwa prawnik, zanim cokolwiek Państwo przeleją --i zobacz",,
169,"how the bank guarantee works","jak działa gwarancja bankowa",,
170,"Once the guarantee regime applies, amounts you pay on account must be received through a credit institution and held in a special account, separate from any other class of funds, and may only be drawn for costs arising directly from building those homes. If a developer proposes any other arrangement for staged payments, that is the point to stop and take advice.","Gdy reżim gwarancyjny obowiązuje, wpłacane kwoty muszą wpływać przez instytucję kredytową i być przechowywane na rachunku specjalnym, oddzielonym od wszelkich innych środków, a wypłaty są dopuszczalne wyłącznie na koszty wynikające bezpośrednio z budowy tych lokali. Jeśli deweloper proponuje inny układ płatności etapowych, to moment, by się zatrzymać i zasięgnąć porady.",,
171,"The ranges above describe the written schedules held for the projects listed on this site as of August 2026. They are not a rule, and they are not an offer -- an individual developer can and does structure payments differently, and terms change between releases. Nueva Living reconfirms the current payment structure in writing for a specific residence before any reservation.","Powyższe przedziały opisują pisemne harmonogramy posiadane dla inwestycji z tej strony według stanu na sierpień 2026 r. Nie są regułą ani ofertą --pojedynczy deweloper może ułożyć płatności inaczej, a warunki zmieniają się między etapami. Nueva Living przed każdą rezerwacją potwierdza pisemnie aktualną strukturę płatności dla konkretnego lokalu.",,
172,"Reservation","Rezerwacja",,
173,"Off-Plan Payment Schedules · 2026 Guide","Harmonogramy płatności · Przewodnik 2026",,
174,"At the deed","Przy akcie notarialnym",,
175,"That depends on their severity and on your contract, and it is a question for your lawyer rather than a rule. What is generally available is completing with reservations recorded, which shifts the start of the periods until those are put right.","Zależy to od ich wagi i od umowy, i jest to raczej pytanie do prawnika niż reguła. Zwykle możliwe jest zawarcie aktu z zaprotokołowanymi zastrzeżeniami, co przesuwa początek biegu terminów do czasu ich usunięcia.",,
176,"IVA at 10% plus AJD at 1.2%, so 11.2% of the price in tax. Both are set by law and neither is negotiable.","IVA 10% plus AJD 1,2%, czyli 11,2% ceny w podatkach. Oba są ustalone ustawowo i żaden nie podlega negocjacjom.",,
177,"IVA at 10% is charged on each stage payment as you make it, not held back to completion. This is the line most budgets get wrong: the cash required at each stage is the percentage plus a tenth of it again.","IVA w wysokości 10% naliczana jest od każdej raty w momencie jej zapłaty, a nie odkładana do odbioru. To pozycja, którą większość budżetów liczy błędnie: gotówka potrzebna na każdym etapie to procent powiększony o jego dziesiątą część.",,
178,"The balance of the price, the AJD in full, notary, Land Registry and your lawyer's fee. This is where the largest single transfer happens.","Pozostała część ceny, pełna kwota AJD, notariusz, księgi wieczyste i honorarium prawnika. To tutaj następuje największy pojedynczy przelew.",,
179,"How the Bank Guarantee Works","Jak działa gwarancja bankowa",,
180,"A new-build comes with statutory cover against defects, and it is not one warranty but three, each running for a different length of time and each pointing at a different party. Knowing which clock applies to a given problem is what turns a snagging list from a favour the developer might do into a claim with a legal basis.","Nowy lokal objęty jest ustawową ochroną przed wadami, i nie jest to jedna gwarancja, lecz trzy, każda o innym terminie i każda skierowana do innego podmiotu. Wiedza, który termin dotyczy danego problemu, zmienia listę usterek z przysługi, którą deweloper może wyświadczyć, w roszczenie z podstawą prawną.",,
181,"All three periods run from the date the works are formally received without reservations -- or, where reservations were made, from the date those are put right. Not from when you move in, and not from the deed.","Wszystkie trzy terminy biegną od daty formalnego odbioru robót bez zastrzeżeń --albo, jeśli zastrzeżenia zgłoszono, od daty ich usunięcia. Nie od wprowadzenia się i nie od aktu notarialnego.",,
182,"The periods and liabilities described here are taken from articles 17 and 19 of Ley 38/1999 and its second additional provision, as consolidated, and are current as of August 2026. This page is general information about how the cover is structured, not legal advice. Whether a particular defect falls in a particular period is a question of fact for your lawyer and, usually, a surveyor. Nueva Living can provide the warranty and insurance documentation held for a specific project on request.","Opisane tu terminy i zakresy odpowiedzialności pochodzą z artykułów 17 i 19 Ley 38/1999 oraz z jej drugiego przepisu dodatkowego w tekście jednolitym i są aktualne na sierpień 2026 r. Ta strona to ogólna informacja o konstrukcji ochrony, nie porada prawna. To, czy dana wada mieści się w danym terminie, jest kwestią faktyczną dla Państwa prawnika i zwykle rzeczoznawcy. Nueva Living na życzenie udostępnia dokumentację gwarancyjną i ubezpieczeniową posiadaną dla konkretnej inwestycji.",,
183,"Independent help comparing Costa del Sol developers, contracts, payment schedules and bank guarantees before you reserve an off-plan home.","Niezależna pomoc w porównaniu deweloperów, umów, harmonogramów płatności i gwarancji bankowych przed rezerwacją lokalu z rynku pierwotnego.",,
184,"With a Mortgage","Z kredytem",,
185,"After Completion","Po odbiorze",,
186,"What a mortgage adds to the total","Co kredyt dodaje do sumy",,
187,"The costs do not arrive together","Koszty nie pojawiają się naraz",,
188,"The costs that start rather than stop","Koszty, które się zaczynają, a nie kończą",,
189,"What buyers ask us about cost","O co pytają nas w sprawie kosztów",,
190,"Arrangement fee","Prowizja za udzielenie",,
191,"AJD on the mortgage","AJD od kredytu",,
192,"Community fees","Opłaty wspólnotowe",,
193,"Non-resident income tax","Podatek dla nierezydentów",,
194,"At reservation","Przy rezerwacji",,
195,"Is the IVA paid in one payment at the end?","Czy VAT płaci się jednorazowo na końcu?",,
196,"Can I reclaim the IVA?","Czy mogę odzyskać VAT?",,
197,"If you are borrowing, three of the four costs below fall on you and one does not. The one that does not is the one older guides still list as yours.","Jeśli biorą Państwo kredyt, trzy z czterech poniższych kosztów obciążają Państwa, a jeden nie. Właśnie ten jeden starsze poradniki wciąż przypisują Państwu.",,
198,"The tasaci&oacute;n, &euro;300 to &euro;600, paid before the bank will issue a binding offer. The report is valid for six months, and the bank lends against the lower of valuation and price.","Wycena (tasaci&oacute;n), 300 do 600 €, płatna zanim bank wyda wiążącą ofertę. Raport jest ważny sześć miesięcy, a bank kredytuje niższą z wartości: wyceny albo ceny.",,
199,"Nothing. The lender has paid the stamp duty on the mortgage deed since Real Decreto-ley 17/2018. Any guide still listing it as a buyer cost predates that change.","Nic. Opłatę skarbową od aktu kredytowego płaci kredytodawca od czasu Real Decreto-ley 17/2018. Każdy poradnik, który wciąż obciąża tym kupującego, pochodzi sprzed tej zmiany.",,
200,"0.5% to 1% of the loan, or a fixed fee, if you use one. Worth it where a broker reaches lenders that price non-resident files differently.","Od 0,5% do 1% kredytu albo stała opłata, jeśli korzystają Państwo z pośrednika. Opłaca się tam, gdzie pośrednik dociera do banków inaczej wyceniających wnioski nierezydentów.",,
201,"A single percentage makes it sound like one bill at the end. In practice the tax arrives in instalments and the professional fees arrive at the deed.","Jeden procent brzmi jak jeden rachunek na końcu. W praktyce podatek przychodzi w ratach, a honoraria przy akcie notarialnym.",,
202,"Nothing beyond the reservation fee itself, and that counts towards the price rather than sitting on top of it.","Nic ponad samą opłatę rezerwacyjną, a ta jest zaliczana na poczet ceny, a nie doliczana do niej.",,
203,"Acquisition cost is the number people compare. Running cost is the number they live with, and it is knowable before you reserve.","Koszt nabycia to liczba, którą się porównuje. Koszt utrzymania to liczba, z którą się żyje, i można ją poznać przed rezerwacją.",,
204,"Municipal property tax, charged on the valor catastral rather than the market price, broadly 0.4% to 1.1% of it a year. Because the catastral value is a fraction of what you paid, the bill is usually a few hundred to a couple of thousand euros.","Gminny podatek od nieruchomości naliczany od wartości katastralnej, nie rynkowej — mniej więcej 0,4% do 1,1% rocznie. Ponieważ wartość katastralna to ułamek zapłaconej ceny, rachunek wynosi zwykle od kilkuset do dwóch tysięcy euro.",,
205,"Set per home by participation quota. A development with a spa, heated pools and a concierge costs more to run than a small block, and the community budget exists before you reserve. Ask for it.","Ustalane według udziału każdego lokalu. Inwestycja ze spa, podgrzewanymi basenami i konsjerżem kosztuje w utrzymaniu więcej niż mały budynek, a budżet wspólnoty istnieje jeszcze przed rezerwacją. Poproś o niego.",,
206,"Spain taxes an imputed income on a second home even when it is never let, declared on Modelo 210. Residents of the EU and EEA are taxed at 19%, others at 24%.","Hiszpania opodatkowuje dochód przypisany drugiemu domowi, nawet gdy nigdy nie jest wynajmowany, deklarowany na formularzu Modelo 210. Rezydenci UE i EOG płacą 19%, pozostali 24%.",,
207,"No. IVA is set nationally and AJD by Andaluc&iacute;a, and neither moves on a private purchase. What is negotiable is the legal fee, and the arrangement fee if you borrow.","Nie. VAT ustala państwo, a AJD Andaluzja, i przy zakupie prywatnym żaden się nie zmienia. Negocjowalne są honorarium prawnika i, jeśli biorą Państwo kredyt, prowizja za udzielenie.",,
208,"No. That tax falls on the seller, and on a new-build the seller is the developer. It is a resale question that follows buyers into new-build guides where it does not belong.","Nie. Ten podatek obciąża sprzedającego, a przy nowym lokalu sprzedającym jest deweloper. To kwestia rynku wtórnego, która wędruje za kupującymi do poradników o rynku pierwotnym, gdzie nie ma czego szukać.",,
209,"No. It is charged on each stage payment as that payment is made. A schedule quoting 30% at contract means 30% plus IVA on that 30%, and the same at every stage after it.","Nie. Nalicza się go od każdej raty w chwili jej zapłaty. Harmonogram z 30% przy umowie oznacza 30% plus VAT od tych 30%, i tak samo na każdym kolejnym etapie.",,
210,"The Tax Gap","Różnica podatkowa",,
211,"Can I get a mortgage on an off-plan purchase?","Czy mogę wziąć kredyt na zakup przed budową?",,
212,"Can I sell an off-plan unit before completion?","Czy mogę sprzedać lokal przed ukończeniem budowy?",,
213,"ITP at 7% and no AJD. Four points lower, on the same price.","ITP 7% i brak AJD. Cztery punkty mniej przy tej samej cenie.",,
214,"A resale at the same headline price costs roughly &euro;18,000 less in tax on a &euro;450,000 purchase. An off-plan unit has to be priced meaningfully below the finished comparable before it is the cheaper transaction, not merely the cheaper number.","Lokal z rynku wtórnego w tej samej cenie ofertowej kosztuje przy zakupie za 450 000 € około 18 000 € mniej w podatkach. Lokal z rynku pierwotnego musi być wyraźnie tańszy od ukończonego odpowiednika, by być tańszą transakcją, a nie tylko niższą liczbą.",,
215,"Unpaid community charges attach to the property itself for the current year and the three preceding ones, and unpaid IBI attaches to it without a time limit of that kind. Your lawyer asks for a certificate of no debt from the community and checks the IBI receipts before you sign.","Niezapłacone opłaty wspólnotowe obciążają samą nieruchomość za rok bieżący i trzy poprzednie, a zaległy IBI obciąża ją bez takiego ograniczenia. Państwa prawnik żąda od wspólnoty zaświadczenia o niezaleganiu i sprawdza pokwitowania IBI przed podpisaniem.",,
216,"Where the seller is not resident in Spain, the buyer withholds 3% of the price and pays it to the tax office on the seller's account. It is the buyer's obligation, not the seller's courtesy, and it does not arise at all buying from a developer.","Jeśli sprzedający nie mieszka w Hiszpanii, kupujący zatrzymuje 3% ceny i wpłaca je do urzędu skarbowego na rachunek sprzedającego. To obowiązek kupującego, nie uprzejmość sprzedającego, i przy zakupie od dewelopera w ogóle nie występuje.",,
217,"Extensions, glazed terraces and pool houses added without permission are common and do not always appear in the deed. What is registered, what is built and what was licensed have to agree, and only a search establishes that.","Rozbudowy, przeszklone tarasy i domki przy basenie wykonane bez pozwolenia są częste i nie zawsze widnieją w akcie. To, co wpisane, co zbudowane i co dozwolone, musi się zgadzać, a ustala to wyłącznie sprawdzenie.",,
218,"At the same headline price, no, because the tax is four points higher. Off-plan is cheaper where the price genuinely sits below the finished comparable by more than that, which is a project-by-project question rather than a rule.","Przy tej samej cenie ofertowej nie, bo podatek jest o cztery punkty wyższy. Rynek pierwotny wychodzi taniej tam, gdzie cena realnie leży poniżej ukończonego odpowiednika o więcej niż to, a to kwestia konkretnej inwestycji, nie reguła.",,
219,"Yes, but the loan is normally drawn at completion rather than during construction, so the stage payments come out of your own funds. That changes the cash profile more than the total, and it is worth modelling before you reserve.","Tak, ale kredyt zwykle uruchamia się przy akcie, a nie w trakcie budowy, więc raty idą z Państwa środków. To zmienia profil gotówkowy bardziej niż sumę i warto to policzyć przed rezerwacją.",,
220,"Delays of a few months against the original estimate are common. Your contract sets the delivery date and what happens if it is missed, including whether you may terminate or grant an extension, and that clause is worth reading before you sign rather than after.","Opóźnienia o kilka miesięcy wobec pierwotnego szacunku są częste. Umowa określa datę wydania i skutki jej niedotrzymania, w tym prawo do odstąpienia lub udzielenia przedłużenia, a tę klauzulę czyta się przed podpisem, nie po.",,
221,"Sometimes. Whether the contract can be assigned to another buyer, and on what terms and fee, is set by the developer and varies widely. If that is part of your plan, establish it in writing before reserving, not later.","Czasami. To, czy umowę można scedować na innego kupującego, na jakich warunkach i za jaką opłatę, ustala deweloper i bywa bardzo różnie. Jeśli to część Państwa planu, ustal to na piśmie przed rezerwacją, nie później.",,
222,"What the guarantee actually returns","Co gwarancja naprawdę zwraca",,
223,"Is my reservation fee guaranteed?","Czy moja opłata rezerwacyjna jest zabezpieczona?",,
224,"Who pays for the guarantee?","Kto płaci za gwarancję?",,
225,"Does the guarantee cover a delay, or only non-delivery?","Czy gwarancja obejmuje opóźnienie, czy tylko brak wydania?",,
226,"Does it transfer if I assign the contract?","Czy przechodzi przy cesji umowy?",,
227,"A guarantee is not compensation for a purchase that went wrong. It is a return of what you handed over, and knowing its edges is what stops it being mistaken for something wider.","Gwarancja nie jest odszkodowaniem za nieudany zakup. To zwrot tego, co Państwo wpłacili, a znajomość jej granic zapobiega myleniu jej z czymś szerszym.",,
228,"The amounts paid on account, the taxes charged on those amounts, and statutory interest from the date each payment was made.","Kwoty wpłacone na poczet ceny, naliczone od nich podatki oraz odsetki ustawowe od daty każdej wpłaty.",,
229,"The gain you expected. If the finished market moved while you waited, the guarantee returns your money and not the difference. It restores your position; it does not deliver the bargain.","Zysk, którego Państwo oczekiwali. Jeśli rynek ukończonych lokali poszedł w górę w czasie oczekiwania, gwarancja zwraca pieniądze, a nie różnicę. Przywraca Państwa pozycję, nie dostarcza okazji.",,
230,"Costs you incurred around the purchase -- legal fees, travel, a mortgage arrangement fee already paid. Those sit outside the statutory guarantee and belong to whatever your contract says about them.","Koszty poniesione wokół zakupu --honoraria, podróże, zapłacona już prowizja. Są poza gwarancją ustawową i zależą od tego, co mówi Państwa umowa.",,
231,"A guarantee that exists at the level of the development is not the same as one issued for your payments. These are the four things to establish, in this order, and none of them requires taking anyone's word for it.","Gwarancja istniejąca na poziomie inwestycji to nie to samo co wystawiona na Państwa wpłaty. Oto cztery rzeczy do ustalenia, w tej kolejności, i żadna nie wymaga wierzenia komukolwiek na słowo.",,
232,"Ask whether the building licence has been granted, and for the date. Before that point the statutory guarantee has not yet arisen, however the reservation is described.","Zapytaj, czy wydano pozwolenie na budowę, i o datę. Przed tą chwilą gwarancja ustawowa jeszcze nie powstała, niezależnie od tego, jak nazwano rezerwację.",,
233,"The contract should identify the credit institution and the special account, and your payments should go there rather than to a general company account. Compare the account on the contract with the one on the payment instruction.","Umowa powinna wskazywać instytucję kredytową i rachunek specjalny, a Państwa wpłaty powinny trafiać tam, nie na ogólny rachunek spółki. Porównaj rachunek z umowy z tym w poleceniu przelewu.",,
234,"Ask for the certificate or policy that covers your payments specifically. It should name you, name the unit, and state the amounts. A master policy for the development is the frame, not the cover.","Poproś o certyfikat lub polisę obejmującą konkretnie Państwa wpłaty. Powinna wskazywać Państwa, lokal i kwoty. Polisa ramowa dla inwestycji to rama, nie ochrona.",,
235,"Check the insurer or bank named on it is authorised to operate in Spain. This takes one search and it is the step people skip.","Sprawdź, czy wskazany ubezpieczyciel lub bank ma zezwolenie na działanie w Hiszpanii. To jedno wyszukiwanie, i właśnie ten krok bywa pomijany.",,
236,"A guaranteed buyer is not in that queue. The claim runs against the insurer or the bank that issued the guarantee, which is a solvent third party with its own obligation to you, and it does not depend on what the developer has left. That is the difference the paperwork buys, and it is why a guarantee held in your own name matters more than a reassurance that the development is covered.","Kupujący z gwarancją nie stoi w tej kolejce. Roszczenie kieruje się przeciw ubezpieczycielowi albo bankowi, który gwarancję wystawił — wypłacalnej stronie trzeciej z własnym zobowiązaniem wobec Państwa — i nie zależy od tego, co zostało deweloperowi. To różnica, którą kupują dokumenty, i dlatego gwarancja na Państwa nazwisko waży więcej niż zapewnienie, że inwestycja jest objęta ochroną.",,
237,"Only once the building licence has been granted. Paid before that, it rests on the wording of your reservation agreement instead, which is a contractual protection rather than a statutory one, and it differs between developers.","Dopiero po wydaniu pozwolenia na budowę. Wpłacona wcześniej opiera się na treści umowy rezerwacyjnej, czyli na ochronie umownej, nie ustawowej, a ta różni się między deweloperami.",,
238,"The developer. It is their obligation and their cost, and it should not appear as a charge added to your payments. If it does, ask what it is.","Deweloper. To jego obowiązek i jego koszt, i nie powinien pojawiać się jako doliczenie do Państwa wpłat. Jeśli się pojawi, zapytaj, co to jest.",,
239,"It is triggered where construction does not begin, is not finished within the agreed period, or the habitation certificate is not obtained. A delay that runs past the agreed period reaches it; a delay inside that period is a contract question.","Uruchamia się, gdy budowa się nie rozpocznie, nie zakończy w uzgodnionym terminie albo nie zostanie uzyskane zaświadczenie o zdatności do zamieszkania. Opóźnienie poza uzgodniony termin ją osiąga; opóźnienie w jego ramach to kwestia umowna.",,
240,"Not automatically in the sense that matters. Where a contract is assigned, the guarantee has to follow the new buyer in writing, and that is a step to confirm rather than assume.","Nie automatycznie w istotnym sensie. Przy cesji umowy gwarancja musi przejść na nowego kupującego na piśmie, a to krok do potwierdzenia, nie do założenia.",,
241,"What 30% at contract actually costs","Ile naprawdę kosztuje 30% przy umowie",,
242,"The cost that is not in the schedule","Koszt, którego nie ma w harmonogramie",,
243,"What buyers ask us about payments","O co pytają nas w sprawie płatności",,
244,"At contract, 30%","Przy umowie, 30%",,
245,"At the deed, 70%","Przy akcie, 70%",,
246,"Can I negotiate the payment schedule?","Czy mogę negocjować harmonogram płatności?",,
247,"What if I cannot make a stage payment?","A jeśli nie dam rady zapłacić raty?",,
248,"Do stage payments go to the developer directly?","Czy raty trafiają bezpośrednio do dewelopera?",,
249,"Schedules are quoted net of VAT, so every percentage on them understates the transfer by a tenth. On a &euro;600,000 home the difference is not academic.","Harmonogramy podaje się bez VAT, więc każdy procent zaniża rzeczywisty przelew o jedną dziesiątą. Przy lokalu za 600 000 € różnica nie jest teoretyczna.",,
250,"&euro;180,000 net, less the &euro;10,000 already paid, plus 10% IVA on the &euro;180,000. The transfer is &euro;188,000, not &euro;170,000.","180 000 € netto, minus zapłacone już 10 000 €, plus 10% VAT od 180 000 €. Przelew to 188 000 €, a nie 170 000 €.",,
251,"&euro;420,000 net plus IVA on that, plus the AJD on the full price, plus notary, registry and legal. Around &euro;476,000 before fees.","420 000 € netto plus VAT od tej kwoty, plus AJD od pełnej ceny, plus notariusz, rejestr i prawnik. Około 476 000 € przed honorariami.",,
252,"Two schedules can quote identical percentages and behave completely differently, because what triggers a payment is set by wording rather than by the number beside it.","Dwa harmonogramy mogą podawać identyczne procenty i działać zupełnie inaczej, bo to, co uruchamia płatność, ustala treść zapisu, a nie liczba obok.",,
253,"Where payments follow milestones, the schedule should say who confirms one has been reached. In practice that is the project's technical architect, and the certificate is a document you can ask to see.","Gdy płatności idą za etapami, harmonogram powinien wskazywać, kto potwierdza osiągnięcie etapu. W praktyce jest to architekt techniczny inwestycji, a certyfikat to dokument, o który mogą Państwo poprosić.",,
254,"Fifteen days is common, and it is short if funds have to move across borders. Establish the notice period before you sign rather than discovering it with a payment demand.","Piętnaście dni to norma, i to mało, jeśli pieniądze muszą przekroczyć granice. Ustal termin powiadomienia przed podpisaniem, a nie odkrywaj go wraz z wezwaniem do zapłaty.",,
255,"Contracts vary widely: interest, a cure period, and in some cases termination with retention of part of what you have paid. This is one of the clauses worth reading closely, because it is the one that costs the most when it applies.","Umowy bardzo się różnią: odsetki, termin naprawczy, a czasem odstąpienie z zatrzymaniem części wpłat. To jedna z klauzul wartych uważnej lektury, bo kosztuje najwięcej, gdy zadziała.",,
256,"Occasionally offered, and worth weighing carefully: paying ahead of the schedule increases what you have at risk before delivery, and the guarantee covers what you have paid rather than what you were promised in return.","Bywa oferowane i warto to rozważyć: płacenie przed harmonogramem zwiększa to, co mają Państwo w ryzyku przed wydaniem, a gwarancja pokrywa to, co wpłacone, nie to, co obiecane w zamian.",,
257,"They should go to the special account named in your contract, held apart from the developer's other funds, once the guarantee regime applies. Compare the account on the contract against the one on the payment instruction each time.","Powinny trafiać na rachunek specjalny wskazany w umowie, oddzielony od pozostałych środków dewelopera, gdy obowiązuje reżim gwarancyjny. Za każdym razem porównuj rachunek z umowy z tym w poleceniu przelewu.",,
258,"Not by itself. Spreading payments helps your cash flow and increases the period over which you are exposed to the build completing. Which matters more depends on your own position, not on the shape of the schedule.","Nie sam z siebie. Rozłożenie płatności pomaga płynności i wydłuża okres, w którym zależą Państwo od ukończenia budowy. Co ważniejsze, zależy od Państwa sytuacji, nie od kształtu harmonogramu.",,
259,"How much does property cost in Marbella?","Ile kosztuje nieruchomość w Marbelli?",,
260,"How much does property cost in Estepona?","Ile kosztuje nieruchomość w Esteponie?",,
261,"How much does property cost in Casares?","Ile kosztuje nieruchomość w Casares?",,
262,"How much does property cost in Benahavís?","Ile kosztuje nieruchomość w Benahavís?",,
263,"How much does property cost in Nueva Andalucía?","Ile kosztuje nieruchomość w Nueva Andalucía?",,
264,"How much does property cost in Mijas and Fuengirola?","Ile kosztuje nieruchomość w Mijas i Fuengiroli?",,
265,"How much does property cost in San Pedro de Alcántara?","Ile kosztuje nieruchomość w San Pedro de Alcántara?",,
266,"It depends on what you are paying for. Guadalmina Baja and the beachside strip between the A-7 and the sea carry the highest prices and the shortest walk to the sand. Guadalmina Alta and the pueblo cost materially less and give you the town instead. Which side of the A-7 you end up on changes daily life more than the price gap suggests.","To zależy, za co się płaci. Guadalmina Baja i pas między A-7 a morzem mają najwyższe ceny i najkrótszą drogę na piasek. Guadalmina Alta i stare centrum kosztują znacznie mniej i dają w zamian miasteczko. To, po której stronie A-7 się mieszka, zmienia codzienność bardziej, niż sugeruje różnica cen.",,
267,"The NIE","Numer NIE",,
268,"Power of Attorney","Pełnomocnictwo",,
269,"How off-plan payments are staged","Jak rozkładane są płatności na etapie budowy",,
270,"When do I need the NIE?","Kiedy potrzebny jest numer NIE?",,
271,"Do I need a Spanish bank account to buy?","Czy do zakupu potrzebne jest hiszpańskie konto bankowe?",,
272,"Why is my lawyer asking where my money came from?","Dlaczego prawnik pyta o pochodzenie moich środków?",,
273,"Can my lawyer apply for the NIE for me?","Czy prawnik może złożyć wniosek o NIE w moim imieniu?",,
274,"Does buying property in Spain make me a tax resident?","Czy zakup nieruchomości w Hiszpanii czyni mnie rezydentem podatkowym?",,
275,"A tax identifier for foreign nationals, required for the purchase to be registered in your name. Not a residence permit, and not a declaration of tax residency.","Identyfikator podatkowy dla cudzoziemców, konieczny, by zakup został wpisany na Państwa nazwisko. Nie jest zezwoleniem na pobyt ani deklaracją rezydencji podatkowej.",,
276,"Before the private purchase contract, which on an off-plan purchase comes weeks after reservation rather than months.","Przed prywatną umową kupna, która przy zakupie na etapie budowy następuje tygodnie po rezerwacji, a nie miesiące.",,
277,"You, in person, or a representative holding a power of attorney that covers it. Both routes are ordinary; the choice is usually about timing.","Państwo osobiście albo pełnomocnik dysponujący pełnomocnictwem obejmującym tę czynność. Obie drogi są zwyczajne, a wybór zwykle dotyczy terminów.",,
278,"Before a Spanish notary, in one appointment, usually on the same trip as a viewing.","Przed hiszpańskim notariuszem, podczas jednej wizyty, zwykle w trakcie tego samego wyjazdu co oglądanie.",,
279,"Before a notary where you live, then legalised for use in Spain and translated. Plan for it rather than around it.","Przed notariuszem w kraju zamieszkania, następnie zalegalizowane do użytku w Hiszpanii i przetłumaczone. To się planuje, a nie omija.",,
280,"Yes, with a power of attorney authorising someone in Spain to sign for you. It is ordinary practice rather than a workaround. Whether it is the right choice is a separate question, and it usually turns on whether you have seen the setting rather than on the paperwork.","Tak, na podstawie pełnomocnictwa upoważniającego osobę w Hiszpanii do podpisu w Państwa imieniu. To zwyczajna praktyka, nie obejście. Czy to właściwy wybór, to osobne pytanie i zwykle zależy od tego, czy widzieli Państwo otoczenie, a nie od dokumentów.",,
281,"Before the private purchase contract, not at the deed. On an off-plan purchase that contract follows the reservation by a matter of weeks, so the application is worth starting as soon as you reserve rather than once the contract is drafted.","Przed prywatną umową kupna, nie przy akcie notarialnym. Przy zakupie na etapie budowy umowa ta następuje kilka tygodni po rezerwacji, więc wniosek warto złożyć zaraz po rezerwacji, a nie dopiero po sporządzeniu umowy.",,
282,"Not to complete the purchase itself. You will want one afterwards, because community fees, IBI and utilities are collected by direct debit from a Spanish account. Opening one requires an NIE, which is why the two run in that order.","Nie do samego sfinalizowania zakupu. Będzie potrzebne później, bo opłaty wspólnotowe, IBI i media pobierane są poleceniem zapłaty z hiszpańskiego rachunku. Otwarcie wymaga numeru NIE — stąd taka kolejność.",,
283,"Because they are required to establish it, as are the notary and the bank. It applies to every buyer and says nothing about you. The only real risk is leaving it late, since the evidence often has to come from an institution in another country on their schedule rather than yours.","Ponieważ ma taki obowiązek, podobnie jak notariusz i bank. Dotyczy to każdego kupującego i nic o Państwu nie mówi. Jedyne realne ryzyko to zwlekanie, bo dokumenty często muszą przyjść z instytucji w innym kraju i w jej terminach, nie w Państwa.",,
284,"A representative holding a power of attorney that covers it can apply on your behalf. Which route is faster, that or an appointment at your own consulate, depends on the consulate rather than on any general rule, so it is worth asking before choosing.","Pełnomocnik dysponujący pełnomocnictwem obejmującym tę czynność może złożyć wniosek w Państwa imieniu. Która droga jest szybsza — ta czy wizyta w konsulacie — zależy od konsulatu, a nie od ogólnej reguły, więc warto zapytać przed wyborem.",,
285,"No. An NIE is an identifier, not a residence permit, and owning a home does not by itself make you resident. Tax residency turns on your own circumstances and is a question for a tax adviser rather than for a property page.","Nie. NIE to identyfikator, a nie zezwolenie na pobyt, a samo posiadanie domu nie czyni Państwa rezydentem. Rezydencja podatkowa zależy od Państwa sytuacji i jest pytaniem do doradcy podatkowego, nie do strony o nieruchomościach.",,
286,"Comparing projects, reviewing floorplans and prices, even a private presentation of a development, all happen remotely. What cannot happen by email is the part that involves the Spanish state and your bank: a tax number, a signature the notary will accept, and money that arrives from a source you can evidence. Each of those has a lead time, and each of them delays a purchase when it is started late rather than early.","Porównywanie inwestycji, przeglądanie rzutów i cen, nawet prywatna prezentacja projektu — wszystko to odbywa się zdalnie. Mailem nie załatwi się tego, w czym uczestniczy hiszpańskie państwo i Państwa bank: numeru podatkowego, podpisu, który notariusz przyjmie, oraz pieniędzy pochodzących ze źródła możliwego do udokumentowania. Każde z nich ma swój czas realizacji i każde opóźnia zakup, gdy zaczyna się je późno, a nie wcześnie.",,
287,"An NIE, N&uacute;mero de Identificaci&oacute;n de Extranjero, is a tax identification number required for any property purchase in Spain by a non-Spanish national. It is not a residence permit and it does not make you a tax resident. It is an identifier, and without one the purchase cannot be registered in your name.","NIE, czyli Número de Identificación de Extranjero, to numer identyfikacji podatkowej wymagany przy każdym zakupie nieruchomości w Hiszpanii przez osobę niebędącą obywatelem Hiszpanii. Nie jest zezwoleniem na pobyt i nie czyni Państwa rezydentem podatkowym. To identyfikator, a bez niego zakupu nie da się wpisać na Państwa nazwisko.",,
288,"It is needed before you sign the private purchase contract, not at the deed, which is earlier than most buyers assume. Applications are made in person, either at a Spanish consulate in your own country or in Spain, and a representative acting under a power of attorney can apply on your behalf. Which of those routes is quickest depends on your consulate rather than on any general rule, so the sequence to follow is: ask what your consulate currently requires, then start.","Jest potrzebny przed podpisaniem prywatnej umowy kupna, a nie przy akcie notarialnym — czyli wcześniej, niż zakłada większość kupujących. Wniosek składa się osobiście, w konsulacie Hiszpanii w Państwa kraju albo w Hiszpanii, a pełnomocnik może złożyć go w Państwa imieniu. Która droga jest szybsza, zależy od konsulatu, a nie od ogólnej reguły, więc kolejność jest taka: zapytać, czego konsulat wymaga dziś, i zacząć.",,
289,"A power of attorney, a poder , authorises someone in Spain to act for you within limits you set. In a property purchase that is usually your lawyer, and it is what allows a contract to be signed and a deed to be completed while you are elsewhere. It is the single document that decides whether the purchase needs you in the country.","Pełnomocnictwo, poder , upoważnia osobę w Hiszpanii do działania w Państwa imieniu w granicach, które Państwo wyznaczą. Przy zakupie nieruchomości jest to zwykle Państwa prawnik, i to właśnie ono pozwala podpisać umowę i zawrzeć akt, gdy Państwo są gdzie indziej. To jedyny dokument, który rozstrzyga, czy zakup wymaga Państwa obecności w kraju.",,
290,"Spanish banks, notaries and lawyers are required to establish the origin of the funds in a property purchase. This is routine, it applies to everyone, and it is not a judgement about you. It becomes a problem only when it is left until the week of the deed, because the evidence often has to come from institutions in another country and on their timetable.","Hiszpańskie banki, notariusze i prawnicy mają obowiązek ustalić pochodzenie środków przy zakupie nieruchomości. To rutyna, dotyczy wszystkich i nie jest oceną Państwa. Problemem staje się dopiero wtedy, gdy zostawi się to na tydzień aktu notarialnego, bo dokumenty często muszą przyjść z instytucji w innym kraju i w ich terminach.",,
291,"The practical version: whatever the money's history is, it should be documentable from the account it leaves. A sale, a transfer between your own accounts, an inheritance, a bonus. Assemble that early, and the question is answered when it is asked rather than sending you back to a bank abroad at the worst possible moment.","Wersja praktyczna: jakakolwiek jest historia tych pieniędzy, powinna dać się udokumentować od rachunku, z którego wychodzą. Sprzedaż, przelew między własnymi rachunkami, spadek, premia. Zebrane wcześnie sprawia, że pytanie zostaje zamknięte w chwili, gdy pada, zamiast odsyłać Państwa do banku za granicą w najgorszym możliwym momencie.",,
292,"With a power of attorney in place, a purchase can complete without you setting foot in Spain. That is worth knowing, and it is not always worth doing. Two moments repay a trip more than any document does.","Przy udzielonym pełnomocnictwie zakup może zostać sfinalizowany bez postawienia stopy w Hiszpanii. Warto o tym wiedzieć i nie zawsze warto tak robić. Dwa momenty wynagradzają podróż bardziej niż jakikolwiek dokument.",,
293,"This page describes how a purchase from abroad is structured, not the current paperwork of any one consulate. Requirements, appointment availability and the exact documents differ between countries and change without much notice, and the only reliable version is the one your own consulate publishes today. Nueva Living confirms what a specific purchase requires and coordinates the sequence with your lawyer.","Ta strona opisuje, jak zbudowany jest zakup z zagranicy, a nie bieżące formalności konkretnego konsulatu. Wymogi, dostępność terminów i dokładny zestaw dokumentów różnią się między krajami i zmieniają się bez większego uprzedzenia, a jedyną wiarygodną wersją jest ta, którą Państwa konsulat publikuje dziś. Nueva Living potwierdza, czego wymaga konkretny zakup, i koordynuje kolejność z Państwa prawnikiem.",,
294,"Two things matter here and they are separate. The first is where the money goes. On an off-plan purchase, payments made before completion must reach the special account named in your contract, not a general company account. That is a legal requirement rather than an administrative preference, and it is covered in full in","Liczą się tu dwie rzeczy i są od siebie odrębne. Pierwsza to dokąd trafiają pieniądze. Przy zakupie na etapie budowy wpłaty przed odbiorem muszą trafiać na rachunek specjalny wskazany w umowie, a nie na ogólny rachunek spółki. To wymóg ustawowy, a nie preferencja administracyjna, i został w całości omówiony w tekście",,
295,"The second is what it costs to get there. A staged purchase paid from a currency other than the euro is a series of conversions rather than one, spread across the build, and the schedule says nothing about that.","Druga to koszt ich dostarczenia. Zakup etapowy opłacany w walucie innej niż euro to seria przewalutowań, a nie jedno, rozłożona na czas budowy, a harmonogram nic o tym nie mówi.",,
296,"A Spanish bank account is not strictly required to complete a purchase, which surprises people. It becomes necessary afterwards, because community fees, IBI and utilities are collected by direct debit from a Spanish account. Opening one takes an NIE, so the sequence runs in the order this page does.","Hiszpańskie konto bankowe nie jest ściśle konieczne do sfinalizowania zakupu, co bywa zaskoczeniem. Staje się potrzebne później, bo opłaty wspólnotowe, IBI i media pobierane są poleceniem zapłaty z hiszpańskiego rachunku. Otwarcie wymaga numeru NIE, więc kolejność biegnie tak jak na tej stronie.",,
297,"Buying from Abroad: NIE and Power of Attorney","Zakup z zagranicy: NIE i pełnomocnictwo",,
298,"Bank Guarantees Explained","Gwarancje bankowe wyjaśnione",,
299,"Off-Plan Payment Schedules","Harmonogramy płatności na etapie budowy",,
300,"What a purchase actually needs you present for: when the NIE is required, what a power of attorney covers, and how the money reaches the developer.","Do czego naprawdę potrzebna jest Państwa obecność: kiedy wymagany jest numer NIE, co obejmuje pełnomocnictwo i jak pieniądze trafiają do dewelopera.",,
301,"What actually protects an off-plan deposit under Spanish law, and the point in the timeline at which the statutory guarantee has not started yet.","Co naprawdę chroni zaliczkę przy zakupie na etapie budowy według prawa hiszpańskiego i moment, w którym ustawowa gwarancja jeszcze nie obowiązuje.",,
302,"The staged payment structures the developers on this site have supplied in writing, from reservation through to the balance at deed.","Struktury płatności etapowych, które deweloperzy z tej strony przekazali na piśmie — od rezerwacji po resztę przy akcie notarialnym.",,
303,"Figures reflect currently published developments matching this search and are reconfirmed by Nueva Living before any viewing or reservation.","Dane odnoszą się do aktualnie opublikowanych inwestycji odpowiadających temu wyszukiwaniu i są ponownie potwierdzane przez Nueva Living przed każdą prezentacją lub rezerwacją.",,
304,"Nueva Living confirms current availability, price list and payment terms directly with the developer.","Nueva Living potwierdza aktualną dostępność, cennik i warunki płatności bezpośrednio u dewelopera.",,
305,"Usually, yes. Service charges are typically calculated on built size or a fixed per-unit share, and a penthouse’s larger terrace or solarium generally puts it in a higher share than a mid-floor apartment in the same building. Nueva Living confirms the exact community fee structure for any development before you reserve.","Zazwyczaj tak. Opłaty wspólnotowe są zwykle obliczane na podstawie powierzchni użytkowej lub stałego udziału na lokal, a większy taras lub solarium penthouse'u zwykle oznacza wyższy udział niż w przypadku apartamentu na środkowym piętrze w tym samym budynku. Nueva Living potwierdza dokładną strukturę opłat wspólnotowych dla każdej inwestycji przed dokonaniem rezerwacji.",,
306,"New-build apartments and penthouses here are typically sold off-plan or under construction, with staged payments through to completion. Nueva Living reconfirms the current price list, floorplans and payment schedule for any development before you shortlist it.","Nowe apartamenty i penthouse'y są tu zazwyczaj sprzedawane na etapie planu lub w trakcie budowy, z płatnościami rozłożonymi na etapy aż do zakończenia budowy. Nueva Living ponownie potwierdza aktualny cennik, rzuty mieszkań i harmonogram płatności dla każdej inwestycji, zanim trafi ona na Państwa listę.",,
307,"Most current releases are off-plan or under construction, sold with staged payments.","Większość obecnie dostępnych ofert jest na etapie planu lub w budowie, sprzedawanych z płatnościami rozłożonymi na etapy.",,
308,"Current releases are off-plan, sold with staged payments through to completion.","Obecne oferty są na etapie planu, sprzedawane z płatnościami rozłożonymi na etapy aż do zakończenia budowy.",,
309,"New-build apartments and penthouses here are typically sold off-plan, with staged payments through to completion. Nueva Living reconfirms the current price list, floorplans and payment schedule for any development before you shortlist it.","Nowe apartamenty i penthouse'y są tu zazwyczaj sprzedawane na etapie planu, z płatnościami rozłożonymi na etapy aż do zakończenia budowy. Nueva Living ponownie potwierdza aktualny cennik, rzuty mieszkań i harmonogram płatności dla każdej inwestycji, zanim trafi ona na Państwa listę.",,
310,"Current releases are under construction, sold with staged payments through to completion.","Obecne oferty są w trakcie budowy, sprzedawane z płatnościami rozłożonymi na etapy aż do zakończenia budowy.",,
311,"What a new-build in Andalucia costs on top of the price: IVA at 10%, AJD at 1.2%, and the notary, registry and legal fees around them.","Ile nowa nieruchomość w Andaluzji kosztuje ponad cenę: IVA 10%, AJD 1,2% oraz opłaty notarialne, wieczystoksięgowe i prawne.",,
312,"New-Build Purchase Costs","Koszty zakupu nowej nieruchomości",,
313,"How buying off-plan and buying a completed resale home actually compare, across price, risk, payment terms and appreciation.","Jak zakup na etapie planu wypada w porównaniu z zakupem gotowej nieruchomości z rynku wtórnego pod względem ceny, ryzyka, warunków płatności i wzrostu wartości.",,
314,"Spanish banks lend differently to non-resident buyers than to Spanish residents. Where a resident might get financing up to 80% of a property's value, non-residents are typically capped closer to 70%, and the exact rate, term and how much of your income counts all vary by bank and by your personal financial profile. On top of the mortgage itself, budget for taxes and purchase costs &mdash; transfer tax or VAT, notary, land registry and legal fees &mdash; which typically add another 10-13% on top of the purchase price in Spain.","Hiszpańskie banki udzielają finansowania kupującym nierezydentom w inny sposób niż rezydentom Hiszpanii. O ile rezydent może uzyskać finansowanie do 80% wartości nieruchomości, o tyle w przypadku nierezydentów limit zazwyczaj wynosi bliżej 70%, a dokładna stopa procentowa, okres kredytowania i uwzględniany procent dochodu różnią się w zależności od banku i indywidualnego profilu finansowego. Oprócz samego kredytu hipotecznego należy uwzględnić w budżecie podatki i koszty zakupu &mdash; podatek od czynności cywilnoprawnych lub VAT, notariusza, wpis do księgi wieczystej i opłaty prawne &mdash; które w Hiszpanii zazwyczaj dodają kolejne 10-13% do ceny zakupu.",,
315,"Use the calculator below for a realistic starting estimate of your deposit, monthly payment and total cost of buying, based on typical non-resident lending terms. It is a planning tool, not a mortgage offer &mdash; Nueva Living and your mortgage broker will confirm the real numbers once you have a specific property in mind.","Skorzystaj z poniższego kalkulatora, aby uzyskać realistyczne wstępne oszacowanie wkładu własnego, miesięcznej raty i całkowitego kosztu zakupu, w oparciu o typowe warunki finansowania dla nierezydentów. To narzędzie planistyczne, a nie oferta kredytowa &mdash; Nueva Living i Państwa pośrednik kredytowy potwierdzą rzeczywiste liczby, gdy będą Państwo mieli na uwadze konkretną nieruchomość.",,
316,"Set to 30% by default &mdash; as a non-Spanish resident, lenders typically finance up to 70% of the property value. Your own maximum will depend on your bank and financial profile.","Domyślnie ustawione na 30% &mdash; jako nierezydent Hiszpanii, kredytodawcy zazwyczaj finansują do 70% wartości nieruchomości. Państwa indywidualne maksimum będzie zależeć od banku i profilu finansowego.",,
317,"Mortgage term","Okres kredytowania",,
318,"Taxes &amp; purchase costs","Podatki i koszty zakupu",,
319,"Indicative only &mdash; ITP/VAT, notary, registry and legal fees vary by case. Confirm exact costs with your lawyer.","Wyłącznie orientacyjnie &mdash; ITP/VAT, notariusz, wpis do rejestru i opłaty prawne różnią się w zależności od przypadku. Dokładne koszty proszę potwierdzić u swojego prawnika.",,
320,"Estimated monthly payment","Szacowana rata miesięczna",,
321,"Cash needed without a mortgage","Wymagana gotówka bez kredytu hipotecznego",,
322,"Cash needed with a mortgage (deposit + costs)","Wymagana gotówka z kredytem hipotecznym (wkład własny + koszty)",,
323,"Mortgage principal","Kapitał kredytu",,
324,"Current releases are off-plan or under construction, sold with staged payments through to completion.","Obecne inwestycje są na etapie projektu lub w budowie i sprzedawane z płatnościami etapowymi do momentu odbioru.",,
325,"What you trade is prestige, not access. Malaga airport is closer from here than it is from Marbella, the train line runs to Fuengirola, and the golf courses at Mijas sit minutes inland. Current releases here are under construction or off-plan with staged payments, and Nueva Living reconfirms the price list, floorplans and payment schedule before you shortlist anything.","To, z czego się rezygnuje, to prestiż, nie dostępność. Lotnisko w Maladze jest stąd bliżej niż z Marbelli, pociąg dojeżdża do Fuengiroli, a pola golfowe w Mijas leżą kilka minut w głębi lądu. Aktualne inwestycje są w budowie lub na etapie planu z płatnościami etapowymi, a Nueva Living potwierdza cennik, rzuty i harmonogram płatności, zanim cokolwiek trafi na Państwa listę.",,
326,"Every current release is under construction or off-plan, sold with staged payments through to completion.","Wszystkie aktualne inwestycje są w budowie lub na etapie planu, z płatnościami etapowymi do odbioru.",,
327,"Land costs less on this stretch than it does between Marbella and Estepona, and that carries through to the finished price rather than reflecting a difference in build quality. Current releases here run from around EUR 390,000, against EUR 527,500 for the equivalent in Marbella.","Grunt kosztuje na tym odcinku mniej niż między Marbellą a Esteponą i przekłada się to na cenę końcową, nie odzwierciedlając różnicy w jakości wykonania. Aktualne inwestycje zaczynają się tu od około 390 000 €, wobec 527 500 € za odpowiednik w Marbelli.",,
328,"The largest terrace or solarium in the building and the best of the sea or golf view, at a premium over a mid-floor unit. On this coast a penthouse still frequently lands under what a mid-floor apartment costs further west.","Największy taras lub solarium w budynku i najlepszy widok na morze lub pole golfowe, z premią wobec mieszkania na średnim piętrze. Na tym wybrzeżu penthouse wciąż często kosztuje mniej niż mieszkanie na średnim piętrze dalej na zachód.",,
329,"It is also unusually mixed. Within a few minutes of each other you will find beachside apartment releases from EUR 695,000 and golf-side villa collections up to EUR 3,500,000, which is why this page covers both rather than splitting them. Every current release here is off-plan or under construction with staged payments.","Odcinek jest też nietypowo zróżnicowany. W odległości kilku minut od siebie znajdą Państwo apartamenty przy plaży od 695 000 € i kolekcje willi przy polu golfowym do 3 500 000 €, dlatego ta strona obejmuje jedno i drugie, zamiast je rozdzielać. Wszystkie aktualne inwestycje są na etapie planu lub w budowie, z płatnościami etapowymi.",,
330,"All current releases are off-plan or under construction, sold with staged payments through to completion.","Wszystkie aktualne inwestycje są na etapie planu lub w budowie, z płatnościami etapowymi do odbioru.",,
331,"Almost all of it falls within the municipality of Estepona, with the Bel Air end closest to the Marbella boundary. For practical purposes -- taxes, licences, town hall -- treat it as Estepona.","Niemal całość leży w gminie Estepona, a kraniec Bel Air jest najbliżej granicy z Marbellą. W praktyce — podatki, pozwolenia, urząd — traktuj to jako Esteponę.",,
332,"They are different in kind rather than degree. An apartment carries a community charge covering shared pools, gardens and lighting. A villa usually carries a smaller community charge but takes on its own pool and garden maintenance directly, which often costs more in total once you add it up.","Różnią się rodzajem, a nie skalą. Apartament ponosi opłatę wspólnoty obejmującą wspólne baseny, ogrody i oświetlenie. Willa ma zwykle niższą opłatę wspólnotową, ale bierze na siebie utrzymanie własnego basenu i ogrodu, co w sumie często kosztuje więcej.",,
333,"It also holds the largest concentration of new-build stock on this side of Marbella. The three current releases here run from EUR 690,000, which is roughly where Marbella starts, and they cover apartments, townhouses and villas rather than one format. All are under construction or off-plan with staged payments.","Skupia też największą ofertę nowego budownictwa po tej stronie Marbelli. Trzy aktualne inwestycje zaczynają się od 690 000 €, mniej więcej tam, gdzie zaczyna się Marbella, i obejmują apartamenty, domy szeregowe i wille, a nie jeden format. Wszystkie są w budowie lub na etapie planu z płatnościami etapowymi.",,
334,">Mortgage Calculator",">Kalkulator kredytowy",,
335,">Legal Notice",">Nota prawna",,
336,"Information presented on this website is for general marketing purposes only and does not constitute legal, financial or investment advice. Development details, prices and delivery dates are subject to change without notice.","Informacje przedstawione na tej stronie służą wyłącznie ogólnym celom marketingowym i nie stanowią porady prawnej, finansowej ani inwestycyjnej. Szczegóły projektów, ceny i terminy odbioru mogą ulec zmianie bez uprzedzenia.",,
337,"Completion soonest","Najbliższy termin ukończenia",,
338,"Which homes are available, their reservation status, current prices and expected delivery.","Które domy są dostępne, ich status rezerwacji, aktualne ceny i przewidywany termin odbioru.",,
