id,english,current_es,suggested_edit,note
1,"dev-fact-value"">Completion Q4 2027 - Q1 2028<","dev-fact-value"">Entrega T4 2027 - T1 2028<",,
2,"dev-fact-value"">Completion to be confirmed<","dev-fact-value"">Entrega por confirmar<",,
3,"dev-fact-value"">Completion Q2 2029<","dev-fact-value"">Entrega T2 2029<",,
4,"dev-fact-value"">Completion Q4 2027<","dev-fact-value"">Entrega T4 2027<",,
5,"dev-fact-value"">Completion Q3 2027<","dev-fact-value"">Entrega T3 2027<",,
6,"dev-fact-value"">Completion Q1 2029<","dev-fact-value"">Entrega T1 2029<",,
7,"dev-fact-value"">Completion Q3 2029<","dev-fact-value"">Entrega T3 2029<",,
8,"What is an NIE number and do I need one?","¿Qué es el número de NIE y lo necesito?",,
9,"An NIE (Numero de Identificacion de Extranjero) is a tax ID number required for any property purchase in Spain by a non-Spanish national. Nueva Living can guide you through obtaining one before you reserve.","El NIE (Número de Identificación de Extranjero) es un número de identificación fiscal necesario para que cualquier ciudadano no español compre una propiedad en España. Nueva Living puede ayudarle a obtenerlo antes de reservar.",,
10,"What costs should I budget for on top of the purchase price?","¿Qué gastos adicionales debo prever además del precio de compra?",,
11,"Buyers typically budget for transfer tax or VAT, notary fees, land registry fees and legal fees on top of the purchase price. Nueva Living provides a full, current cost breakdown for your chosen residence before you reserve.","Los compradores suelen prever el impuesto de transmisiones o el IVA, los honorarios de notaría, del registro de la propiedad y los gastos legales, además del precio de compra. Nueva Living le facilita un desglose completo y actualizado de los costes antes de reservar.",,
12,"Can I get a mortgage in Spain as a non-resident?","¿Puedo conseguir una hipoteca en España siendo no residente?",,
13,"Many Spanish banks offer mortgages to non-resident buyers, typically financing a portion of the purchase price. Exact terms depend on the bank and your personal financial profile.","Muchos bancos españoles ofrecen hipotecas a compradores no residentes, financiando normalmente una parte del precio de compra. Las condiciones exactas dependen del banco y de su perfil financiero personal.",,
14,"Off-plan means the development is still under construction and is usually sold with staged payments through to completion. A completed property is ready to view and move into now.","Sobre plano significa que la promoción sigue en construcción y suele venderse con pagos escalonados hasta la entrega. Una propiedad terminada está lista para visitar y para mudarse de inmediato.",,
15,"How does the reservation and payment process work?","¿Cómo funciona el proceso de reserva y pago?",,
16,"Reservation and payment structures vary by development and are set out in full before you reserve. Nueva Living reconfirms the current schedule for your chosen residence at every step.","La estructura de reserva y pago varía según la promoción y se detalla por completo antes de reservar. Nueva Living reconfirma el calendario actual de su vivienda elegida en cada paso.",,
17,"Do I need a lawyer?","¿Necesito un abogado?",,
18,"Yes, we strongly recommend independent legal representation for any property purchase in Spain. Nueva Living can put you in touch with independent lawyers experienced in Costa del Sol property.","Sí, recomendamos encarecidamente contar con representación legal independiente para cualquier compra de propiedad en España. Nueva Living puede ponerle en contacto con abogados independientes con experiencia en propiedades de la Costa del Sol.",,
19,"A sea-view render can make almost any development look perfect. We look past the presentation: the exact setting, the developer, the payment terms, the compromises and whether the property will still suit you years from now.","Una imagen con vistas al mar puede hacer que casi cualquier promoción parezca perfecta. Nosotros vamos más allá de la presentación: el entorno exacto, el promotor, las condiciones de pago, los compromisos y si la propiedad seguirá siéndole adecuada dentro de unos años.",,
20,"From your brief and viewings to negotiation and handover, we keep the moving parts together and coordinate with your independent lawyer.","Desde su briefing y las visitas hasta la negociación y la entrega, mantenemos unidas todas las partes del proceso y coordinamos con su abogado independiente.",,
21,"From first enquiry to reservation","De la primera consulta a la reserva",,
22,"We arrange viewings, share the project documents and explain the reservation process.","Organizamos las visitas, compartimos la documentación del proyecto y le explicamos el proceso de reserva.",,
23,"We help you check the location, developer, finishes, payment plan and future resale appeal before you choose a home.","Le ayudamos a comprobar la ubicación, el promotor, los acabados, el plan de pagos y el atractivo de reventa futuro antes de elegir una vivienda.",,
24,"We compare prices, orientation, amenities, completion dates and nearby alternatives side by side.","Comparamos precios, orientación, servicios, fechas de entrega y alternativas cercanas, todo en paralelo.",,
25,"We organise project documents, viewings, reservation details and an introduction to an independent lawyer.","Organizamos la documentación del proyecto, las visitas, los detalles de la reserva y la presentación de un abogado independiente.",,
26,"We only flag urgency when availability, pricing or a reservation deadline genuinely changes.","Solo le señalamos urgencia cuando la disponibilidad, el precio o un plazo de reserva cambian de verdad.",,
27,"A genuine share of our commission, not a flat finder's fee.","Una parte real de nuestra comisión, no una tarifa fija por contacto.",,
28,"How buying off-plan and buying a completed resale home actually compare on the Costa del Sol, across price, risk, payment terms and appreciation.","Cómo se comparan realmente comprar sobre plano y comprar una vivienda de segunda mano en la Costa del Sol: precio, riesgo, forma de pago y revalorización.",,
29,"Bank Guarantees on Off-Plan Property · 2026 Guide","Avales bancarios en obra sobre plano · Guía 2026",,
30,"New-Build Purchase Costs in Andalucia · 2026 Guide","Costes de compra de obra nueva en Andalucía · Guía 2026",,
31,"What the areas cost","Lo que cuesta cada zona",,
32,"New-build and off-plan purchases follow a different sequence from a resale purchase: staged payments, a private purchase contract, and a developer's construction timeline rather than an immediate move-in date. Seven steps, start to finish.","Las compras de obra nueva y sobre plano siguen una secuencia distinta a la de una compra de reventa: pagos escalonados, un contrato de compraventa privado y un calendario de construcción del promotor en lugar de una fecha de entrada inmediata. Siete pasos, de principio a fin.",,
33,"Steps, Reservation to Keys","Pasos, de la reserva a las llaves",,
34,"People Involved: You, Nueva Living, Your Lawyer","Personas involucradas: usted, Nueva Living, su abogado",,
35,"Weeks, Reservation to Contract","Semanas, de la reserva al contrato",,
36,"Off-plan usually means a lower entry price and payments staged over the build period, at the cost of waiting. A completed home costs more upfront but you can see and move into it now. See our full off-plan vs resale comparison for the detail.","Comprar sobre plano suele implicar un precio de entrada más bajo y pagos escalonados durante el período de construcción, a cambio de esperar. Una vivienda terminada cuesta más por adelantado, pero puede verla y mudarse ya. Consulte nuestra comparativa completa entre sobre plano y reventa para más detalle.",,
37,"A reservation takes the specific residence off the market while your private purchase contract is prepared, typically within two to four weeks.","Una reserva retira del mercado la vivienda concreta mientras se prepara su contrato de compraventa privado, normalmente en un plazo de dos a cuatro semanas.",,
38,"Pay the reservation amount, which is later credited against the purchase price.","Paga el importe de la reserva, que posteriormente se descuenta del precio de compra.",,
39,"Confirms the reservation terms and what happens to the amount if you do not proceed.","Confirme las condiciones de la reserva y qué ocurre con el importe si finalmente no sigues adelante.",,
40,"Good to know: how much is the reservation?","¿Lo sabías? ¿Cuánto cuesta la reserva?",,
41,"It varies by developer and project, from a few thousand euros up to around 1% of the price on some developments. A reservation is not the point of no return, but it is a real commitment -- confirm the terms before you pay it.","Varía según el promotor y el proyecto, desde unos pocos miles de euros hasta alrededor del 1% del precio en algunas promociones. Una reserva no es un punto de no retorno, pero sí un compromiso real -- confirme las condiciones antes de pagarla.",,
42,"Sign the Private Purchase Contract","Firme el contrato de compraventa privado",,
43,"The binding agreement setting out price, payment schedule, specification and delivery terms. You will need an NIE before or shortly after this stage.","El acuerdo vinculante que establece el precio, el calendario de pagos, las especificaciones y las condiciones de entrega. Necesitará su NIE antes o poco después de esta etapa.",,
44,"Obtain your NIE if you do not already have one, and review the contract.","Obtén su NIE si aún no lo tiene y revise el contrato.",,
45,"What Your Lawyer Does","Lo que hace su abogado",,
46,"Reviews the contract terms and confirms the bank guarantee before you sign.","Revise las condiciones del contrato y confirme el aval bancario antes de que firmes.",,
47,"For off-plan purchases, payments from this point are usually staged across construction milestones. Spanish law requires developers to bank-guarantee off-plan payments made before completion, so staged payments are protected if the development is not delivered -- confirming that guarantee is in place is one of the checks your lawyer carries out.","En las compras sobre plano, los pagos a partir de este punto suelen escalonarse conforme a los hitos de construcción. La ley española exige a los promotores avalar bancariamente los pagos sobre plano realizados antes de la finalización, por lo que los pagos escalonados están protegidos si la promoción no se entrega -- confirmar que ese aval existe es una de las comprobaciones que realiza su abogado.",,
48,"Legal Checks and Independent Representation","Comprobaciones legales y representación independiente",,
49,"We strongly recommend independent legal representation -- a lawyer acting for you, not the developer or the selling agency.","Recomendamos encarecidamente contar con representación legal independiente -- un abogado que actúe para usted, no para el promotor ni para la agencia de venta.",,
50,"Instruct an independent lawyer before signing anything binding.","Contrata a un abogado independiente antes de firmar cualquier documento vinculante.",,
51,"Checks the developer's registration and track record, the building licence, land registry status and the bank guarantee.","Comprueba el registro y el historial del promotor, la licencia de obra, la situación en el registro de la propiedad y el aval bancario.",,
52,"Many non-resident buyers arrange a mortgage at this stage. Spanish banks do lend to non-residents, usually financing a portion of the price, though exact terms depend on the bank and your financial profile.","Muchos compradores no residentes gestionan una hipoteca en esta etapa. Los bancos españoles sí conceden préstamos a no residentes, financiando normalmente una parte del precio, aunque las condiciones exactas dependen del banco y de su perfil financiero.",,
53,"Completion and Handover","Finalización y entrega",,
54,"Completion happens at the notary, where the final balance is paid and the deed of sale is signed and registered in your name.","La finalización tiene lugar ante notario, donde se abona el saldo final y se firma la escritura de compraventa, que se inscribe a su nombre.",,
55,"Pay the final balance and sign at the notary.","Paga el saldo final y firma ante notario.",,
56,"Confirms the deed of sale and its registration.","Confirme la escritura de compraventa y su inscripción.",,
57,"Good to know: warranties and ongoing costs","¿Lo sabías? Garantías y gastos continuos",,
58,"Spanish building law generally provides for a structural warranty, a shorter warranty on installations, and a one-year warranty on finishes. After completion, budgeting for ongoing costs such as community fees and annual property tax (IBI) becomes part of owning the home.","La normativa española de edificación establece, con carácter general, una garantía estructural, una garantía más breve sobre instalaciones y una garantía de un año sobre los acabados. Tras la finalización, presupuestar gastos continuos como las cuotas de comunidad y el impuesto anual sobre bienes inmuebles (IBI) pasa a formar parte de la propiedad de la vivienda.",,
59,"Apply for your NIE","Solicite su NIE",,
60,"Select an independent lawyer","Elija un abogado independiente",,
61,"Consider a Spanish bank account","Valora abrir una cuenta bancaria española",,
62,"NIE","NIE",,
63,"Numero de Identificacion de Extranjero -- a Spanish tax ID number required for any property purchase by a non-Spanish national.","Número de Identificación de Extranjero -- un número de identificación fiscal español necesario para cualquier compra de propiedad por parte de un no nacional español.",,
64,"Reservation Agreement","Contrato de reserva",,
65,"The document and payment that takes a specific residence off the market while your private purchase contract is prepared.","El documento y el pago que retiran del mercado una vivienda concreta mientras se prepara su contrato de compraventa privado.",,
66,"Private Purchase Contract","Contrato de compraventa privado",,
67,"Contrato de compraventa -- the binding agreement setting out price, payment schedule, specification and delivery terms.","Contrato de compraventa -- el acuerdo vinculante que establece el precio, el calendario de pagos, las especificaciones y las condiciones de entrega.",,
68,"Bank Guarantee","Aval bancario",,
69,"Legally required protection for off-plan payments made before completion, covering you if the development is not delivered.","Protección legalmente obligatoria para los pagos sobre plano realizados antes de la finalización, que le cubre si la promoción no llega a entregarse.",,
70,"Notary","Notario",,
71,"The public official before whom the final deed of sale is signed at completion.","El funcionario público ante el cual se firma la escritura final de compraventa en el momento de la finalización.",,
72,"The deed of sale signed at the notary and registered in your name at completion.","La escritura de compraventa firmada ante notario e inscrita a su nombre en el momento de la finalización.",,
73,"Land Registry","Registro de la propiedad",,
74,"The official record of property ownership and charges, checked by your lawyer before you sign.","El registro oficial de la titularidad y las cargas de la propiedad, que su abogado comprueba antes de que firmes.",,
75,"This guide is general information about the typical off-plan buying process on the Costa del Sol. It is not legal, tax or financial advice, and does not replace independent professional advice tailored to your situation.","Esta guía es información general sobre el proceso habitual de compra sobre plano en la Costa del Sol. No constituye asesoramiento legal, fiscal ni financiero, y no sustituye el asesoramiento profesional independiente adaptado a su situación.",,
76,"Payment","Pago",,
77,"Completion","Finalización",,
78,"Staged: a reservation, a larger payment on signing the private purchase contract, further payments at construction milestones, and the balance on completion.","Escalonado: una reserva, un pago mayor al firmar el contrato privado de compraventa, más pagos en los hitos de la construcción, y el saldo restante a la finalización.",,
79,"Construction and delivery risk: the project could be delayed or, worst case, not completed. Payments made before completion are required by law to be bank-guaranteed.","Riesgo de construcción y entrega: el proyecto podría retrasarse o, en el peor de los casos, no completarse. Por ley, los pagos realizados antes de la finalización deben contar con aval bancario.",,
80,"Buying early sometimes means a genuine say in finishes -- flooring, kitchen options, occasionally layout -- depending how far along construction is. That window closes near completion.","Comprar temprano a veces significa poder opinar de verdad sobre los acabados -- suelos, opciones de cocina, ocasionalmente la distribución -- según lo avanzada que esté la construcción. Esa ventana se cierra cerca de la finalización.",,
81,"The case is buying below completed-market price and the value closing that gap by delivery. This depends on the specific project and area performing as expected -- it is not a guarantee.","La idea es comprar por debajo del precio de mercado de una vivienda terminada, y que el valor cierre esa diferencia para la fecha de entrega. Esto depende de que el proyecto y la zona en concreto se comporten como se espera -- no es una garantía.",,
82,"Completion depends on the developer obtaining the first occupation license and certificate of completion before the deed can be signed at the notary. Your lawyer confirms these are in place before you complete.","La finalización depende de que el promotor obtenga la licencia de primera ocupación y el certificado de fin de obra antes de poder firmar la escritura ante notario. Su abogado confirme que estos documentos están en regla antes de completar la compra.",,
83,"Costs more upfront, but you are paying for a known quantity: the actual finish, the actual view, the actual noise level, none of which you can fully judge from a floorplan and a render.","Cuesta más por adelantado, pero paga por algo conocido: el acabado real, las vistas reales, el nivel de ruido real, nada de lo cual puede valorar del todo a partir de un plano y una infografía.",,
84,"Simpler: reserve, sign, pay the balance, usually within 30 to 60 days. No construction-linked schedule, and no way to spread the cost over time.","Más sencillo: reservar, firmar, pagar el saldo, normalmente en un plazo de 30 a 60 días. Sin calendario ligado a la construcción, y sin forma de repartir el coste en el tiempo.",,
85,"Can generate rental income or be lived in immediately after completion, with no construction timeline in the way.","Puede generar ingresos por alquiler o habitarse de inmediato tras la finalización, sin ningún calendario de construcción de por medio.",,
86,"Already issued and checkable: your lawyer verifies the existing title, license history and any charges on the property at the Land Registry before you sign.","Ya emitida y verificable: su abogado comprueba el título de propiedad existente, el historial de licencias y cualquier carga sobre la propiedad en el Registro de la Propiedad antes de firmar.",,
87,"Does the bank guarantee cover everything I pay?","¿El aval bancario cubre todo lo que pago?",,
88,"It covers payments made ahead of completion specifically. The exact scope and validity of the guarantee for a given project is something to confirm in writing before signing, not something to assume.","Cubre específicamente los pagos realizados antes de la finalización. El alcance exacto y la validez del aval para un proyecto concreto es algo que debe confirmarse por escrito antes de firmar, no algo que se deba dar por supuesto.",,
89,"Off-plan tends to suit buyers who do not need the property immediately, want to spread payments over time, and are comfortable with construction-stage risk in exchange for a lower entry price and, in some cases, a say in the finish.","Comprar sobre plano suele convenir a compradores que no necesitan la propiedad de inmediato, quieren repartir los pagos en el tiempo, y se sienten cómodos con el riesgo de la etapa de construcción a cambio de un precio de entrada más bajo y, en algunos casos, poder opinar sobre los acabados.",,
90,"A completed home tends to suit buyers who want to move in, rent out, or simply see exactly what they are buying without waiting or without taking on delivery risk -- often at a higher upfront cost for that certainty.","Una vivienda terminada suele convenir a compradores que quieren mudarse, alquilar, o simplemente ver exactamente lo que están comprando sin esperar ni asumir el riesgo de entrega -- a menudo con un coste inicial más alto a cambio de esa certeza.",,
91,"Private Purchase Contract Contrato de compraventa -- the binding agreement setting out price, payment schedule, specification and delivery terms, signed after reservation.","Contrato Privado de Compraventa Contrato de compraventa -- el acuerdo vinculante que establece el precio, el calendario de pagos, los acabados y las condiciones de entrega, firmado tras la reserva.",,
92,"Bank Guarantee Legally required protection for off-plan payments made before completion, covering you if the development is not delivered.","Aval Bancario Protección exigida legalmente para los pagos sobre plano realizados antes de la finalización, que le cubre si la promoción no se llega a entregar.",,
93,"First Occupation License Licencia de primera ocupacion -- the official confirmation a newly built home is fit to be lived in, required before completion.","Licencia de Primera Ocupación Licencia de primera ocupación -- la confirmación oficial de que una vivienda recién construida es apta para ser habitada, necesaria antes de la finalización.",,
94,"Escritura The deed of sale signed at the notary and registered in your name at completion.","Escritura La escritura de compraventa firmada ante notario e inscrita a su nombre en el momento de la finalización.",,
95,"This guide is general information to help you compare off-plan and resale purchases on the Costa del Sol. It is not legal, tax or financial advice, and does not replace independent professional advice tailored to your situation.","Esta guía ofrece información general para ayudarle a comparar las compras sobre plano y de reventa en la Costa del Sol. No constituye asesoramiento legal, fiscal o financiero, y no sustituye el asesoramiento profesional independiente adaptado a su situación.",,
96,"What does it cost to use Nueva Living?","¿Cuánto cuesta contar con Nueva Living?",,
97,"Yes. What we add is the comparison: the availability list as the seller issued it, the purchase costs on top of the asking price, and the checks worth making before you reserve.","Sí. Lo que aportamos es la comparación: la lista de disponibilidad tal y como la emitió el vendedor, los gastos de compra que se suman al precio de venta y las comprobaciones que conviene hacer antes de reservar.",,
98,"Whether it changes what we show you is not something we can settle by claiming otherwise. Read a project page instead: the empty cells where a seller gave us no figure, the purchase costs added on top of the asking price, the two sources printed side by side when they disagree. That is the evidence, and it is the same on every development we publish.","Si eso cambia lo que le mostramos no es algo que podamos zanjar afirmando lo contrario. Lea mejor una página de proyecto: las casillas vacías donde el vendedor no nos dio una cifra, los gastos de compra sumados al precio de venta, las dos fuentes publicadas una junto a otra cuando discrepan. Esa es la prueba, y es la misma en cada promoción que publicamos.",,
99,"Whether the building licence is granted, whether your payments sit behind a bank guarantee, and whether the completion date is contractual or merely indicative.","Si la licencia de obra está concedida, si sus pagos están respaldados por un aval bancario y si la fecha de entrega es contractual o meramente orientativa.",,
100,"Including the parts that cost you money. Where tax adds six figures to the asking price, that is on the page and not left for the notary to mention.","Incluidas las partes que le cuestan dinero. Cuando los impuestos añaden seis cifras al precio de venta, eso figura en la página y no se deja para que lo mencione el notario.",,
101,"Enquiry details may be processed in Nueva Living's customer relationship management system and shared with developers, legal advisers or other service providers only where necessary for a requested enquiry, viewing, reservation or service step. Website measurement events may be processed by Nueva Living's CRM and hosting providers for analytics and technical operation.","Los datos de las consultas pueden procesarse en el sistema de gestión de relaciones con clientes (CRM) de Nueva Living y compartirse con promotores, asesores legales u otros proveedores de servicios únicamente cuando sea necesario para atender una consulta, visita, reserva o trámite solicitado. Los eventos de medición del sitio web pueden ser procesados por los proveedores de CRM y hosting de Nueva Living con fines de analítica y funcionamiento técnico.",,
102,"Legal Notice","Aviso legal",,
103,"Legal notice draft for Nueva Living.","Borrador del aviso legal de Nueva Living.",,
104,"No Legal Or Financial Advice","Sin asesoramiento legal ni financiero",,
105,"This website is presented under the Nueva Living brand and operated by LIORA LIVING SL., Tax ID (NIF) B88827472.","Este sitio web se presenta bajo la marca Nueva Living y está operado por LIORA LIVING SL., con NIF B88827472.",,
106,"Information on this website does not constitute legal, financial, tax or investment advice. Buyers should seek independent professional advice before making any property decision.","La información de este sitio web no constituye asesoramiento legal, financiero, fiscal ni de inversión. Los compradores deben buscar asesoramiento profesional independiente antes de tomar cualquier decisión sobre una propiedad.",,
107,"This page explains the main terms in plain language. It should be reviewed by qualified legal counsel before any future material change.","Esta página explica los términos principales en un lenguaje sencillo. Debe ser revisada por un asesor legal cualificado antes de cualquier cambio sustancial futuro.",,
108,"Legal","Legal",,
109,"For the one-off taxes and fees due at purchase, see our breakdown of new-build purchase costs in Andalucia .","Para conocer los impuestos y gastos únicos que se pagan en la compra, consulta nuestro desglose de los costes de compra de obra nueva en Andalucía .",,
110,"The two routes are also taxed differently: new-build carries IVA and AJD, resale carries ITP. See what a new-build actually costs in Andalucia for the figures.","Las dos vías tributan de forma distinta: la obra nueva paga IVA y AJD, la reventa paga ITP. Consulta lo que cuesta realmente una obra nueva en Andalucía para ver las cifras.",,
111,"New-build in Andalucia in 2026: IVA at 10%, AJD at 1.2%, plus notary, land registry and legal fees, and the reduced stamp-duty rates that can apply.","Obra nueva en Andalucía en 2026: IVA del 10%, AJD del 1,2%, más notaría, registro de la propiedad y honorarios legales, y los tipos reducidos de AJD que pueden aplicarse.",,
112,"Every competitor writes a Spain-wide cost guide quoting 8 to 13 per cent. New-build in Andalucia is a specific number, and it is knowable before you offer.","Todas las guías de costes escritas para el conjunto de España citan entre un 8 y un 13 por ciento. La obra nueva en Andalucía tiene una cifra concreta, y se puede conocer antes de hacer una oferta.",,
113,"Most cost guides for Spain quote a single national range, usually somewhere between 8 and 13 per cent. That range exists because it is averaging two different purchases across seventeen regions. For a new-build in Andaluc&iacute;a the tax side is not a range at all -- it is two fixed rates, and you can work out the number exactly.","La mayoría de las guías de costes para España citan un único rango nacional, normalmente entre el 8 y el 13 por ciento. Ese rango existe porque promedia dos compras distintas a lo largo de diecisiete comunidades. En la obra nueva en Andalucía la parte fiscal no es un rango: son dos tipos fijos, y la cifra se puede calcular con exactitud.",,
114,"A new-build bought from the developer is a first transmission, so it carries VAT rather than the transfer tax that applies to a resale. In Andaluc&iacute;a that means two separate taxes on the same purchase.","Una vivienda de obra nueva comprada al promotor es una primera transmisión, por lo que tributa por IVA y no por el impuesto de transmisiones que se aplica a la reventa. En Andalucía eso supone dos impuestos distintos sobre la misma compra.",,
115,"11.2% on a new-build. For comparison, a resale in Andaluc&iacute;a carries ITP at 7% and no AJD -- so the tax on a new home is roughly four points higher than on an equivalent resale.","11,2% en obra nueva. Como comparación, una reventa en Andalucía tributa un 7% de ITP y no paga AJD: la carga fiscal de una vivienda nueva es unos cuatro puntos superior a la de una reventa equivalente.",,
116,"Andaluc&iacute;a applies reduced AJD rates in specific circumstances. They are worth checking before you assume the general rate, though most purchases on this coast fall outside them.","Andalucía aplica tipos reducidos de AJD en circunstancias concretas. Conviene comprobarlos antes de dar por hecho el tipo general, aunque la mayoría de las compras en esta costa quedan fuera.",,
117,"Notary and Land Registry fees are set by national tariff, so they do not vary between providers. Legal fees do.","Los aranceles de notaría y registro de la propiedad están fijados por tarifa nacional, así que no varían de un profesional a otro. Los honorarios legales sí.",,
118,"Roughly &euro;600 to &euro;1,200 on a typical residential purchase, scaling with the price and the length of the deed. Regulated, so shopping around does not change it.","En torno a 600–1.200 € en una compra residencial típica, en función del precio y de la extensión de la escritura. Está regulado, así que comparar no cambia la cifra.",,
119,"Typically 1% of the price plus 21% IVA on the fee, or a fixed quote in the &euro;1,500 to &euro;3,000 range for a straightforward purchase. This one is negotiable, and it is the line worth comparing quotes on.","Habitualmente el 1% del precio más el 21% de IVA sobre el honorario, o un presupuesto cerrado de entre 1.500 y 3.000 € en una compra sencilla. Esta partida sí es negociable, y es la que merece la pena comparar.",,
120,"Roughly &euro;4,500 plus IVA at 1%, or a fixed quote","En torno a 4.500 € más IVA al 1%, o un presupuesto cerrado",,
121,"Around &euro;57,000, or about 12.5% over the price. Taxes are the fixed &euro;50,400 of that; the rest moves with who you instruct.","Unos 57.000 €, o alrededor de un 12,5% sobre el precio. Los impuestos son los 50.400 € fijos; el resto depende de a quién contrates.",,
122,"That is the acquisition cost. It does not include mortgage arrangement and valuation fees if you are borrowing, furnishing, or the running costs that start after completion -- IBI, community fees and utilities.","Ese es el coste de adquisición. No incluye los gastos de apertura y tasación si financia con hipoteca, el amueblamiento ni los costes recurrentes que empiezan tras la entrega: IBI, cuotas de comunidad y suministros.",,
123,"The IVA rate is national and the AJD rate is set by Andaluc&iacute;a; both can change, and the reduced rates carry conditions that depend on your circumstances. This page is general information about how the costs are structured, not tax or legal advice. Confirm the figures for your own purchase with your lawyer or tax adviser before you commit to anything. Nueva Living provides a written cost breakdown for a specific residence on request.","El tipo de IVA es estatal y el de AJD lo fija Andalucía; ambos pueden cambiar, y los tipos reducidos están sujetos a condiciones que dependen de su situación. Esta página es información general sobre cómo se estructuran los costes, no asesoramiento fiscal ni jurídico. Confirme las cifras de su compra con su abogado o asesor fiscal antes de comprometerse a nada. Nueva Living facilita un desglose de costes por escrito para una vivienda concreta a petición.",,
124,"IVA and AJD, not transfer tax","IVA y AJD, no impuesto de transmisiones",,
125,"What a new-build costs on top of the price","Lo que cuesta una obra nueva por encima del precio",,
126,"When AJD is lower than 1.2%","Cuándo el AJD es inferior al 1,2%",,
127,"Notary, registry and legal fees","Notaría, registro y honorarios legales",,
128,"New-Build Purchase Costs in Andalucia","Costes de compra de obra nueva en Andalucía",,
129,"Request a Cost Breakdown","Solicitar un desglose de costes",,
130,"AJD (stamp duty)","AJD (actos jurídicos documentados)",,
131,"The Two Taxes","Los dos impuestos",,
132,"IVA at 10%","IVA al 10%",,
133,"AJD at 1.2%","AJD al 1,2%",,
134,"Notary and registry","Notaría y registro",,
135,"On Top of Tax","Además de los impuestos",,
136,"IVA (VAT)","IVA",,
137,"Total tax","Impuestos totales",,
138,"This guide is general information about buying a new-build home on the Costa del Sol. It is not legal, tax or financial advice, and does not replace independent professional advice tailored to your situation.","Esta guía es información general sobre la compra de vivienda de obra nueva en la Costa del Sol. No constituye asesoramiento legal, fiscal ni financiero, y no sustituye el asesoramiento profesional independiente adaptado a su situación.",,
139,"Bank Guarantees on Off-Plan Property in Spain","Avales en la compra sobre plano en España",,
140,"Disclosure in the contract","Constancia en el contrato",,
141,"Advance payments must be received through a credit institution and deposited in a special account, kept separate from any other class of funds. Money may only leave that account for costs arising directly from the construction of those homes. It is not the developer's working capital.","Las cantidades anticipadas deben recibirse a través de una entidad de crédito e ingresarse en una cuenta especial, separada de cualquier otra clase de fondos. Solo pueden disponerse para atender gastos derivados directamente de la construcción de esas viviendas. No son el circulante del promotor.",,
142,"The purchase contract itself must state the developer's obligation to repay, identify the insurer or guarantor, and identify the credit institution and the account. At signing you should also be handed the document evidencing the guarantee attached to your particular payments.","El propio contrato de compraventa debe recoger la obligación de devolución del promotor, identificar a la aseguradora o avalista e identificar la entidad de crédito y la cuenta. En la firma debe entregársele además el documento que acredita la garantía referida a sus pagos concretos.",,
143,"Failing to put the guarantee in place is treated as a consumer-protection infringement, carrying a penalty of up to 25% of the amounts that should have been secured, on top of anything the regional building rules impose.","No constituir la garantía se considera una infracción en materia de consumo, sancionable con hasta el 25% de las cantidades que debieron asegurarse, con independencia de lo que impongan las normas autonómicas de edificación.",,
144,"The obligation to guarantee repayment runs from the point the building licence is obtained -- not from the moment you first pay. This is one of the substantive differences between the current regime and the 1968 law it replaced, and it is the single most practical thing to understand before you reserve.","La obligación de garantizar la devolución nace desde la obtención de la licencia de edificación --no desde el momento en que usted paga por primera vez. Es una de las diferencias de fondo entre el régimen vigente y la ley de 1968 a la que sustituyó, y es lo más práctico que conviene entender antes de reservar.",,
145,"In plain terms: if you pay a reservation fee on a project whose licence has not yet been granted, that money is not sitting behind the statutory guarantee. It may well be protected by what your contract says instead -- many reservation agreements make the fee refundable during a due-diligence window, and that is a contractual protection, not a legal one. The two are not interchangeable, and only one of them is the same at every developer.","En términos llanos: si abona una reserva en un proyecto cuya licencia aún no se ha concedido, ese dinero no está amparado por la garantía legal. Puede muy bien estar protegido por lo que diga su contrato --muchos acuerdos de reserva prevén la devolución durante un plazo de due diligence, y eso es una protección contractual, no legal. No son intercambiables, y solo una de ellas es igual en todos los promotores.",,
146,"This is not a reason to avoid pre-licence projects. It is a reason to know which category a project is in before you transfer anything, and to have your lawyer read the reservation terms rather than assume the statute covers you. Every project on this site states its licence status in its own trust dossier, in those words, because the distinction changes what your money is standing on.","No es motivo para descartar proyectos sin licencia. Es motivo para saber en qué categoría está un proyecto antes de transferir nada, y para que su abogado lea las condiciones de reserva en lugar de dar por hecho que la ley le cubre. Cada proyecto de este sitio indica su estado de licencia en su propio dosier de confianza, con esas palabras, porque la distinción cambia sobre qué se apoya su dinero.",,
147,"If construction does not begin, is not finished within the agreed period, or the habitation certificate is not obtained, you may claim back the amounts paid on account -- including the taxes applied to them -- plus statutory interest. You can either terminate the contract or grant the developer an extension, which is recorded as an additional clause setting the new delivery date.","Si la construcción no se inicia, no concluye en el plazo convenido o no se obtiene la cédula de habitabilidad, podrá exigir la devolución de las cantidades entregadas a cuenta --incluidos los impuestos aplicados-- más el interés legal. Podrá optar entre resolver el contrato o conceder una prórroga al promotor, que se hará constar en cláusula adicional con la nueva fecha de entrega.",,
148,"The practical lesson is that the guarantee is only as useful as the paperwork behind it. Ask for the guarantee document at signing, check it names you and your specific payments, and keep it. A guarantee that exists in principle but was never issued to you is the failure mode this provision was written to prevent.","La lección práctica es que la garantía vale lo que valga la documentación que la respalda. Pida el documento de garantía en la firma, compruebe que figura su nombre y sus pagos concretos, y consérvelo. Una garantía que existe en teoría pero nunca se le entregó es precisamente el fallo que esta norma se escribió para evitar.",,
149,"The obligations described on this page are taken from the first additional provision of Ley 38/1999 as consolidated after Ley 20/2015, and are current as of August 2026. This is general information about how the protection is structured; it is not legal advice, and how it applies to a particular contract is a question for your own lawyer. Nueva Living confirms licence status and guarantee arrangements in writing for a specific project on request.","Las obligaciones descritas en esta página proceden de la disposición adicional primera de la Ley 38/1999 en su texto consolidado tras la Ley 20/2015, y están vigentes a agosto de 2026. Se trata de información general sobre cómo se estructura la protección; no es asesoramiento jurídico, y cómo se aplica a un contrato concreto es cuestión para su propio abogado. Nueva Living confirme por escrito el estado de licencia y las garantías de un proyecto concreto a petición.",,
150,"Spanish law guarantees the money you pay during construction. It does not guarantee all of it, from the moment you pay it, and the gap is where buyers get caught.","La ley española garantiza el dinero que usted paga durante la construcción. No lo garantiza todo, ni desde el primer euro, y es en ese hueco donde los compradores se quedan atrapados.",,
151,"The guarantee starts at the building licence","La garantía empieza con la licencia de obra",,
152,"A guarantee","Una garantía",,
153,"How Payments Are Staged","Cómo se escalonan los pagos",,
154,"Off-Plan Payment Schedules on the Costa del Sol","Pagos escalonados sobre plano, Costa del Sol",,
155,"Real staged payment schedules from Costa del Sol developers: reservation fees, the 30% contract stage, construction milestones and the balance at deed.","Calendarios de pago reales de promotores de la Costa del Sol: reservas, el 30% en contrato, hitos de obra y el resto en escritura.",,
156,"Reservation Agreements","Contratos de reserva",,
157,"Private purchase contract","Contrato privado de compraventa",,
158,"Request a Payment Structure","Solicitar una estructura de pago",,
159,"How off-plan payments are actually staged","Cómo se escalonan de verdad los pagos sobre plano",,
160,"Reservation, contract, build, deed","Reserva, contrato, obra, escritura",,
161,"Typically bringing the total paid to 30%, with the reservation usually counted towards it. Some developers stage this as 25% at contract with the balance spread across the build. Signing windows are short -- 15 to 30 days from reservation is normal.","Suele elevar lo pagado al 30%, descontando normalmente la reserva. Algunos promotores lo plantean como un 25% en contrato y el resto repartido durante la obra. Los plazos de firma son cortos --de 15 a 30 días desde la reserva es lo habitual.",,
162,"Highly variable. Some projects take nothing between contract and completion; others take 10% at a fixed date, or tie payments to certified milestones such as completion of the foundation and of the structure. One project on this site spreads 50% across fifteen monthly payments from the start of works.","Muy variable. Algunos proyectos no cobran nada entre contrato y entrega; otros cobran un 10% en fecha fija, o vinculan los pagos a hitos certificados como la finalización de cimentación y estructura. Un proyecto de esta web reparte el 50% en quince mensualidades desde el inicio de obra.",,
163,"The balance at the deed of sale, most often 50% to 70%. This is also where the bulk of the tax falls due.","El resto en la escritura de compraventa, lo más habitual entre el 50% y el 70%. Es también el momento en que vence el grueso de los impuestos.",,
164,"Note that stage payments are quoted plus VAT in most schedules, so the cash required at each stage is higher than the headline percentage. See","Tenga en cuenta que los pagos por fases se indican más IVA en la mayoría de calendarios, por lo que el efectivo necesario en cada fase es mayor que el porcentaje anunciado. Consulte",,
165,"what a new-build costs on top of the price","qué cuesta una obra nueva además del precio",,
166,"for how IVA and AJD land across the timeline.","para ver cómo caen el IVA y el AJD a lo largo del calendario.",,
167,"This is worth stating plainly, because it is often blurred: there is no Spanish statute governing reservation agreements. What your reservation fee does, whether it is refundable, and for how long, is whatever your particular reservation document says. It is a contract, and its terms vary between developers.","Conviene decirlo sin rodeos, porque suele difuminarse: no existe ley española que regule los contratos de reserva. Qué hace su señal, si es reembolsable y durante cuánto tiempo, es lo que diga su documento de reserva concreto. Es un contrato, y sus condiciones varían de un promotor a otro.",,
168,"That matters more than it sounds, because the statutory guarantee over advance payments only begins once the building licence has been obtained. A reservation paid before that point rests on the contract wording alone. Some agreements make the fee refundable for a defined due-diligence window; others do not. Read it, or have your lawyer read it, before transferring anything -- and see","Importa más de lo que parece, porque la garantía legal sobre las cantidades anticipadas solo nace una vez obtenida la licencia de obra. Una reserva pagada antes de ese momento se apoya únicamente en lo que diga el contrato. Algunos acuerdos hacen la señal reembolsable durante un plazo definido de due diligence; otros no. Léalo, o que lo lea su abogado, antes de transferir nada --y consulte",,
169,"how the bank guarantee works","cómo funciona el aval bancario",,
170,"Once the guarantee regime applies, amounts you pay on account must be received through a credit institution and held in a special account, separate from any other class of funds, and may only be drawn for costs arising directly from building those homes. If a developer proposes any other arrangement for staged payments, that is the point to stop and take advice.","Una vez aplica el régimen de garantía, las cantidades entregadas a cuenta deben recibirse a través de una entidad de crédito y mantenerse en una cuenta especial, separada de cualquier otra clase de fondos, y solo pueden disponerse para gastos derivados directamente de construir esas viviendas. Si un promotor propone cualquier otro arreglo para los pagos escalonados, ese es el momento de parar y pedir asesoramiento.",,
171,"The ranges above describe the written schedules held for the projects listed on this site as of August 2026. They are not a rule, and they are not an offer -- an individual developer can and does structure payments differently, and terms change between releases. Nueva Living reconfirms the current payment structure in writing for a specific residence before any reservation.","Las horquillas anteriores describen los calendarios escritos que obran para los proyectos de esta web a agosto de 2026. No son una regla ni una oferta --un promotor concreto puede estructurar los pagos de otro modo, y las condiciones cambian entre fases. Nueva Living reconfirma por escrito la estructura de pago vigente de una vivienda concreta antes de cualquier reserva.",,
172,"Reservation","Reserva",,
173,"Off-Plan Payment Schedules · 2026 Guide","Pagos escalonados sobre plano · Guía 2026",,
174,"At the deed","En la escritura",,
175,"That depends on their severity and on your contract, and it is a question for your lawyer rather than a rule. What is generally available is completing with reservations recorded, which shifts the start of the periods until those are put right.","Depende de su gravedad y de su contrato, y es una cuestión para su abogado más que una regla. Lo que suele estar disponible es escriturar dejando constancia de las reservas, lo que desplaza el inicio de los plazos hasta que se subsanen.",,
176,"IVA at 10% plus AJD at 1.2%, so 11.2% of the price in tax. Both are set by law and neither is negotiable.","IVA del 10% más AJD del 1,2%, es decir, un 11,2% del precio en impuestos. Ambos los fija la ley y ninguno es negociable.",,
177,"IVA at 10% is charged on each stage payment as you make it, not held back to completion. This is the line most budgets get wrong: the cash required at each stage is the percentage plus a tenth of it again.","El IVA del 10% se repercute en cada pago escalonado cuando lo haces, no se retiene hasta la entrega. Esta es la línea que la mayoría de los presupuestos calcula mal: el efectivo necesario en cada fase es el porcentaje más una décima parte más.",,
178,"The balance of the price, the AJD in full, notary, Land Registry and your lawyer's fee. This is where the largest single transfer happens.","El resto del precio, el AJD íntegro, notaría, Registro de la Propiedad y los honorarios de su abogado. Aquí es donde se produce la transferencia más grande.",,
179,"How the Bank Guarantee Works","Cómo funciona el aval bancario",,
180,"A new-build comes with statutory cover against defects, and it is not one warranty but three, each running for a different length of time and each pointing at a different party. Knowing which clock applies to a given problem is what turns a snagging list from a favour the developer might do into a claim with a legal basis.","La obra nueva viene con cobertura legal frente a defectos, y no es una garantía sino tres, cada una con un plazo distinto y cada una dirigida a una parte distinta. Saber qué plazo aplica a un problema concreto es lo que convierte una lista de repasos en una reclamación con base legal, y no en un favor que el promotor quizá le haga.",,
181,"All three periods run from the date the works are formally received without reservations -- or, where reservations were made, from the date those are put right. Not from when you move in, and not from the deed.","Los tres plazos corren desde la fecha de recepción formal de la obra sin reservas --o, si las hubo, desde la fecha en que se subsanan. No desde que usted entra a vivir, ni desde la escritura.",,
182,"The periods and liabilities described here are taken from articles 17 and 19 of Ley 38/1999 and its second additional provision, as consolidated, and are current as of August 2026. This page is general information about how the cover is structured, not legal advice. Whether a particular defect falls in a particular period is a question of fact for your lawyer and, usually, a surveyor. Nueva Living can provide the warranty and insurance documentation held for a specific project on request.","Los plazos y responsabilidades aquí descritos proceden de los artículos 17 y 19 de la Ley 38/1999 y de su disposición adicional segunda, en texto consolidado, y están vigentes a agosto de 2026. Esta página es información general sobre cómo se estructura la cobertura, no asesoramiento jurídico. Si un defecto concreto cae en un plazo concreto es una cuestión de hecho para su abogado y, normalmente, un arquitecto técnico. Nueva Living puede facilitar la documentación de garantía y seguro de un proyecto concreto a petición.",,
183,"Independent help comparing Costa del Sol developers, contracts, payment schedules and bank guarantees before you reserve an off-plan home.","Ayuda independiente para comparar promotoras, contratos, calendarios de pago y avales bancarios antes de reservar una vivienda sobre plano.",,
184,"With a Mortgage","Con hipoteca",,
185,"After Completion","Después de la entrega",,
186,"What a mortgage adds to the total","Qué añada una hipoteca al total",,
187,"The costs do not arrive together","Los costes no llegan todos a la vez",,
188,"The costs that start rather than stop","Los costes que empiezan, no terminan",,
189,"What buyers ask us about cost","Lo que nos preguntan sobre costes",,
190,"Arrangement fee","Comisión de apertura",,
191,"AJD on the mortgage","AJD sobre la hipoteca",,
192,"Community fees","Gastos de comunidad",,
193,"Non-resident income tax","IRNR (no residentes)",,
194,"At reservation","En la reserva",,
195,"Is the IVA paid in one payment at the end?","¿El IVA se paga de una vez al final?",,
196,"Can I reclaim the IVA?","¿Puedo recuperar el IVA?",,
197,"If you are borrowing, three of the four costs below fall on you and one does not. The one that does not is the one older guides still list as yours.","Si financia, tres de los cuatro costes siguientes son suyos y uno no lo es. Justo el que no lo es sigue apareciendo como suyo en las guías antiguas.",,
198,"The tasaci&oacute;n, &euro;300 to &euro;600, paid before the bank will issue a binding offer. The report is valid for six months, and the bank lends against the lower of valuation and price.","La tasaci&oacute;n, de 300 a 600 €, se paga antes de que el banco emita una oferta vinculante. El informe vale seis meses y el banco presta sobre el menor de tasación y precio.",,
199,"Nothing. The lender has paid the stamp duty on the mortgage deed since Real Decreto-ley 17/2018. Any guide still listing it as a buyer cost predates that change.","Nada. El prestamista paga el AJD de la escritura de hipoteca desde el Real Decreto-ley 17/2018. Cualquier guía que aún lo cargue al comprador es anterior a ese cambio.",,
200,"0.5% to 1% of the loan, or a fixed fee, if you use one. Worth it where a broker reaches lenders that price non-resident files differently.","Del 0,5% al 1% del préstamo, o un fijo, si recurre a uno. Compensa cuando el bróker llega a entidades que valoran de otro modo los expedientes de no residentes.",,
201,"A single percentage makes it sound like one bill at the end. In practice the tax arrives in instalments and the professional fees arrive at the deed.","Un porcentaje único hace pensar en una sola factura al final. En la práctica el impuesto llega a plazos y los honorarios llegan en la escritura.",,
202,"Nothing beyond the reservation fee itself, and that counts towards the price rather than sitting on top of it.","Nada más allá de la propia señal, y esa se descuenta del precio en lugar de sumarse a él.",,
203,"Acquisition cost is the number people compare. Running cost is the number they live with, and it is knowable before you reserve.","El coste de adquisición es la cifra que se compara. El coste de mantenimiento es la cifra con la que se vive, y se puede conocer antes de reservar.",,
204,"Municipal property tax, charged on the valor catastral rather than the market price, broadly 0.4% to 1.1% of it a year. Because the catastral value is a fraction of what you paid, the bill is usually a few hundred to a couple of thousand euros.","Impuesto municipal sobre el valor catastral, no sobre el precio de mercado, en torno al 0,4%-1,1% anual. Como el valor catastral es una fracción de lo pagado, el recibo suele ir de unos cientos a un par de miles de euros.",,
205,"Set per home by participation quota. A development with a spa, heated pools and a concierge costs more to run than a small block, and the community budget exists before you reserve. Ask for it.","Se fijan por cuota de participación de cada vivienda. Una promoción con spa, piscinas climatizadas y conserjería cuesta más de mantener que un bloque pequeño, y el presupuesto de comunidad existe antes de que reserve. Pídalo.",,
206,"Spain taxes an imputed income on a second home even when it is never let, declared on Modelo 210. Residents of the EU and EEA are taxed at 19%, others at 24%.","España grava una renta imputada por la segunda vivienda aunque nunca se alquile, declarada en el Modelo 210. Los residentes en la UE y el EEE tributan al 19% y el resto al 24%.",,
207,"No. IVA is set nationally and AJD by Andaluc&iacute;a, and neither moves on a private purchase. What is negotiable is the legal fee, and the arrangement fee if you borrow.","No. El IVA lo fija el Estado y el AJD Andaluc&iacute;a, y ninguno se mueve en una compra privada. Lo negociable son los honorarios del abogado y, si financia, la comisión de apertura.",,
208,"No. That tax falls on the seller, and on a new-build the seller is the developer. It is a resale question that follows buyers into new-build guides where it does not belong.","No. Ese impuesto recae en el vendedor, y en obra nueva el vendedor es el promotor. Es una cuestión de segunda mano que se cuela en guías de obra nueva donde no pinta nada.",,
209,"No. It is charged on each stage payment as that payment is made. A schedule quoting 30% at contract means 30% plus IVA on that 30%, and the same at every stage after it.","No. Se repercute en cada pago a cuenta según se hace. Un calendario que dice 30% en contrato significa 30% más el IVA de ese 30%, y lo mismo en cada fase posterior.",,
210,"The Tax Gap","La brecha fiscal",,
211,"Can I get a mortgage on an off-plan purchase?","¿Puedo financiar una compra sobre plano?",,
212,"Can I sell an off-plan unit before completion?","¿Puedo vender una unidad sobre plano antes de la entrega?",,
213,"ITP at 7% and no AJD. Four points lower, on the same price.","ITP al 7% y sin AJD. Cuatro puntos menos, sobre el mismo precio.",,
214,"A resale at the same headline price costs roughly &euro;18,000 less in tax on a &euro;450,000 purchase. An off-plan unit has to be priced meaningfully below the finished comparable before it is the cheaper transaction, not merely the cheaper number.","Una segunda mano al mismo precio de salida paga unos 18.000 € menos de impuestos en una compra de 450.000 €. Una unidad sobre plano tiene que estar claramente por debajo del comparable terminado para ser la operación más barata, y no solo el número más bajo.",,
215,"Unpaid community charges attach to the property itself for the current year and the three preceding ones, and unpaid IBI attaches to it without a time limit of that kind. Your lawyer asks for a certificate of no debt from the community and checks the IBI receipts before you sign.","Las cuotas de comunidad impagadas quedan afectas al propio inmueble por el año en curso y los tres anteriores, y el IBI impagado queda afecto sin un límite temporal de ese tipo. Su abogado pida el certificado de estar al corriente a la comunidad y revise los recibos del IBI antes de firmar.",,
216,"Where the seller is not resident in Spain, the buyer withholds 3% of the price and pays it to the tax office on the seller's account. It is the buyer's obligation, not the seller's courtesy, and it does not arise at all buying from a developer.","Si el vendedor no reside en España, el comprador retiene el 3% del precio y lo ingresa en Hacienda a cuenta del vendedor. Es una obligación del comprador, no una cortesía del vendedor, y no surge en absoluto comprando a un promotor.",,
217,"Extensions, glazed terraces and pool houses added without permission are common and do not always appear in the deed. What is registered, what is built and what was licensed have to agree, and only a search establishes that.","Ampliaciones, terrazas acristaladas y casetas de piscina hechas sin licencia son frecuentes y no siempre constan en la escritura. Lo inscrito, lo construido y lo licenciado tienen que coincidir, y solo una comprobación lo acredita.",,
218,"At the same headline price, no, because the tax is four points higher. Off-plan is cheaper where the price genuinely sits below the finished comparable by more than that, which is a project-by-project question rather than a rule.","Al mismo precio de salida, no, porque el impuesto es cuatro puntos mayor. Sale más barato cuando el precio está realmente por debajo del comparable terminado en más que eso, y eso se mira proyecto a proyecto, no como regla.",,
219,"Yes, but the loan is normally drawn at completion rather than during construction, so the stage payments come out of your own funds. That changes the cash profile more than the total, and it is worth modelling before you reserve.","Sí, pero el préstamo suele disponerse en la escritura, no durante la obra, así que los pagos por fases salen de sus propios fondos. Eso cambia el perfil de caja más que el total, y conviene calcularlo antes de reservar.",,
220,"Delays of a few months against the original estimate are common. Your contract sets the delivery date and what happens if it is missed, including whether you may terminate or grant an extension, and that clause is worth reading before you sign rather than after.","Retrasos de unos meses sobre la estimación inicial son habituales. Su contrato fija la fecha de entrega y qué ocurre si se incumple, incluida la opción de resolver o conceder prórroga, y esa cláusula conviene leerla antes de firmar, no después.",,
221,"Sometimes. Whether the contract can be assigned to another buyer, and on what terms and fee, is set by the developer and varies widely. If that is part of your plan, establish it in writing before reserving, not later.","A veces. Si el contrato puede cederse a otro comprador, y en qué condiciones y con qué comisión, lo decide el promotor y varía mucho. Si eso forma parte de su plan, déjelo por escrito antes de reservar, no después.",,
222,"What the guarantee actually returns","Qué devuelve realmente la garantía",,
223,"Is my reservation fee guaranteed?","¿Está garantizada mi señal de reserva?",,
224,"Who pays for the guarantee?","¿Quién paga la garantía?",,
225,"Does the guarantee cover a delay, or only non-delivery?","¿La garantía cubre el retraso o solo la falta de entrega?",,
226,"Does it transfer if I assign the contract?","¿Se transmite si cedo el contrato?",,
227,"A guarantee is not compensation for a purchase that went wrong. It is a return of what you handed over, and knowing its edges is what stops it being mistaken for something wider.","Una garantía no es una indemnización por una compra que salió mal. Es la devolución de lo que usted entregó, y conocer sus límites es lo que evita confundirla con algo más amplio.",,
228,"The amounts paid on account, the taxes charged on those amounts, and statutory interest from the date each payment was made.","Las cantidades entregadas a cuenta, los impuestos aplicados sobre ellas y el interés legal desde la fecha de cada pago.",,
229,"The gain you expected. If the finished market moved while you waited, the guarantee returns your money and not the difference. It restores your position; it does not deliver the bargain.","La plusvalía que esperaba. Si el mercado de vivienda terminada se movió mientras esperaba, la garantía le devuelve su dinero, no la diferencia. Le restituye la posición; no le entrega el negocio.",,
230,"Costs you incurred around the purchase -- legal fees, travel, a mortgage arrangement fee already paid. Those sit outside the statutory guarantee and belong to whatever your contract says about them.","Los gastos en los que incurrió alrededor de la compra --honorarios, viajes, una comisión de apertura ya pagada. Quedan fuera de la garantía legal y dependen de lo que diga su contrato.",,
231,"A guarantee that exists at the level of the development is not the same as one issued for your payments. These are the four things to establish, in this order, and none of them requires taking anyone's word for it.","Una garantía que existe a nivel de promoción no es lo mismo que una emitida para sus pagos. Estas son las cuatro cosas que hay que acreditar, en este orden, y ninguna exige fiarse de la palabra de nadie.",,
232,"Ask whether the building licence has been granted, and for the date. Before that point the statutory guarantee has not yet arisen, however the reservation is described.","Pregunte si se ha concedido la licencia de obra, y la fecha. Antes de ese momento la garantía legal aún no ha nacido, se describa como se describa la reserva.",,
233,"The contract should identify the credit institution and the special account, and your payments should go there rather than to a general company account. Compare the account on the contract with the one on the payment instruction.","El contrato debe identificar la entidad de crédito y la cuenta especial, y sus pagos deben ir allí y no a una cuenta general de la empresa. Compare la cuenta del contrato con la de la orden de pago.",,
234,"Ask for the certificate or policy that covers your payments specifically. It should name you, name the unit, and state the amounts. A master policy for the development is the frame, not the cover.","Pida el certificado o la póliza que cubre sus pagos en concreto. Debe figurar su nombre, la vivienda y los importes. Una póliza marco de la promoción es el marco, no la cobertura.",,
235,"Check the insurer or bank named on it is authorised to operate in Spain. This takes one search and it is the step people skip.","Compruebe que la aseguradora o el banco que figura está autorizado a operar en España. Es una sola consulta, y es el paso que la gente se salta.",,
236,"A guaranteed buyer is not in that queue. The claim runs against the insurer or the bank that issued the guarantee, which is a solvent third party with its own obligation to you, and it does not depend on what the developer has left. That is the difference the paperwork buys, and it is why a guarantee held in your own name matters more than a reassurance that the development is covered.","Un comprador con garantía no está en esa cola. La reclamación va contra la aseguradora o el banco que la emitió, un tercero solvente con obligación propia hacia usted, y no depende de lo que le quede al promotor. Esa es la diferencia que compra el papeleo, y por eso una garantía a su nombre vale más que la seguridad de que la promoción está cubierta.",,
237,"Only once the building licence has been granted. Paid before that, it rests on the wording of your reservation agreement instead, which is a contractual protection rather than a statutory one, and it differs between developers.","Solo una vez concedida la licencia de obra. Pagada antes, depende de lo que diga su contrato de reserva, que es una protección contractual y no legal, y varía de un promotor a otro.",,
238,"The developer. It is their obligation and their cost, and it should not appear as a charge added to your payments. If it does, ask what it is.","El promotor. Es su obligación y su coste, y no debe aparecer como un cargo añadido a sus pagos. Si aparece, pregunte qué es.",,
239,"It is triggered where construction does not begin, is not finished within the agreed period, or the habitation certificate is not obtained. A delay that runs past the agreed period reaches it; a delay inside that period is a contract question.","Se activa si la obra no se inicia, no concluye en el plazo pactado o no se obtiene la cédula de habitabilidad. Un retraso que supera el plazo pactado la alcanza; un retraso dentro del plazo es cuestión de contrato.",,
240,"Not automatically in the sense that matters. Where a contract is assigned, the guarantee has to follow the new buyer in writing, and that is a step to confirm rather than assume.","No automáticamente en el sentido que importa. Si se cede el contrato, la garantía tiene que seguir por escrito al nuevo comprador, y ese es un paso que hay que confirmar, no dar por hecho.",,
241,"What 30% at contract actually costs","Lo que cuesta de verdad un 30% en contrato",,
242,"The cost that is not in the schedule","El coste que no aparece en el calendario",,
243,"What buyers ask us about payments","Lo que nos preguntan sobre los pagos",,
244,"At contract, 30%","En contrato, 30%",,
245,"At the deed, 70%","En escritura, 70%",,
246,"Can I negotiate the payment schedule?","¿Puedo negociar el calendario de pagos?",,
247,"What if I cannot make a stage payment?","¿Y si no puedo afrontar un pago por fases?",,
248,"Do stage payments go to the developer directly?","¿Los pagos por fases van directamente al promotor?",,
249,"Schedules are quoted net of VAT, so every percentage on them understates the transfer by a tenth. On a &euro;600,000 home the difference is not academic.","Los calendarios se expresan sin IVA, así que cada porcentaje se queda una décima corto respecto a la transferencia real. En una vivienda de 600.000 € la diferencia no es teórica.",,
250,"&euro;180,000 net, less the &euro;10,000 already paid, plus 10% IVA on the &euro;180,000. The transfer is &euro;188,000, not &euro;170,000.","180.000 € netos, menos los 10.000 € ya pagados, más el 10% de IVA sobre los 180.000 €. La transferencia son 188.000 €, no 170.000 €.",,
251,"&euro;420,000 net plus IVA on that, plus the AJD on the full price, plus notary, registry and legal. Around &euro;476,000 before fees.","420.000 € netos más el IVA correspondiente, más el AJD sobre el precio total, más notaría, registro y abogado. Unos 476.000 € antes de honorarios.",,
252,"Two schedules can quote identical percentages and behave completely differently, because what triggers a payment is set by wording rather than by the number beside it.","Dos calendarios pueden dar los mismos porcentajes y comportarse de forma muy distinta, porque lo que activa un pago lo fija la redacción, no la cifra que aparece al lado.",,
253,"Where payments follow milestones, the schedule should say who confirms one has been reached. In practice that is the project's technical architect, and the certificate is a document you can ask to see.","Si los pagos siguen hitos, el calendario debe decir quién confirme que se ha alcanzado uno. En la práctica es el arquitecto técnico de la obra, y el certificado es un documento que puede pedir ver.",,
254,"Fifteen days is common, and it is short if funds have to move across borders. Establish the notice period before you sign rather than discovering it with a payment demand.","Quince días es habitual, y es poco si el dinero tiene que cruzar fronteras. Fije el plazo de preaviso antes de firmar, no lo descubra con la exigencia de pago.",,
255,"Contracts vary widely: interest, a cure period, and in some cases termination with retention of part of what you have paid. This is one of the clauses worth reading closely, because it is the one that costs the most when it applies.","Los contratos varían mucho: intereses, un plazo de subsanación y, en algunos casos, resolución con retención de parte de lo pagado. Es una de las cláusulas que conviene leer con calma, porque es la que más cuesta cuando se aplica.",,
256,"Occasionally offered, and worth weighing carefully: paying ahead of the schedule increases what you have at risk before delivery, and the guarantee covers what you have paid rather than what you were promised in return.","A veces se ofrece, y conviene sopesarlo: pagar por delante del calendario aumenta lo que tiene en riesgo antes de la entrega, y la garantía cubre lo pagado, no lo prometido a cambio.",,
257,"They should go to the special account named in your contract, held apart from the developer's other funds, once the guarantee regime applies. Compare the account on the contract against the one on the payment instruction each time.","Deben ir a la cuenta especial identificada en su contrato, separada de los demás fondos del promotor, una vez aplica el régimen de garantía. Compare la cuenta del contrato con la de la orden de pago cada vez.",,
258,"Not by itself. Spreading payments helps your cash flow and increases the period over which you are exposed to the build completing. Which matters more depends on your own position, not on the shape of the schedule.","No por sí mismo. Repartir los pagos ayuda a su tesorería y alarga el periodo en que está expuesto a que la obra se termine. Cuál pesa más depende de su situación, no de la forma del calendario.",,
259,"How much does property cost in Marbella?","¿Cuánto cuesta una vivienda en Marbella?",,
260,"How much does property cost in Estepona?","¿Cuánto cuesta una vivienda en Estepona?",,
261,"How much does property cost in Casares?","¿Cuánto cuesta una vivienda en Casares?",,
262,"How much does property cost in Benahavís?","¿Cuánto cuesta una vivienda en Benahavís?",,
263,"How much does property cost in Nueva Andalucía?","¿Cuánto cuesta una vivienda en Nueva Andalucía?",,
264,"How much does property cost in Mijas and Fuengirola?","¿Cuánto cuesta una vivienda en Mijas y Fuengirola?",,
265,"How much does property cost in San Pedro de Alcántara?","¿Cuánto cuesta una vivienda en San Pedro de Alcántara?",,
266,"It depends on what you are paying for. Guadalmina Baja and the beachside strip between the A-7 and the sea carry the highest prices and the shortest walk to the sand. Guadalmina Alta and the pueblo cost materially less and give you the town instead. Which side of the A-7 you end up on changes daily life more than the price gap suggests.","Depende de qué esté pagando. Guadalmina Baja y la franja junto a la playa, entre la A-7 y el mar, son las más caras y las que dejan la arena más cerca a pie. Guadalmina Alta y el casco urbano cuestan bastante menos y, a cambio, le dan el pueblo. A qué lado de la A-7 acabe cambia la vida diaria más de lo que sugiere la diferencia de precio.",,
267,"The NIE","El NIE",,
268,"Power of Attorney","Poder notarial",,
269,"How off-plan payments are staged","Cómo se escalonan los pagos sobre plano",,
270,"When do I need the NIE?","¿Cuándo necesito el NIE?",,
271,"Do I need a Spanish bank account to buy?","¿Necesito una cuenta bancaria española para comprar?",,
272,"Why is my lawyer asking where my money came from?","¿Por qué mi abogado pregunta de dónde procede mi dinero?",,
273,"Can my lawyer apply for the NIE for me?","¿Puede mi abogado solicitar el NIE por mí?",,
274,"Does buying property in Spain make me a tax resident?","¿Comprar una vivienda en España me convierte en residente fiscal?",,
275,"A tax identifier for foreign nationals, required for the purchase to be registered in your name. Not a residence permit, and not a declaration of tax residency.","Un identificador fiscal para extranjeros, necesario para que la compra se inscriba a su nombre. No es un permiso de residencia ni una declaración de residencia fiscal.",,
276,"Before the private purchase contract, which on an off-plan purchase comes weeks after reservation rather than months.","Antes del contrato privado de compraventa, que en una compra sobre plano llega semanas después de la reserva, no meses.",,
277,"You, in person, or a representative holding a power of attorney that covers it. Both routes are ordinary; the choice is usually about timing.","Usted, en persona, o un representante con un poder que lo contemple. Ambas vías son habituales; la elección suele ser de plazos.",,
278,"Before a Spanish notary, in one appointment, usually on the same trip as a viewing.","Ante notario español, en una sola cita, normalmente en el mismo viaje que una visita.",,
279,"Before a notary where you live, then legalised for use in Spain and translated. Plan for it rather than around it.","Ante notario en su país, y después legalizado para su uso en España y traducido. Planifíquelo, no lo esquive.",,
280,"Yes, with a power of attorney authorising someone in Spain to sign for you. It is ordinary practice rather than a workaround. Whether it is the right choice is a separate question, and it usually turns on whether you have seen the setting rather than on the paperwork.","Sí, con un poder que autorice a alguien en España a firmar por usted. Es práctica habitual, no un atajo. Si es la decisión correcta es otra cuestión, y suele depender de si ha visto el entorno más que del papeleo.",,
281,"Before the private purchase contract, not at the deed. On an off-plan purchase that contract follows the reservation by a matter of weeks, so the application is worth starting as soon as you reserve rather than once the contract is drafted.","Antes del contrato privado de compraventa, no en la escritura. En una compra sobre plano ese contrato llega pocas semanas después de la reserva, así que conviene iniciar la solicitud al reservar y no cuando el contrato ya está redactado.",,
282,"Not to complete the purchase itself. You will want one afterwards, because community fees, IBI and utilities are collected by direct debit from a Spanish account. Opening one requires an NIE, which is why the two run in that order.","No para formalizar la compra en sí. La querrás después, porque las cuotas de comunidad, el IBI y los suministros se domicilian en una cuenta española. Abrirla exige el NIE, y por eso ambos trámites van en ese orden.",,
283,"Because they are required to establish it, as are the notary and the bank. It applies to every buyer and says nothing about you. The only real risk is leaving it late, since the evidence often has to come from an institution in another country on their schedule rather than yours.","Porque está obligado a acreditarlo, igual que el notario y el banco. Se aplica a todos los compradores y no dice nada de usted. El único riesgo real es dejarlo para el final, porque la documentación suele tener que venir de una entidad de otro país y a su ritmo, no al suyo.",,
284,"A representative holding a power of attorney that covers it can apply on your behalf. Which route is faster, that or an appointment at your own consulate, depends on the consulate rather than on any general rule, so it is worth asking before choosing.","Un representante con un poder que lo contemple puede solicitarlo en su nombre. Cuál vía es más rápida, esa o una cita en su consulado, depende del consulado y no de ninguna regla general, así que conviene preguntar antes de elegir.",,
285,"No. An NIE is an identifier, not a residence permit, and owning a home does not by itself make you resident. Tax residency turns on your own circumstances and is a question for a tax adviser rather than for a property page.","No. El NIE es un identificador, no un permiso de residencia, y ser propietario no le convierte por sí solo en residente. La residencia fiscal depende de sus circunstancias y es una cuestión para un asesor fiscal, no para una página inmobiliaria.",,
286,"Comparing projects, reviewing floorplans and prices, even a private presentation of a development, all happen remotely. What cannot happen by email is the part that involves the Spanish state and your bank: a tax number, a signature the notary will accept, and money that arrives from a source you can evidence. Each of those has a lead time, and each of them delays a purchase when it is started late rather than early.","Comparar promociones, revisar planos y precios, incluso una presentación privada de un proyecto: todo eso ocurre a distancia. Lo que no ocurre por correo es la parte que implica al Estado español y a su banco: un número fiscal, una firma que el notario acepte y un dinero que llegue de un origen que pueda acreditar. Cada una de esas cosas tiene un plazo, y cada una retrasa la compra cuando se empieza tarde en lugar de pronto.",,
287,"An NIE, N&uacute;mero de Identificaci&oacute;n de Extranjero, is a tax identification number required for any property purchase in Spain by a non-Spanish national. It is not a residence permit and it does not make you a tax resident. It is an identifier, and without one the purchase cannot be registered in your name.","El NIE, Número de Identificación de Extranjero, es un número de identificación fiscal necesario para cualquier compra de inmueble en España por parte de un no español. No es un permiso de residencia ni le convierte en residente fiscal. Es un identificador, y sin él la compra no puede inscribirse a su nombre.",,
288,"It is needed before you sign the private purchase contract, not at the deed, which is earlier than most buyers assume. Applications are made in person, either at a Spanish consulate in your own country or in Spain, and a representative acting under a power of attorney can apply on your behalf. Which of those routes is quickest depends on your consulate rather than on any general rule, so the sequence to follow is: ask what your consulate currently requires, then start.","Hace falta antes de firmar el contrato privado de compraventa, no en la escritura, lo que es antes de lo que la mayoría supone. La solicitud se hace en persona, en un consulado español de su país o en España, y un representante con poder puede presentarla por usted. Cuál de esas vías es más rápida depende de su consulado y no de una regla general, así que el orden es: pregunta qué exige hoy su consulado y empieza.",,
289,"A power of attorney, a poder , authorises someone in Spain to act for you within limits you set. In a property purchase that is usually your lawyer, and it is what allows a contract to be signed and a deed to be completed while you are elsewhere. It is the single document that decides whether the purchase needs you in the country.","Un poder notarial, un poder , autoriza a alguien en España a actuar por usted dentro de los límites que fije. En una compra suele ser su abogado, y es lo que permite firmar un contrato y otorgar la escritura mientras usted está en otro sitio. Es el único documento que decide si la compra le necesita en el país.",,
290,"Spanish banks, notaries and lawyers are required to establish the origin of the funds in a property purchase. This is routine, it applies to everyone, and it is not a judgement about you. It becomes a problem only when it is left until the week of the deed, because the evidence often has to come from institutions in another country and on their timetable.","Los bancos, notarios y abogados españoles están obligados a acreditar el origen de los fondos en una compra inmobiliaria. Es rutinario, se aplica a todos y no es un juicio sobre usted. Solo se convierte en problema cuando se deja para la semana de la escritura, porque la documentación suele venir de entidades de otro país y según su calendario.",,
291,"The practical version: whatever the money's history is, it should be documentable from the account it leaves. A sale, a transfer between your own accounts, an inheritance, a bonus. Assemble that early, and the question is answered when it is asked rather than sending you back to a bank abroad at the worst possible moment.","La versión práctica: sea cual sea el historial del dinero, debe poder documentarse desde la cuenta de la que sale. Una venta, un traspaso entre cuentas propias, una herencia, un bonus. Reúnalo pronto y la pregunta queda respondida cuando se formula, en vez de mandarle de vuelta a un banco extranjero en el peor momento posible.",,
292,"With a power of attorney in place, a purchase can complete without you setting foot in Spain. That is worth knowing, and it is not always worth doing. Two moments repay a trip more than any document does.","Con un poder otorgado, una compra puede completarse sin que pise España. Conviene saberlo, y no siempre conviene hacerlo. Hay dos momentos que compensan un viaje más que cualquier documento.",,
293,"This page describes how a purchase from abroad is structured, not the current paperwork of any one consulate. Requirements, appointment availability and the exact documents differ between countries and change without much notice, and the only reliable version is the one your own consulate publishes today. Nueva Living confirms what a specific purchase requires and coordinates the sequence with your lawyer.","Esta página describe cómo se estructura una compra desde el extranjero, no el papeleo actual de ningún consulado concreto. Los requisitos, la disponibilidad de cita y los documentos exactos varían entre países y cambian con poco aviso, y la única versión fiable es la que su propio consulado publica hoy. Nueva Living confirme qué exige una compra concreta y coordina el orden con su abogado.",,
294,"Two things matter here and they are separate. The first is where the money goes. On an off-plan purchase, payments made before completion must reach the special account named in your contract, not a general company account. That is a legal requirement rather than an administrative preference, and it is covered in full in","Aquí importan dos cosas y son distintas. La primera es adónde va el dinero. En una compra sobre plano, los pagos anteriores a la entrega deben llegar a la cuenta especial designada en su contrato, no a una cuenta general de la empresa. Es una exigencia legal y no una preferencia administrativa, y se explica por completo en",,
295,"The second is what it costs to get there. A staged purchase paid from a currency other than the euro is a series of conversions rather than one, spread across the build, and the schedule says nothing about that.","La segunda es lo que cuesta que llegue. Una compra escalonada pagada en una moneda distinta del euro es una serie de conversiones, no una sola, repartidas a lo largo de la obra, y el calendario no dice nada de eso.",,
296,"A Spanish bank account is not strictly required to complete a purchase, which surprises people. It becomes necessary afterwards, because community fees, IBI and utilities are collected by direct debit from a Spanish account. Opening one takes an NIE, so the sequence runs in the order this page does.","Una cuenta bancaria española no es estrictamente necesaria para formalizar la compra, y eso sorprende. Se vuelve necesaria después, porque las cuotas de comunidad, el IBI y los suministros se domicilian en una cuenta española. Abrirla exige el NIE, así que la secuencia va en el mismo orden que esta página.",,
297,"Buying from Abroad: NIE and Power of Attorney","Comprar desde el extranjero: NIE y poderes",,
298,"Bank Guarantees Explained","Las garantías bancarias, explicadas",,
299,"Off-Plan Payment Schedules","Calendarios de pago sobre plano",,
300,"What a purchase actually needs you present for: when the NIE is required, what a power of attorney covers, and how the money reaches the developer.","Para qué hace falta estar presente de verdad: cuándo se necesita el NIE, qué cubre un poder notarial y cómo llega el dinero al promotor.",,
301,"What actually protects an off-plan deposit under Spanish law, and the point in the timeline at which the statutory guarantee has not started yet.","Qué protege realmente una entrega a cuenta sobre plano según la ley española, y el momento del proceso en que la garantía legal todavía no ha empezado.",,
302,"The staged payment structures the developers on this site have supplied in writing, from reservation through to the balance at deed.","Las estructuras de pago escalonado que los promotores de esta web han facilitado por escrito, desde la reserva hasta el resto en la escritura.",,
303,"Figures reflect currently published developments matching this search and are reconfirmed by Nueva Living before any viewing or reservation.","Las cifras reflejan las promociones actualmente publicadas que coinciden con esta búsqueda, y Nueva Living las reconfirma antes de cualquier visita o reserva.",,
304,"Nueva Living confirms current availability, price list and payment terms directly with the developer.","Nueva Living confirme directamente con el promotor la disponibilidad actual, la lista de precios y las condiciones de pago.",,
305,"Usually, yes. Service charges are typically calculated on built size or a fixed per-unit share, and a penthouse’s larger terrace or solarium generally puts it in a higher share than a mid-floor apartment in the same building. Nueva Living confirms the exact community fee structure for any development before you reserve.","Por lo general, sí. Los gastos de comunidad suelen calcularse según la superficie construida o una cuota fija por unidad, y la mayor terraza o solárium de un ático suele situarlo en una cuota superior a la de un apartamento en planta intermedia del mismo edificio. Nueva Living confirme la estructura exacta de gastos de comunidad de cualquier promoción antes de que reserves.",,
306,"New-build apartments and penthouses here are typically sold off-plan or under construction, with staged payments through to completion. Nueva Living reconfirms the current price list, floorplans and payment schedule for any development before you shortlist it.","Aquí, los apartamentos y áticos de obra nueva suelen venderse sobre plano o en construcción, con pagos escalonados hasta la entrega. Nueva Living reconfirma la lista de precios actual, los planos y el calendario de pagos de cualquier promoción antes de incluirla en su selección.",,
307,"Most current releases are off-plan or under construction, sold with staged payments.","La mayoría de los lanzamientos actuales están sobre plano o en construcción, con pagos escalonados.",,
308,"Current releases are off-plan, sold with staged payments through to completion.","Los lanzamientos actuales están sobre plano, con pagos escalonados hasta la entrega.",,
309,"New-build apartments and penthouses here are typically sold off-plan, with staged payments through to completion. Nueva Living reconfirms the current price list, floorplans and payment schedule for any development before you shortlist it.","Aquí, los apartamentos y áticos de obra nueva suelen venderse sobre plano, con pagos escalonados hasta la entrega. Nueva Living reconfirma la lista de precios actual, los planos y el calendario de pagos de cualquier promoción antes de incluirla en su selección.",,
310,"Current releases are under construction, sold with staged payments through to completion.","Los lanzamientos actuales están en construcción, con pagos escalonados hasta la entrega.",,
311,"What a new-build in Andalucia costs on top of the price: IVA at 10%, AJD at 1.2%, and the notary, registry and legal fees around them.","Lo que cuesta una obra nueva en Andalucía por encima del precio: IVA del 10%, AJD del 1,2% y los gastos de notaría, registro y abogado que los acompañan.",,
312,"New-Build Purchase Costs","Costes de compra de obra nueva",,
313,"How buying off-plan and buying a completed resale home actually compare, across price, risk, payment terms and appreciation.","Cómo se comparan realmente comprar sobre plano y comprar una vivienda de reventa ya terminada, en cuanto a precio, riesgo, condiciones de pago y revalorización.",,
314,"Spanish banks lend differently to non-resident buyers than to Spanish residents. Where a resident might get financing up to 80% of a property's value, non-residents are typically capped closer to 70%, and the exact rate, term and how much of your income counts all vary by bank and by your personal financial profile. On top of the mortgage itself, budget for taxes and purchase costs &mdash; transfer tax or VAT, notary, land registry and legal fees &mdash; which typically add another 10-13% on top of the purchase price in Spain.","Los bancos españoles conceden financiación de forma distinta a los compradores no residentes que a los residentes en España. Mientras que un residente puede obtener financiación de hasta el 80% del valor de la propiedad, los no residentes suelen tener un límite más cercano al 70%, y el tipo exacto, el plazo y qué parte de sus ingresos se tiene en cuenta varían según el banco y su perfil financiero personal. Además de la propia hipoteca, prevé un presupuesto para impuestos y gastos de compra &mdash; impuesto de transmisiones o IVA, notaría, registro de la propiedad y honorarios legales &mdash;, que normalmente añaden otro 10-13% sobre el precio de compra en España.",,
315,"Use the calculator below for a realistic starting estimate of your deposit, monthly payment and total cost of buying, based on typical non-resident lending terms. It is a planning tool, not a mortgage offer &mdash; Nueva Living and your mortgage broker will confirm the real numbers once you have a specific property in mind.","Utiliza la calculadora a continuación para obtener una estimación inicial realista de su entrada, su cuota mensual y el coste total de la compra, basada en condiciones de financiación habituales para no residentes. Es una herramienta de planificación, no una oferta hipotecaria &mdash; Nueva Living y su intermediario hipotecario confirmarán las cifras reales una vez que tengas en mente una propiedad concreta.",,
316,"Set to 30% by default &mdash; as a non-Spanish resident, lenders typically finance up to 70% of the property value. Your own maximum will depend on your bank and financial profile.","Establecido en 30% por defecto &mdash; como no residente en España, las entidades suelen financiar hasta el 70% del valor de la propiedad. Su máximo personal dependerá de su banco y de su perfil financiero.",,
317,"Mortgage term","Plazo de la hipoteca",,
318,"Taxes &amp; purchase costs","Impuestos y gastos de compra",,
319,"Indicative only &mdash; ITP/VAT, notary, registry and legal fees vary by case. Confirm exact costs with your lawyer.","Solo orientativo &mdash; el ITP/IVA, la notaría, el registro y los honorarios legales varían según el caso. Confirme los costes exactos con su abogado.",,
320,"Estimated monthly payment","Cuota mensual estimada",,
321,"Cash needed without a mortgage","Efectivo necesario sin hipoteca",,
322,"Cash needed with a mortgage (deposit + costs)","Efectivo necesario con hipoteca (entrada + gastos)",,
323,"Mortgage principal","Principal de la hipoteca",,
324,"Current releases are off-plan or under construction, sold with staged payments through to completion.","Las promociones actuales son sobre plano o están en construcción, y se venden con pagos escalonados hasta la entrega.",,
325,"What you trade is prestige, not access. Malaga airport is closer from here than it is from Marbella, the train line runs to Fuengirola, and the golf courses at Mijas sit minutes inland. Current releases here are under construction or off-plan with staged payments, and Nueva Living reconfirms the price list, floorplans and payment schedule before you shortlist anything.","Lo que se cede es prestigio, no accesibilidad. El aeropuerto de Málaga queda más cerca desde aquí que desde Marbella, el tren llega a Fuengirola y los campos de golf de Mijas están a minutos hacia el interior. Las promociones actuales están en construcción o sobre plano con pagos escalonados, y Nueva Living reconfirma la lista de precios, los planos y el calendario de pagos antes de que preselecciones nada.",,
326,"Every current release is under construction or off-plan, sold with staged payments through to completion.","Todas las promociones actuales están en construcción o sobre plano, con pagos escalonados hasta la entrega.",,
327,"Land costs less on this stretch than it does between Marbella and Estepona, and that carries through to the finished price rather than reflecting a difference in build quality. Current releases here run from around EUR 390,000, against EUR 527,500 for the equivalent in Marbella.","El suelo cuesta menos en este tramo que entre Marbella y Estepona, y eso se traslada al precio final sin que refleje una diferencia de calidad constructiva. Las promociones actuales arrancan aquí en torno a 390.000 €, frente a 527.500 € por el equivalente en Marbella.",,
328,"The largest terrace or solarium in the building and the best of the sea or golf view, at a premium over a mid-floor unit. On this coast a penthouse still frequently lands under what a mid-floor apartment costs further west.","La mayor terraza o solárium del edificio y las mejores vistas al mar o al golf, con una prima sobre una planta intermedia. En esta costa un ático sigue quedando a menudo por debajo de lo que cuesta un piso intermedio más al oeste.",,
329,"It is also unusually mixed. Within a few minutes of each other you will find beachside apartment releases from EUR 695,000 and golf-side villa collections up to EUR 3,500,000, which is why this page covers both rather than splitting them. Every current release here is off-plan or under construction with staged payments.","También es inusualmente mixta. A pocos minutos unos de otros conviven apartamentos junto a la playa desde 695.000 € y colecciones de villas junto al golf hasta 3.500.000 €, y por eso esta página cubre ambos en lugar de separarlos. Todas las promociones actuales están sobre plano o en construcción con pagos escalonados.",,
330,"All current releases are off-plan or under construction, sold with staged payments through to completion.","Todas las promociones actuales están sobre plano o en construcción, con pagos escalonados hasta la entrega.",,
331,"Almost all of it falls within the municipality of Estepona, with the Bel Air end closest to the Marbella boundary. For practical purposes -- taxes, licences, town hall -- treat it as Estepona.","Casi toda pertenece al municipio de Estepona, con el extremo de Bel Air como el más cercano al límite de Marbella. A efectos prácticos —impuestos, licencias, ayuntamiento— trátala como Estepona.",,
332,"They are different in kind rather than degree. An apartment carries a community charge covering shared pools, gardens and lighting. A villa usually carries a smaller community charge but takes on its own pool and garden maintenance directly, which often costs more in total once you add it up.","Son distintos en naturaleza más que en cuantía. Un apartamento paga una cuota de comunidad que cubre piscinas, jardines e iluminación comunes. Una villa suele tener una cuota menor pero asume directamente el mantenimiento de su piscina y su jardín, que sumado suele costar más.",,
333,"It also holds the largest concentration of new-build stock on this side of Marbella. The three current releases here run from EUR 690,000, which is roughly where Marbella starts, and they cover apartments, townhouses and villas rather than one format. All are under construction or off-plan with staged payments.","También concentra la mayor oferta de obra nueva de este lado de Marbella. Las tres promociones actuales arrancan en 690.000 €, que es más o menos donde empieza Marbella, y cubren apartamentos, adosados y villas en lugar de un solo formato. Todas están en construcción o sobre plano con pagos escalonados.",,
334,">Mortgage Calculator",">Calculadora hipotecaria",,
335,">Legal Notice",">Aviso legal",,
336,"Information presented on this website is for general marketing purposes only and does not constitute legal, financial or investment advice. Development details, prices and delivery dates are subject to change without notice.","La información presentada en este sitio web tiene únicamente fines comerciales generales y no constituye asesoramiento legal, financiero ni de inversión. Los detalles de las promociones, precios y fechas de entrega pueden cambiar sin previo aviso.",,
337,"Completion soonest","Entrega más próxima",,
338,"Which homes are available, their reservation status, current prices and expected delivery.","Qué viviendas están disponibles, su estado de reserva, precios actuales y entrega prevista.",,
